  Threads set to 8 by Python driver.

  Memory set to  22.352 GiB by Python driver.

Scratch directory: /tmp/
gradient() will perform analytic gradient computation.
   => Libint2 <=

    Primary   basis highest AM E, G, H:  6, 6, 3
    Auxiliary basis highest AM E, G, H:  7, 7, 4
    Onebody   basis highest AM E, G, H:  -, -, -
    Solid Harmonics ordering:            Gaussian

*** tstart() called on gunsnroses
*** at Thu Jan 23 19:43:41 2025

   => Loading Basis Set <=

    Name: 6-31G**
    Role: ORBITAL
    Keyword: BASIS
    atoms 1, 5                   entry N          line   132 file /home/joaopedroval/miniforge3/envs/PubChem/share/psi4/basis/6-31gss.gbs 
    atoms 2-4, 6-7, 10-15, 18-22 entry C          line   115 file /home/joaopedroval/miniforge3/envs/PubChem/share/psi4/basis/6-31gss.gbs 
    atoms 8-9, 17                entry O          line   149 file /home/joaopedroval/miniforge3/envs/PubChem/share/psi4/basis/6-31gss.gbs 
    atoms 16                     entry CL         line   344 file /home/joaopedroval/miniforge3/envs/PubChem/share/psi4/basis/6-31gss.gbs 
    atoms 23-37                  entry H          line    44 file /home/joaopedroval/miniforge3/envs/PubChem/share/psi4/basis/6-31gss.gbs 


         ---------------------------------------------------------
                                   SCF
               by Justin Turney, Rob Parrish, Andy Simmonett
                          and Daniel G. A. Smith
                              RHF Reference
                        8 Threads,  22888 MiB Core
         ---------------------------------------------------------

  ==> Geometry <==

    Molecular point group: c1
    Full point group: C1

    Geometry (in Angstrom), charge = 0, multiplicity = 1:

       Center              X                  Y                   Z               Mass       
    ------------   -----------------  -----------------  -----------------  -----------------
         N           -2.170144065899     2.225364326177    -0.792977595480    14.003074004430
         C           -1.989764891886     0.923103572805    -0.640091473145    12.000000000000
         C           -3.080395726683     0.054113270680    -0.714958154278    12.000000000000
         C           -4.308659404329     0.621389215114    -0.973096290278    12.000000000000
         N           -4.478009381867     1.921423249523    -1.133197860230    14.003074004430
         C           -3.393872265206     2.655068550442    -1.027479933536    12.000000000000
         C           -5.557318618856    -0.219390320098    -1.075682306068    12.000000000000
         O           -6.639679537294     0.204643298705    -1.285623994960    15.994914619570
         O           -5.306093019289    -1.513917943926    -0.902424010195    15.994914619570
         C           -0.607300169430     0.452796712960    -0.380138357816    12.000000000000
         C           -0.222599403911    -0.864848641958    -0.572454010696    12.000000000000
         C            1.073585306246    -1.281499221577    -0.323695493180    12.000000000000
         C            2.030794725499    -0.383405072629     0.130679915152    12.000000000000
         C            1.641810029875     0.947573737866     0.322312916112    12.000000000000
         C            0.356069258267     1.357614184279     0.066228742737    12.000000000000
         CL           2.803914057856     2.109588074883     0.891176674078    34.968852682000
         O            3.304200723526    -0.685729846797     0.382636327618    15.994914619570
         C            3.811371773828    -2.008850114415     0.260495226995    12.000000000000
         C            5.331297788963    -1.899642613759     0.330246396358    12.000000000000
         C            5.670871872321    -1.830352965983     1.841928609523    12.000000000000
         C            4.368605463614    -2.221293213404     2.580948100171    12.000000000000
         C            3.471874932711    -2.836065250356     1.498477981048    12.000000000000
         H           -2.986612368361    -0.999732952890    -0.562746627518     1.007825032230
         H           -3.515076218690     3.716418372159    -1.148582468833     1.007825032230
         H           -6.124619828692    -1.986595839483    -0.975802466770     1.007825032230
         H           -0.922607800229    -1.591671460914    -0.940554080676     1.007825032230
         H            1.329541810112    -2.308934937768    -0.488290668181     1.007825032230
         H            0.090050102615     2.385340533300     0.212661677954     1.007825032230
         H            3.472958989161    -2.438662487071    -0.674980195259     1.007825032230
         H            5.756142303918    -2.795871776060    -0.111609887694     1.007825032230
         H            5.688683777289    -1.052730453067    -0.240855213537     1.007825032230
         H            6.002255884687    -0.841624125010     2.134129855876     1.007825032230
         H            6.478748977496    -2.513917828522     2.078985647039     1.007825032230
         H            3.889751671359    -1.336635007490     2.984332054940     1.007825032230
         H            4.543645371637    -2.899167351453     3.408740577547     1.007825032230
         H            2.418836749733    -2.823682917077     1.754322624687     1.007825032230
         H            3.754203371766    -3.868881005142     1.303605206488     1.007825032230

  Running in c1 symmetry.

  Rotational constants: A =      0.02082  B =      0.00339  C =      0.00300 [cm^-1]
  Rotational constants: A =    624.27338  B =    101.50239  C =     89.99614 [MHz]
  Nuclear repulsion = 1808.438730885688074

  Charge       = 0
  Multiplicity = 1
  Electrons    = 166
  Nalpha       = 83
  Nbeta        = 83

  ==> Algorithm <==

  SCF Algorithm Type is DF.
  DIIS enabled.
  MOM disabled.
  Fractional occupation disabled.
  Guess Type is SAD.
  Energy threshold   = 1.00e-08
  Density threshold  = 1.00e-08
  Integral threshold = 1.00e-12

  ==> Primary Basis <==

  Basis Set: 6-31G**
    Blend: 6-31G**
    Number of shells: 179
    Number of basis functions: 409
    Number of Cartesian functions: 409
    Spherical Harmonics?: false
    Max angular momentum: 2

   => Loading Basis Set <=

    Name: (6-31G** AUX)
    Role: JKFIT
    Keyword: DF_BASIS_SCF
    atoms 1, 5                   entry N          line   171 file /home/joaopedroval/miniforge3/envs/PubChem/share/psi4/basis/cc-pvdz-jkfit.gbs 
    atoms 2-4, 6-7, 10-15, 18-22 entry C          line   121 file /home/joaopedroval/miniforge3/envs/PubChem/share/psi4/basis/cc-pvdz-jkfit.gbs 
    atoms 8-9, 17                entry O          line   221 file /home/joaopedroval/miniforge3/envs/PubChem/share/psi4/basis/cc-pvdz-jkfit.gbs 
    atoms 16                     entry CL         line   667 file /home/joaopedroval/miniforge3/envs/PubChem/share/psi4/basis/cc-pvdz-jkfit.gbs 
    atoms 23-37                  entry H          line    51 file /home/joaopedroval/miniforge3/envs/PubChem/share/psi4/basis/cc-pvdz-jkfit.gbs 

  ==> Integral Setup <==

  DFHelper Memory: AOs need 1.743 GiB; user supplied 16.764 GiB. 
  Using in-core AOs.

  ==> MemDFJK: Density-Fitted J/K Matrices <==

    J tasked:                   Yes
    K tasked:                   Yes
    wK tasked:                   No
    OpenMP threads:               8
    Memory [MiB]:             17166
    Algorithm:                 Core
    Schwarz Cutoff:           1E-12
    Mask sparsity (%):      39.6447
    Fitting Condition:        1E-10

   => Auxiliary Basis Set <=

  Basis Set: (6-31G** AUX)
    Blend: CC-PVDZ-JKFIT
    Number of shells: 675
    Number of basis functions: 2206
    Number of Cartesian functions: 2206
    Spherical Harmonics?: false
    Max angular momentum: 3

  Minimum eigenvalue in the overlap matrix is 3.5480415395E-04.
  Reciprocal condition number of the overlap matrix is 4.4011605646E-05.
    Using symmetric orthogonalization.

  ==> Pre-Iterations <==

  SCF Guess: Superposition of Atomic Densities via on-the-fly atomic UHF (no occupation information).

   -------------------------
    Irrep   Nso     Nmo    
   -------------------------
     A        409     409 
   -------------------------
    Total     409     409
   -------------------------

  ==> Iterations <==

                           Total Energy        Delta E     RMS |[F,P]|

   @DF-RHF iter SAD: -1406.79907518353207   -1.40680e+03   0.00000e+00 
   @DF-RHF iter   1: -1407.24428931861030   -4.45214e-01   2.07177e-03 DIIS/ADIIS
   @DF-RHF iter   2: -1407.54752775311249   -3.03238e-01   1.16726e-03 DIIS/ADIIS
   @DF-RHF iter   3: -1407.63474622387071   -8.72185e-02   2.61041e-04 DIIS/ADIIS
   @DF-RHF iter   4: -1407.64163487980318   -6.88866e-03   1.06293e-04 DIIS/ADIIS
   @DF-RHF iter   5: -1407.64264858340948   -1.01370e-03   2.22047e-05 DIIS
   @DF-RHF iter   6: -1407.64274075300364   -9.21696e-05   9.82437e-06 DIIS
   @DF-RHF iter   7: -1407.64276095679611   -2.02038e-05   4.47171e-06 DIIS
   @DF-RHF iter   8: -1407.64276530504594   -4.34825e-06   1.77696e-06 DIIS
   @DF-RHF iter   9: -1407.64276610277625   -7.97730e-07   7.03648e-07 DIIS
   @DF-RHF iter  10: -1407.64276622829175   -1.25515e-07   2.67852e-07 DIIS
   @DF-RHF iter  11: -1407.64276625228490   -2.39932e-08   1.29960e-07 DIIS
   @DF-RHF iter  12: -1407.64276625734965   -5.06475e-09   5.99150e-08 DIIS
   @DF-RHF iter  13: -1407.64276625841967   -1.07002e-09   2.34726e-08 DIIS
   @DF-RHF iter  14: -1407.64276625861476   -1.95087e-10   1.10501e-08 DIIS
   @DF-RHF iter  15: -1407.64276625864932   -3.45608e-11   4.44013e-09 DIIS
  Energy and wave function converged.


  ==> Post-Iterations <==

    Orbital Energies [Eh]
    ---------------------

    Doubly Occupied:                                                      

       1A   -104.822866     2A    -20.631046     3A    -20.603325  
       4A    -20.567506     5A    -15.581898     6A    -15.580996  
       7A    -11.399347     8A    -11.329778     9A    -11.318279  
      10A    -11.317944    11A    -11.313790    12A    -11.299671  
      13A    -11.298149    14A    -11.263392    15A    -11.259974  
      16A    -11.258198    17A    -11.255798    18A    -11.248985  
      19A    -11.230433    20A    -11.227058    21A    -11.222582  
      22A    -11.222024    23A    -10.555837    24A     -8.025299  
      25A     -8.021876    26A     -8.021842    27A     -1.493778  
      28A     -1.437762    29A     -1.384954    30A     -1.336535  
      31A     -1.223597    32A     -1.193844    33A     -1.134960  
      34A     -1.128879    35A     -1.097997    36A     -1.040602  
      37A     -1.011318    38A     -0.980100    39A     -0.976930  
      40A     -0.948349    41A     -0.914005    42A     -0.874982  
      43A     -0.851860    44A     -0.817425    45A     -0.793793  
      46A     -0.788107    47A     -0.754247    48A     -0.735633  
      49A     -0.729553    50A     -0.706010    51A     -0.688078  
      52A     -0.675728    53A     -0.670579    54A     -0.664158  
      55A     -0.655384    56A     -0.649474    57A     -0.635905  
      58A     -0.628217    59A     -0.616109    60A     -0.597676  
      61A     -0.595336    62A     -0.590633    63A     -0.578440  
      64A     -0.562564    65A     -0.552491    66A     -0.532083  
      67A     -0.525475    68A     -0.507241    69A     -0.497845  
      70A     -0.490603    71A     -0.482159    72A     -0.478416  
      73A     -0.476760    74A     -0.474318    75A     -0.471007  
      76A     -0.465456    77A     -0.459706    78A     -0.447393  
      79A     -0.428635    80A     -0.421356    81A     -0.391317  
      82A     -0.349360    83A     -0.313274  

    Virtual:                                                              

      84A      0.059177    85A      0.090945    86A      0.123086  
      87A      0.169267    88A      0.203007    89A      0.215188  
      90A      0.221408    91A      0.240106    92A      0.243307  
      93A      0.243867    94A      0.265075    95A      0.290105  
      96A      0.292588    97A      0.295161    98A      0.309971  
      99A      0.317885   100A      0.321032   101A      0.325803  
     102A      0.333901   103A      0.336801   104A      0.345821  
     105A      0.352728   106A      0.363179   107A      0.380425  
     108A      0.388091   109A      0.396936   110A      0.399825  
     111A      0.413805   112A      0.418788   113A      0.429902  
     114A      0.445012   115A      0.449835   116A      0.467883  
     117A      0.483176   118A      0.492410   119A      0.504360  
     120A      0.509794   121A      0.518748   122A      0.525145  
     123A      0.540577   124A      0.568478   125A      0.583693  
     126A      0.594743   127A      0.628692   128A      0.638353  
     129A      0.643233   130A      0.656519   131A      0.666735  
     132A      0.693739   133A      0.710139   134A      0.713042  
     135A      0.722448   136A      0.735350   137A      0.737808  
     138A      0.743782   139A      0.749471   140A      0.751107  
     141A      0.754182   142A      0.772772   143A      0.777949  
     144A      0.793632   145A      0.802312   146A      0.806626  
     147A      0.813780   148A      0.825640   149A      0.829395  
     150A      0.838304   151A      0.852096   152A      0.859713  
     153A      0.875226   154A      0.883954   155A      0.890841  
     156A      0.891923   157A      0.907579   158A      0.914921  
     159A      0.917618   160A      0.922889   161A      0.932232  
     162A      0.938025   163A      0.951855   164A      0.957644  
     165A      0.965227   166A      0.975874   167A      0.982283  
     168A      0.991365   169A      1.012606   170A      1.023295  
     171A      1.026644   172A      1.035219   173A      1.041391  
     174A      1.052798   175A      1.060654   176A      1.067988  
     177A      1.071281   178A      1.076321   179A      1.083637  
     180A      1.097638   181A      1.101750   182A      1.110061  
     183A      1.114982   184A      1.125649   185A      1.129207  
     186A      1.138200   187A      1.141358   188A      1.150979  
     189A      1.154764   190A      1.158170   191A      1.161901  
     192A      1.166637   193A      1.175852   194A      1.179332  
     195A      1.188341   196A      1.195056   197A      1.199112  
     198A      1.207131   199A      1.212677   200A      1.217818  
     201A      1.225317   202A      1.242387   203A      1.262680  
     204A      1.273147   205A      1.296993   206A      1.305825  
     207A      1.310035   208A      1.332170   209A      1.349475  
     210A      1.363297   211A      1.374566   212A      1.403698  
     213A      1.421624   214A      1.434449   215A      1.444689  
     216A      1.454522   217A      1.464452   218A      1.473423  
     219A      1.501333   220A      1.505830   221A      1.512701  
     222A      1.533212   223A      1.541478   224A      1.554204  
     225A      1.566685   226A      1.585858   227A      1.611990  
     228A      1.617312   229A      1.630053   230A      1.641777  
     231A      1.652024   232A      1.655640   233A      1.667462  
     234A      1.679408   235A      1.696725   236A      1.708153  
     237A      1.727291   238A      1.737555   239A      1.773388  
     240A      1.787594   241A      1.791195   242A      1.804065  
     243A      1.816943   244A      1.825085   245A      1.829440  
     246A      1.840047   247A      1.850690   248A      1.896316  
     249A      1.922137   250A      1.923648   251A      1.941329  
     252A      1.953029   253A      1.990937   254A      2.015024  
     255A      2.026919   256A      2.035199   257A      2.043621  
     258A      2.052838   259A      2.055337   260A      2.076313  
     261A      2.080508   262A      2.090792   263A      2.095619  
     264A      2.118152   265A      2.145557   266A      2.148890  
     267A      2.162642   268A      2.167970   269A      2.181067  
     270A      2.187709   271A      2.209499   272A      2.216321  
     273A      2.228497   274A      2.242907   275A      2.245332  
     276A      2.264701   277A      2.272731   278A      2.279013  
     279A      2.291776   280A      2.297858   281A      2.311630  
     282A      2.323676   283A      2.324612   284A      2.337215  
     285A      2.348704   286A      2.369699   287A      2.378372  
     288A      2.392382   289A      2.406330   290A      2.412857  
     291A      2.420479   292A      2.442770   293A      2.476910  
     294A      2.491998   295A      2.504115   296A      2.517988  
     297A      2.523959   298A      2.547331   299A      2.557964  
     300A      2.577908   301A      2.586537   302A      2.593445  
     303A      2.594467   304A      2.609415   305A      2.613128  
     306A      2.622546   307A      2.634474   308A      2.654116  
     309A      2.660587   310A      2.662672   311A      2.680195  
     312A      2.685696   313A      2.703125   314A      2.710423  
     315A      2.728869   316A      2.731765   317A      2.737709  
     318A      2.752199   319A      2.759127   320A      2.781593  
     321A      2.802177   322A      2.818277   323A      2.831663  
     324A      2.837466   325A      2.849953   326A      2.861246  
     327A      2.862328   328A      2.882246   329A      2.885582  
     330A      2.888383   331A      2.896023   332A      2.897148  
     333A      2.915438   334A      2.922910   335A      2.939146  
     336A      2.963564   337A      2.969038   338A      2.977399  
     339A      2.999880   340A      3.012423   341A      3.038938  
     342A      3.043240   343A      3.065979   344A      3.074248  
     345A      3.086600   346A      3.093612   347A      3.096313  
     348A      3.117184   349A      3.127200   350A      3.130733  
     351A      3.135496   352A      3.146455   353A      3.180971  
     354A      3.199806   355A      3.206450   356A      3.221743  
     357A      3.242440   358A      3.263967   359A      3.275305  
     360A      3.279741   361A      3.324878   362A      3.352647  
     363A      3.378195   364A      3.412130   365A      3.441674  
     366A      3.467003   367A      3.543812   368A      3.564936  
     369A      3.571922   370A      3.597430   371A      3.622951  
     372A      3.661796   373A      3.671601   374A      3.679800  
     375A      3.692927   376A      3.739539   377A      3.767443  
     378A      3.778357   379A      3.824159   380A      3.831118  
     381A      3.857549   382A      3.863159   383A      3.893182  
     384A      3.903528   385A      3.977484   386A      4.061403  
     387A      4.184482   388A      4.372597   389A      4.467775  
     390A      4.493214   391A      4.523357   392A      4.553047  
     393A      4.555201   394A      4.576157   395A      4.661957  
     396A      4.709547   397A      4.767177   398A      4.783532  
     399A      4.808871   400A      4.826970   401A      4.844475  
     402A      4.876723   403A      4.911892   404A      5.017011  
     405A      5.078940   406A      5.161415   407A      5.196775  
     408A      5.233464   409A      5.292182  

    Final Occupation by Irrep:
              A 
    DOCC [    83 ]
    NA   [    83 ]
    NB   [    83 ]

  @DF-RHF Final Energy: -1407.64276625864932

   => Energetics <=

    Nuclear Repulsion Energy =           1808.4387308856880736
    One-Electron Energy =               -5522.5504142805511947
    Two-Electron Energy =                2306.4689171362138040
    Total Energy =                      -1407.6427662586493170

Computation Completed


Properties will be evaluated at   0.000000,   0.000000,   0.000000 [a0]

Properties computed using the SCF density matrix


 Multipole Moments:

 ------------------------------------------------------------------------------------
     Multipole            Electronic (a.u.)      Nuclear  (a.u.)        Total (a.u.)
 ------------------------------------------------------------------------------------

 L = 1.  Multiply by 2.5417464519 to convert [e a0] to [Debye]
 Dipole X            :        -24.4420810           25.4187382            0.9766572
 Dipole Y            :         19.6956492          -21.9737427           -2.2780935
 Dipole Z            :         -7.2459112            7.3683617            0.1224505
 Magnitude           :                                                    2.4816454

 ------------------------------------------------------------------------------------

*** tstop() called on gunsnroses at Thu Jan 23 19:44:09 2025
Module time:
	user time   =     163.16 seconds =       2.72 minutes
	system time =       9.20 seconds =       0.15 minutes
	total time  =         28 seconds =       0.47 minutes
Total time:
	user time   =     163.16 seconds =       2.72 minutes
	system time =       9.20 seconds =       0.15 minutes
	total time  =         28 seconds =       0.47 minutes

*** tstart() called on gunsnroses
*** at Thu Jan 23 19:44:09 2025


         ------------------------------------------------------------
                                   SCF GRAD                          
                          Rob Parrish, Justin Turney,                
                       Andy Simmonett, and Alex Sokolov              
         ------------------------------------------------------------

  ==> Geometry <==

    Molecular point group: c1
    Full point group: C1

    Geometry (in Angstrom), charge = 0, multiplicity = 1:

       Center              X                  Y                   Z               Mass       
    ------------   -----------------  -----------------  -----------------  -----------------
         N           -2.170144065899     2.225364326177    -0.792977595480    14.003074004430
         C           -1.989764891886     0.923103572805    -0.640091473145    12.000000000000
         C           -3.080395726683     0.054113270680    -0.714958154278    12.000000000000
         C           -4.308659404329     0.621389215114    -0.973096290278    12.000000000000
         N           -4.478009381867     1.921423249523    -1.133197860230    14.003074004430
         C           -3.393872265206     2.655068550442    -1.027479933536    12.000000000000
         C           -5.557318618856    -0.219390320098    -1.075682306068    12.000000000000
         O           -6.639679537294     0.204643298705    -1.285623994960    15.994914619570
         O           -5.306093019289    -1.513917943926    -0.902424010195    15.994914619570
         C           -0.607300169430     0.452796712960    -0.380138357816    12.000000000000
         C           -0.222599403911    -0.864848641958    -0.572454010696    12.000000000000
         C            1.073585306246    -1.281499221577    -0.323695493180    12.000000000000
         C            2.030794725499    -0.383405072629     0.130679915152    12.000000000000
         C            1.641810029875     0.947573737866     0.322312916112    12.000000000000
         C            0.356069258267     1.357614184279     0.066228742737    12.000000000000
         CL           2.803914057856     2.109588074883     0.891176674078    34.968852682000
         O            3.304200723526    -0.685729846797     0.382636327618    15.994914619570
         C            3.811371773828    -2.008850114415     0.260495226995    12.000000000000
         C            5.331297788963    -1.899642613759     0.330246396358    12.000000000000
         C            5.670871872321    -1.830352965983     1.841928609523    12.000000000000
         C            4.368605463614    -2.221293213404     2.580948100171    12.000000000000
         C            3.471874932711    -2.836065250356     1.498477981048    12.000000000000
         H           -2.986612368361    -0.999732952890    -0.562746627518     1.007825032230
         H           -3.515076218690     3.716418372159    -1.148582468833     1.007825032230
         H           -6.124619828692    -1.986595839483    -0.975802466770     1.007825032230
         H           -0.922607800229    -1.591671460914    -0.940554080676     1.007825032230
         H            1.329541810112    -2.308934937768    -0.488290668181     1.007825032230
         H            0.090050102615     2.385340533300     0.212661677954     1.007825032230
         H            3.472958989161    -2.438662487071    -0.674980195259     1.007825032230
         H            5.756142303918    -2.795871776060    -0.111609887694     1.007825032230
         H            5.688683777289    -1.052730453067    -0.240855213537     1.007825032230
         H            6.002255884687    -0.841624125010     2.134129855876     1.007825032230
         H            6.478748977496    -2.513917828522     2.078985647039     1.007825032230
         H            3.889751671359    -1.336635007490     2.984332054940     1.007825032230
         H            4.543645371637    -2.899167351453     3.408740577547     1.007825032230
         H            2.418836749733    -2.823682917077     1.754322624687     1.007825032230
         H            3.754203371766    -3.868881005142     1.303605206488     1.007825032230

  Nuclear repulsion = 1808.438730885687846

  ==> Basis Set <==

  Basis Set: 6-31G**
    Blend: 6-31G**
    Number of shells: 179
    Number of basis functions: 409
    Number of Cartesian functions: 409
    Spherical Harmonics?: false
    Max angular momentum: 2

  ==> DFJKGrad: Density-Fitted SCF Gradients <==

    Gradient:                    1
    J tasked:                  Yes
    K tasked:                  Yes
    wK tasked:                  No
    OpenMP threads:              8
    Integrals threads:           8
    Memory [MiB]:            17166
    Schwarz Cutoff:          1E-12
    Fitting Condition:       1E-10

   => Auxiliary Basis Set <=

  Basis Set: (6-31G** AUX)
    Blend: CC-PVDZ-JKFIT
    Number of shells: 675
    Number of basis functions: 2206
    Number of Cartesian functions: 2206
    Spherical Harmonics?: false
    Max angular momentum: 3


  -Total Gradient:
     Atom            X                  Y                   Z
    ------   -----------------  -----------------  -----------------
       1       -0.000628758873     0.000652721629    -0.000338768272
       2       -0.000285059696    -0.000886815165     0.000295960339
       3        0.000719747034     0.000095695192     0.000230014867
       4       -0.000370693233     0.000799009086    -0.000801705308
       5       -0.000483967283    -0.000907129432     0.000229839375
       6        0.001189967081     0.000224134678     0.000331963449
       7       -0.000052857706    -0.000117468196     0.000224230184
       8       -0.000067470261     0.000074855843    -0.000039508007
       9        0.000067892793     0.000042635457     0.000012953790
      10        0.000027460537     0.000089534899    -0.000068170350
      11       -0.000193300167    -0.000067519794    -0.000029054854
      12        0.000499592590     0.000222775018     0.000033090529
      13       -0.000588350829     0.000089507861     0.000186949499
      14        0.000098053704    -0.000023176988    -0.000026513352
      15       -0.000071191950     0.000105274988    -0.000037444648
      16       -0.000041493588     0.000045616426     0.000011329417
      17        0.000139236674    -0.000053677023     0.000565453548
      18       -0.000594462217     0.000663150770     0.000202230203
      19       -0.000094234108    -0.000746797726    -0.001161268190
      20       -0.000459022727     0.000312877764     0.001171108090
      21       -0.000527852466     0.000236054649    -0.000103593468
      22        0.001491386797    -0.000080445155    -0.000071917739
      23        0.000028367060    -0.000024717148     0.000031678051
      24       -0.000063145140     0.000003735923    -0.000090227760
      25       -0.000039377649    -0.000056658471    -0.000014356613
      26       -0.000032052424     0.000010789664    -0.000038446135
      27        0.000069399253    -0.000101700522    -0.000053038932
      28        0.000010810132     0.000009841201     0.000018013973
      29       -0.000087324520     0.000275171829    -0.000282752412
      30       -0.000011365266     0.000022747694     0.000148189070
      31       -0.000323335838    -0.000759708083    -0.000782989798
      32        0.000473379740    -0.000506055435     0.000721315471
      33       -0.000047821222     0.000251167775    -0.000082453276
      34       -0.000069875799     0.000131268684    -0.000147896267
      35       -0.000065781736     0.000439599153     0.000289098790
      36        0.000027131478    -0.000189120037    -0.000126737402
      37        0.000356369830    -0.000277176993    -0.000406575855


*** tstop() called on gunsnroses at Thu Jan 23 19:44:19 2025
Module time:
	user time   =      48.04 seconds =       0.80 minutes
	system time =       4.16 seconds =       0.07 minutes
	total time  =         10 seconds =       0.17 minutes
Total time:
	user time   =     211.21 seconds =       3.52 minutes
	system time =      13.36 seconds =       0.22 minutes
	total time  =         38 seconds =       0.63 minutes

    			-----------------------------------------

    			 OPTKING 3.0: for geometry optimizations 

    			     By R.A. King, Bethel University     

    			        with contributions from          

    			    A.V. Copan, J. Cayton, A. Heide      

    			-----------------------------------------

    
	                            ===> Fragment 1 <== 

	 Z (Atomic Numbers)          Masses                          Geom                  
	       7.000000            14.003074         -4.10097794  4.20532911 -1.49851048   
	       6.000000            12.000000         -3.76011070  1.74441294 -1.20959758   
	       6.000000            12.000000         -5.82110428  0.10225926 -1.35107510   
	       6.000000            12.000000         -8.14218624  1.17425543 -1.83888548   
	       7.000000            14.003074         -8.46221132  3.63096371 -2.14143360   
	       6.000000            12.000000         -6.41348909  5.01735240 -1.94165567   
	       6.000000            12.000000        -10.50181018  -0.41458762  -2.03274496 
	       8.000000            15.994915        -12.54717589   0.38671979  -2.42947725 
	       8.000000            15.994915        -10.02706260  -2.86089029  -1.70533423 
	       6.000000            12.000000         -1.14763100  0.85566178 -0.71835739   
	       6.000000            12.000000         -0.42065191 -1.63432707 -1.08178130   
	       6.000000            12.000000          2.02878220 -2.42168256 -0.61169583   
	       6.000000            12.000000          3.83764585 -0.72453058  0.24694925   
	       6.000000            12.000000          3.10257131  1.79065485  0.60908314   
	       6.000000            12.000000          0.67287338  2.56551899  0.12515419   
	      17.000000            34.968853          5.29862965  3.98654370  1.68407984   
	       8.000000            15.994915          6.24403443 -1.29584161  0.72307786   
	       6.000000            12.000000          7.20244881 -3.79617654  0.49226464   
	       6.000000            12.000000         10.07469271 -3.58980428  0.62407524   
	       6.000000            12.000000         10.71639473 -3.45886582  3.48074061   
	       6.000000            12.000000          8.25546788 -4.19763582  4.87728505   
	       6.000000            12.000000          6.56089276 -5.35938660  2.83171299   
	       1.000000             1.007825         -5.64387942 -1.88922148 -1.06343700   
	       1.000000             1.007825         -6.64253136  7.02301289 -2.17050630   
	       1.000000             1.007825        -11.57385410  -3.75412206  -1.84399941 
	       1.000000             1.007825         -1.74347606 -3.00782314 -1.77738962   
	       1.000000             1.007825          2.51246989 -4.36325467 -0.92273563   
	       1.000000             1.007825          0.17017003  4.50764032  0.40187233   
	       1.000000             1.007825          6.56294133 -4.60840421 -1.27552771   
	       1.000000             1.007825         10.87753249 -5.28343194 -0.21091212   
	       1.000000             1.007825         10.75005435 -1.98937224 -0.45515039   
	       1.000000             1.007825         11.34261976 -1.59043910  4.03292094   
	       1.000000             1.007825         12.24306120 -4.75061620  3.92871349   
	       1.000000             1.007825          7.35056535 -2.52587409  5.63957025   
	       1.000000             1.007825          8.58624536 -5.47863229  6.44158612   
	       1.000000             1.007825          4.57093900 -5.33598738  3.31518930   
	       1.000000             1.007825          7.09441619 -7.31112551  2.46345682   

	 - Coordinate -           - BOHR/RAD -       - ANG/DEG -
	 H(5,24)          =         3.849426           2.037028
	 H(8,25)          =         4.293799           2.272181
	 R(1,2)           =         2.501154           1.323554
	 R(1,6)           =         2.490676           1.318009
	 R(2,3)           =         2.639011           1.396504
	 R(2,10)          =         2.802900           1.483231
	 R(3,4)           =         2.602798           1.377341
	 R(3,23)          =         2.019936           1.068904
	 R(4,5)           =         2.495870           1.320758
	 R(4,7)           =         2.851285           1.508835
	 R(5,6)           =         2.481783           1.313303
	 R(6,24)          =         2.031627           1.075091
	 R(7,8)           =         2.232266           1.181264
	 R(7,9)           =         2.513360           1.330013
	 R(9,25)          =         1.791551           0.948048
	 R(10,11)         =         2.619279           1.386063
	 R(10,15)         =         2.636164           1.394998
	 R(11,12)         =         2.615461           1.384042
	 R(11,26)         =         2.029834           1.074142
	 R(12,13)         =         2.624802           1.388985
	 R(12,27)         =         2.024945           1.071555
	 R(13,14)         =         2.645304           1.399835
	 R(13,17)         =         2.518690           1.332833
	 R(14,15)         =         2.595772           1.373624
	 R(14,16)         =         3.286369           1.739071
	 R(15,28)         =         2.025122           1.071648
	 R(17,18)         =         2.687658           1.422248
	 R(18,19)         =         2.882663           1.525440
	 R(18,22)         =         2.885869           1.527136
	 R(18,29)         =         2.047870           1.083686
	 R(19,20)         =         2.930779           1.550901
	 R(19,30)         =         2.051860           1.085798
	 R(19,31)         =         2.045049           1.082193
	 R(20,21)         =         2.924428           1.547541
	 R(20,32)         =         2.046480           1.082950
	 R(20,33)         =         2.049392           1.084492
	 R(21,22)         =         2.899244           1.534214
	 R(21,34)         =         2.048100           1.083808
	 R(21,35)         =         2.048757           1.084155
	 R(22,36)         =         2.047978           1.083743
	 R(22,37)         =         2.056586           1.088298
	 B(1,2,3)         =         2.093961         119.975112
	 B(1,2,10)        =         2.047949         117.338836
	 B(1,6,5)         =         2.212611         126.773246
	 B(1,6,24)        =         2.033729         116.524088
	 B(2,1,6)         =         2.057673         117.895966
	 B(2,3,4)         =         2.037790         116.756774
	 B(2,3,23)        =         2.138077         122.502767
	 B(2,10,11)       =         2.136260         122.398686
	 B(2,10,15)       =         2.087581         119.609558
	 B(3,2,10)        =         2.141237         122.683829
	 B(3,4,5)         =         2.144163         122.851463
	 B(3,4,7)         =         2.119088         121.414786
	 B(4,3,23)        =         2.107133         120.729850
	 B(4,5,6)         =         2.020008         115.737917
	 B(4,7,8)         =         2.177704         124.773247
	 B(4,7,9)         =         1.957562         112.160027
	 B(5,4,7)         =         2.019880         115.730609
	 B(5,6,24)        =         2.036837         116.702159
	 B(7,9,25)        =         1.888211         108.186519
	 B(8,7,9)         =         2.147919         123.066709
	 B(10,11,12)      =         2.119020         121.410916
	 B(10,11,26)      =         2.105895         120.658916
	 B(10,15,14)      =         2.108821         120.826518
	 B(10,15,28)      =         2.087857         119.625388
	 B(11,10,15)      =         2.059321         117.990411
	 B(11,12,13)      =         2.105453         120.633592
	 B(11,12,27)      =         2.076860         118.995322
	 B(12,11,26)      =         2.058067         117.918557
	 B(12,13,14)      =         2.057894         117.908625
	 B(12,13,17)      =         2.181681         125.001090
	 B(13,12,27)      =         2.100871         120.371025
	 B(13,14,15)      =         2.115782         121.225379
	 B(13,14,16)      =         2.087948         119.630612
	 B(13,17,18)      =         2.135876         122.376695
	 B(14,13,17)      =         2.043485         117.083059
	 B(14,15,28)      =         2.086507         119.548041
	 B(15,14,16)      =         2.079452         119.143832
	 B(17,18,19)      =         1.859575         106.545782
	 B(17,18,22)      =         1.933743         110.795302
	 B(17,18,29)      =         1.908957         109.375180
	 B(18,19,20)      =         1.839964         105.422148
	 B(18,19,30)      =         1.888263         108.189478
	 B(18,19,31)      =         1.940077         111.158206
	 B(18,22,21)      =         1.797708         103.001096
	 B(18,22,36)      =         1.983620         113.653076
	 B(18,22,37)      =         1.887286         108.133525
	 B(19,18,22)      =         1.795910         102.898088
	 B(19,18,29)      =         1.959530         112.272779
	 B(19,20,21)      =         1.844119         105.660207
	 B(19,20,32)      =         1.950652         111.764107
	 B(19,20,33)      =         1.926240         110.365401
	 B(20,19,30)      =         1.926081         110.356314
	 B(20,19,31)      =         1.990084         114.023409
	 B(20,21,22)      =         1.829829         104.841451
	 B(20,21,34)      =         1.921263         110.080235
	 B(20,21,35)      =         1.967859         112.750028
	 B(21,20,32)      =         1.938306         111.056750
	 B(21,20,33)      =         1.942555         111.300209
	 B(21,22,36)      =         1.978810         113.377463
	 B(21,22,37)      =         1.933698         110.792728
	 B(22,18,29)      =         1.999315         114.552291
	 B(22,21,34)      =         1.908623         109.356027
	 B(22,21,35)      =         1.963339         112.491011
	 B(30,19,31)      =         1.877574         107.577059
	 B(32,20,33)      =         1.863496         106.770483
	 B(34,21,35)      =         1.872887         107.308527
	 B(36,22,37)      =         1.880931         107.769413
	 D(1,2,3,4)       =         0.018908           1.083351
	 D(1,2,3,23)      =        -3.102126        -177.738727
	 D(1,2,10,11)     =        -2.817867        -161.451880
	 D(1,2,10,15)     =         0.316211          18.117546
	 D(1,6,5,4)       =         0.011620           0.665758
	 D(2,1,6,5)       =        -0.004101          -0.234964
	 D(2,1,6,24)      =        -3.141000        -179.966070
	 D(2,3,4,5)       =        -0.011388          -0.652469
	 D(2,3,4,7)       =        -3.141243        -179.979984
	 D(2,10,11,12)    =         3.141280         179.982084
	 D(2,10,11,26)    =         0.021774           1.247555
	 D(2,10,15,14)    =         3.134822         179.612085
	 D(2,10,15,28)    =        -0.005305          -0.303980
	 D(3,2,1,6)       =        -0.011840          -0.678391
	 D(3,2,10,11)     =         0.333206          19.091304
	 D(3,2,10,15)     =        -2.815901        -161.339270
	 D(3,4,5,6)       =        -0.003036          -0.173969
	 D(3,4,7,8)       =         3.132509         179.479517
	 D(3,4,7,9)       =        -0.009907          -0.567654
	 D(4,3,2,10)      =        -3.132406        -179.473668
	 D(4,5,6,24)      =        -3.134673        -179.603555
	 D(4,7,9,25)      =         3.139353         179.871658
	 D(5,4,3,23)      =         3.110034         178.191840
	 D(5,4,7,8)       =         0.001861           0.106639
	 D(5,4,7,9)       =        -3.140555        -179.940532
	 D(6,1,2,10)      =         3.138964         179.849379
	 D(6,5,4,7)       =         3.127437         179.188953
	 D(7,4,3,23)      =        -0.019821          -1.135675
	 D(8,7,9,25)      =        -0.003047          -0.174577
	 D(10,2,3,23)     =         0.029745           1.704254
	 D(10,11,12,13)   =         0.001500           0.085923
	 D(10,11,12,27)   =        -3.138531        -179.824560
	 D(10,15,14,13)   =         0.012416           0.711403
	 D(10,15,14,16)   =        -3.131863        -179.442547
	 D(11,10,15,14)   =        -0.013956          -0.799625
	 D(11,10,15,28)   =         3.129102         179.284310
	 D(11,12,13,14)   =        -0.003378          -0.193520
	 D(11,12,13,17)   =        -3.127355        -179.184267
	 D(12,11,10,15)   =         0.007086           0.406020
	 D(12,13,14,15)   =        -0.003527          -0.202097
	 D(12,13,14,16)   =         3.140765         179.952591
	 D(12,13,17,18)   =        -0.047778          -2.737503
	 D(13,12,11,26)   =         3.121591         178.853964
	 D(13,14,15,28)   =        -3.130640        -179.372467
	 D(13,17,18,19)   =         2.932061         167.994710
	 D(13,17,18,22)   =        -1.410012         -80.787758
	 D(13,17,18,29)   =         0.810194          46.420672
	 D(14,13,12,27)   =         3.136631         179.715729
	 D(14,13,17,18)   =         3.111297         178.264208
	 D(15,10,11,26)   =        -3.112420        -178.328509
	 D(15,14,13,17)   =         3.121859         178.869374
	 D(16,14,13,17)   =        -0.017033          -0.975938
	 D(16,14,15,28)   =         0.008266           0.473582
	 D(17,13,12,27)   =         0.012653           0.724982
	 D(17,18,19,20)   =         1.437377          82.355661
	 D(17,18,19,30)   =        -2.785184        -159.579298
	 D(17,18,19,31)   =        -0.727336         -41.673312
	 D(17,18,22,21)   =        -1.229579         -70.449687
	 D(17,18,22,36)   =         0.918443          52.622909
	 D(17,18,22,37)   =         3.005959         172.228779
	 D(18,19,20,21)   =         0.216713          12.416731
	 D(18,19,20,32)   =        -1.893584        -108.494348
	 D(18,19,20,33)   =         2.318603         132.846159
	 D(18,22,21,20)   =        -0.616144         -35.302478
	 D(18,22,21,34)   =         1.443435          82.702719
	 D(18,22,21,35)   =        -2.760593        -158.170340
	 D(19,18,22,21)   =         0.752164          43.095810
	 D(19,18,22,36)   =         2.900186         166.168406
	 D(19,18,22,37)   =        -1.295483         -74.225725
	 D(19,20,21,22)   =         0.246017          14.095741
	 D(19,20,21,34)   =        -1.804955        -103.416285
	 D(19,20,21,35)   =         2.387541         136.796031
	 D(20,19,18,22)   =        -0.597928         -34.258727
	 D(20,19,18,29)   =        -2.756413        -157.930808
	 D(20,21,22,36)   =        -2.767369        -158.558591
	 D(20,21,22,37)   =         1.398421          80.123605
	 D(21,20,19,30)   =        -1.818324        -104.182279
	 D(21,20,19,31)   =         2.349524         134.617802
	 D(21,22,18,29)   =         2.884028         165.242623
	 D(22,18,19,30)   =         1.462696          83.806314
	 D(22,18,19,31)   =        -2.762642        -158.287699
	 D(22,21,20,32)   =         2.364325         135.465871
	 D(22,21,20,33)   =        -1.845173        -105.720606
	 D(26,11,12,27)   =        -0.018440          -1.056519
	 D(29,18,19,30)   =        -0.695789         -39.865767
	 D(29,18,19,31)   =         1.362059          78.040219
	 D(29,18,22,36)   =        -1.251135         -71.684781
	 D(29,18,22,37)   =         0.836381          47.921088
	 D(30,19,20,32)   =         2.354565         134.906642
	 D(30,19,20,33)   =         0.283566          16.247149
	 D(31,19,20,32)   =         0.239227          13.706723
	 D(31,19,20,33)   =        -1.831771        -104.952770
	 D(32,20,21,34)   =         0.313354          17.953844
	 D(32,20,21,35)   =        -1.777336        -101.833840
	 D(33,20,21,34)   =         2.387041         136.767367
	 D(33,20,21,35)   =         0.296351          16.979683
	 D(34,21,22,36)   =        -0.707790         -40.553394
	 D(34,21,22,37)   =        -2.825185        -161.871198
	 D(35,21,22,36)   =         1.371367          78.573547
	 D(35,21,22,37)   =        -0.746028         -42.744258


	        --- Internal Coordinate Step in ANG or DEG, aJ/ANG or AJ/DEG ---
	-------------------------------------------------------------------------------
	           Coordinate      Previous         Force          Change          New 
	           ----------      --------        ------          ------        ------
	              H(5,24)       2.03703       -0.00133       -0.00021       2.03682
	              H(8,25)       2.27218       -0.00033       -0.00032       2.27186
	               R(1,2)       1.32355       -0.00431       -0.00046       1.32310
	               R(1,6)       1.31801        0.00507        0.00052       1.31853
	               R(2,3)       1.39650        0.00367        0.00051       1.39701
	              R(2,10)       1.48323        0.00048        0.00009       1.48332
	               R(3,4)       1.37734       -0.00413       -0.00053       1.37681
	              R(3,23)       1.06890       -0.00026       -0.00004       1.06886
	               R(4,5)       1.32076        0.00468        0.00049       1.32125
	               R(4,7)       1.50884       -0.00078       -0.00016       1.50868
	               R(5,6)       1.31330       -0.00434       -0.00055       1.31276
	              R(6,24)       1.07509        0.00091       -0.00002       1.07507
	               R(7,8)       1.18126       -0.00060       -0.00004       1.18123
	               R(7,9)       1.33001        0.00018       -0.00000       1.33001
	              R(9,25)       0.94805       -0.00043       -0.00005       0.94800
	             R(10,11)       1.38606       -0.00018       -0.00003       1.38603
	             R(10,15)       1.39500       -0.00057       -0.00009       1.39491
	             R(11,12)       1.38404       -0.00113       -0.00014       1.38390
	             R(11,26)       1.07414       -0.00022       -0.00004       1.07410
	             R(12,13)       1.38899        0.00283        0.00039       1.38938
	             R(12,27)       1.07155       -0.00101       -0.00017       1.07138
	             R(13,14)       1.39983       -0.00069       -0.00009       1.39974
	             R(13,17)       1.33283       -0.00204       -0.00022       1.33261
	             R(14,15)       1.37362       -0.00099       -0.00013       1.37349
	             R(14,16)       1.73907       -0.00005       -0.00001       1.73906
	             R(15,28)       1.07165       -0.00008       -0.00001       1.07164
	             R(17,18)       1.42225       -0.00239       -0.00036       1.42188
	             R(18,19)       1.52544        0.00251        0.00063       1.52607
	             R(18,22)       1.52714        0.00377        0.00203       1.52916
	             R(18,29)       1.08369       -0.00134       -0.00024       1.08345
	             R(19,20)       1.55090       -0.01387       -0.00433       1.54657
	             R(19,30)       1.08580        0.00069        0.00012       1.08592
	             R(19,31)       1.08219        0.00237        0.00043       1.08262
	             R(20,21)       1.54754        0.00313       -0.00008       1.54746
	             R(20,32)       1.08295        0.00101        0.00018       1.08313
	             R(20,33)       1.08449        0.00175        0.00032       1.08481
	             R(21,22)       1.53421        0.00202        0.00095       1.53517
	             R(21,34)       1.08381       -0.00068       -0.00012       1.08368
	             R(21,35)       1.08416        0.00053        0.00010       1.08425
	             R(22,36)       1.08374        0.00048        0.00009       1.08383
	             R(22,37)       1.08830       -0.00353       -0.00065       1.08765
	             B(1,2,3)     119.97511        0.00000       -0.00244     119.97267
	            B(1,2,10)     117.33884        0.00000        0.00292     117.34175
	             B(1,6,5)     126.77325       -0.00000        0.00629     126.77954
	            B(1,6,24)     116.52409       -0.00001       -0.03246     116.49163
	             B(2,1,6)     117.89597        0.00000       -0.00379     117.89218
	             B(2,3,4)     116.75677        0.00000        0.00090     116.75767
	            B(2,3,23)     122.50277        0.00000        0.01041     122.51317
	           B(2,10,11)     122.39869        0.00001        0.03513     122.43382
	           B(2,10,15)     119.60956       -0.00001       -0.02162     119.58794
	            B(3,2,10)     122.68383       -0.00000       -0.00304     122.68079
	             B(3,4,5)     122.85146        0.00000        0.00260     122.85406
	             B(3,4,7)     121.41479        0.00000        0.01063     121.42542
	            B(4,3,23)     120.72985       -0.00000       -0.01158     120.71827
	             B(4,5,6)     115.73792       -0.00000       -0.00483     115.73308
	             B(4,7,8)     124.77325        0.00000        0.00455     124.77779
	             B(4,7,9)     112.16003        0.00000        0.00645     112.16647
	             B(5,4,7)     115.73061       -0.00000       -0.01012     115.72049
	            B(5,6,24)     116.70216        0.00001        0.02666     116.72882
	            B(7,9,25)     108.18652        0.00000       -0.00607     108.18045
	             B(8,7,9)     123.06671       -0.00000       -0.01115     123.05556
	          B(10,11,12)     121.41092        0.00000        0.01665     121.42756
	          B(10,11,26)     120.65892        0.00000        0.00422     120.66314
	          B(10,15,14)     120.82652        0.00000        0.00831     120.83482
	          B(10,15,28)     119.62539       -0.00000       -0.01041     119.61498
	          B(11,10,15)     117.99041       -0.00000       -0.01325     117.97716
	          B(11,12,13)     120.63359       -0.00000       -0.00587     120.62772
	          B(11,12,27)     118.99532       -0.00000       -0.00812     118.98720
	          B(12,11,26)     117.91856       -0.00000       -0.01902     117.89954
	          B(12,13,14)     117.90862       -0.00001       -0.02065     117.88798
	          B(12,13,17)     125.00109        0.00004        0.12143     125.12252
	          B(13,12,27)     120.37103        0.00000        0.01404     120.38507
	          B(13,14,15)     121.22538        0.00001        0.01531     121.24069
	          B(13,14,16)     119.63061       -0.00001       -0.03068     119.59993
	          B(13,17,18)     122.37669        0.00002        0.07166     122.44836
	          B(14,13,17)     117.08306       -0.00003       -0.09646     116.98660
	          B(14,15,28)     119.54804       -0.00000        0.00213     119.55017
	          B(15,14,16)     119.14383        0.00000        0.01536     119.15919
	          B(17,18,19)     106.54578       -0.00004       -0.20072     106.34506
	          B(17,18,22)     110.79530        0.00001        0.08437     110.87968
	          B(17,18,29)     109.37518       -0.00000       -0.30867     109.06651
	          B(18,19,20)     105.42215        0.00002        0.50994     105.93209
	          B(18,19,30)     108.18948       -0.00001       -0.00556     108.18391
	          B(18,19,31)     111.15821        0.00002        0.02440     111.18261
	          B(18,22,21)     103.00110       -0.00004        0.82436     103.82546
	          B(18,22,36)     113.65308        0.00003       -0.12526     113.52781
	          B(18,22,37)     108.13352        0.00001        0.01128     108.14481
	          B(19,18,22)     102.89809        0.00003        1.02805     103.92614
	          B(19,18,29)     112.27278        0.00002       -0.14799     112.12479
	          B(19,20,21)     105.66021        0.00001        0.36540     106.02560
	          B(19,20,32)     111.76411       -0.00004       -0.48392     111.28019
	          B(19,20,33)     110.36540       -0.00000        0.00960     110.37501
	          B(20,19,30)     110.35631       -0.00001        0.00998     110.36629
	          B(20,19,31)     114.02341       -0.00004       -0.59532     113.42809
	          B(20,21,22)     104.84145        0.00002        0.68244     105.52389
	          B(20,21,34)     110.08024       -0.00002       -0.07055     110.00969
	          B(20,21,35)     112.75003        0.00001       -0.17940     112.57063
	          B(21,20,32)     111.05675        0.00000       -0.12551     110.93124
	          B(21,20,33)     111.30021       -0.00000        0.02822     111.32842
	          B(21,22,36)     113.37746        0.00003       -0.16910     113.20836
	          B(21,22,37)     110.79273       -0.00001       -0.28970     110.50303
	          B(22,18,29)     114.55229       -0.00001       -0.38828     114.16401
	          B(22,21,34)     109.35603       -0.00001       -0.08090     109.27512
	          B(22,21,35)     112.49101       -0.00002       -0.28872     112.20229
	          B(30,19,31)     107.57706        0.00002        0.07894     107.65600
	          B(32,20,33)     106.77048        0.00002        0.19299     106.96347
	          B(34,21,35)     107.30853        0.00001       -0.06039     107.24814
	          B(36,22,37)     107.76941       -0.00001       -0.23048     107.53893
	           D(1,2,3,4)       1.08335        0.00000       -0.00042       1.08294
	          D(1,2,3,23)    -177.73873        0.00000        0.01473    -177.72400
	         D(1,2,10,11)    -161.45188       -0.00001       -0.44471    -161.89659
	         D(1,2,10,15)      18.11755       -0.00001       -0.39932      17.71823
	           D(1,6,5,4)       0.66576        0.00000        0.06261       0.72837
	           D(2,1,6,5)      -0.23496        0.00000        0.19198      -0.04298
	          D(2,1,6,24)    -179.96607       -0.00000       -0.04594    -180.01201
	           D(2,3,4,5)      -0.65247        0.00001        0.26849      -0.38398
	           D(2,3,4,7)    -179.97998       -0.00001       -0.34014    -180.32012
	        D(2,10,11,12)     179.98208        0.00000        0.03629     180.01837
	        D(2,10,11,26)       1.24756       -0.00000       -0.06878       1.17877
	        D(2,10,15,14)     179.61209        0.00000        0.00815     179.62024
	        D(2,10,15,28)      -0.30398       -0.00000       -0.01846      -0.32244
	           D(3,2,1,6)      -0.67839       -0.00001       -0.21204      -0.89043
	         D(3,2,10,11)      19.09130       -0.00000       -0.19069      18.90061
	         D(3,2,10,15)    -161.33927        0.00000       -0.14530    -161.48457
	           D(3,4,5,6)      -0.17397       -0.00001       -0.29646      -0.47043
	           D(3,4,7,8)     179.47952        0.00000        0.10984     179.58936
	           D(3,4,7,9)      -0.56765        0.00001        0.30231      -0.26534
	          D(4,3,2,10)    -179.47367       -0.00001       -0.26086    -179.73453
	          D(4,5,6,24)    -179.60355        0.00001        0.30088    -179.30267
	          D(4,7,9,25)     179.87166       -0.00000       -0.14104     179.73062
	          D(5,4,3,23)     178.19184        0.00001        0.25391     178.44574
	           D(5,4,7,8)       0.10664       -0.00001       -0.45774      -0.35110
	           D(5,4,7,9)    -179.94053       -0.00001       -0.26527    -180.20580
	          D(6,1,2,10)     179.84938        0.00000        0.03478     179.88415
	           D(6,5,4,7)     179.18895        0.00001        0.28013     179.46908
	          D(7,4,3,23)      -1.13568       -0.00001       -0.35472      -1.49040
	          D(8,7,9,25)      -0.17458        0.00000        0.04759      -0.12698
	         D(10,2,3,23)       1.70425       -0.00001       -0.24572       1.45854
	       D(10,11,12,13)       0.08592       -0.00000       -0.09494      -0.00901
	       D(10,11,12,27)    -179.82456       -0.00000       -0.14552    -179.97008
	       D(10,15,14,13)       0.71140        0.00000        0.00729       0.71869
	       D(10,15,14,16)    -179.44255        0.00000        0.00152    -179.44102
	       D(11,10,15,14)      -0.79962        0.00000        0.05174      -0.74789
	       D(11,10,15,28)     179.28431        0.00000        0.02513     179.30944
	       D(11,12,13,14)      -0.19352        0.00000        0.15022      -0.04330
	       D(11,12,13,17)    -179.18427       -0.00001       -0.21844    -179.40271
	       D(12,11,10,15)       0.40602       -0.00000       -0.00836       0.39766
	       D(12,13,14,15)      -0.20210       -0.00000       -0.10766      -0.30976
	       D(12,13,14,16)     179.95259       -0.00000       -0.10194     179.85065
	       D(12,13,17,18)      -2.73750        0.00001        0.70915      -2.02836
	       D(13,12,11,26)     178.85396        0.00000        0.00760     178.86156
	       D(13,14,15,28)    -179.37247        0.00000        0.03387    -179.33860
	       D(13,17,18,19)     167.99471        0.00000        2.37199     170.36670
	       D(13,17,18,22)     -80.78776        0.00002        3.50714     -77.28062
	       D(13,17,18,29)      46.42067        0.00001        2.83936      49.26003
	       D(14,13,12,27)     179.71573        0.00001        0.20149     179.91722
	       D(14,13,17,18)     178.26421        0.00001        0.34282     178.60703
	       D(15,10,11,26)    -178.32851       -0.00000       -0.11343    -178.44194
	       D(15,14,13,17)     178.86937        0.00001        0.23289     179.10226
	       D(16,14,13,17)      -0.97594        0.00001        0.23861      -0.73733
	       D(16,14,15,28)       0.47358        0.00000        0.02811       0.50169
	       D(17,13,12,27)       0.72498       -0.00000       -0.16717       0.55781
	       D(17,18,19,20)      82.35566        0.00003        3.32264      85.67830
	       D(17,18,19,30)    -159.57930        0.00002        3.59834    -155.98096
	       D(17,18,19,31)     -41.67331        0.00005        3.70517     -37.96814
	       D(17,18,22,21)     -70.44969       -0.00003       -4.41133     -74.86102
	       D(17,18,22,36)      52.62291       -0.00001       -4.13212      48.49079
	       D(17,18,22,37)     172.22878        0.00001       -4.49189     167.73689
	       D(18,19,20,21)      12.41673       -0.00002       -0.64928      11.76745
	       D(18,19,20,32)    -108.49435       -0.00001       -0.45273    -108.94708
	       D(18,19,20,33)     132.84616       -0.00001       -0.39138     132.45478
	       D(18,22,21,20)     -35.30248        0.00004        3.65645     -31.64603
	       D(18,22,21,34)      82.70272        0.00002        3.90412      86.60684
	       D(18,22,21,35)    -158.17034        0.00002        3.59351    -154.57683
	       D(19,18,22,21)      43.09581       -0.00005       -4.07146      39.02435
	       D(19,18,22,36)     166.16841       -0.00004       -3.79224     162.37616
	       D(19,18,22,37)     -74.22572       -0.00002       -4.15201     -78.37774
	       D(19,20,21,22)      14.09574       -0.00000       -1.80265      12.29309
	       D(19,20,21,34)    -103.41629        0.00000       -2.05053    -105.46682
	       D(19,20,21,35)     136.79603        0.00000       -1.80743     134.98860
	       D(20,19,18,22)     -34.25873        0.00002        2.84728     -31.41145
	       D(20,19,18,29)    -157.93081        0.00001        2.73417    -155.19664
	       D(20,21,22,36)    -158.55859        0.00002        3.35186    -155.20673
	       D(20,21,22,37)      80.12360        0.00003        3.97920      84.10281
	       D(21,20,19,30)    -104.18228       -0.00001       -0.93175    -105.11403
	       D(21,20,19,31)     134.61780        0.00000       -0.62602     133.99178
	       D(21,22,18,29)     165.24262       -0.00002       -3.76944     161.47318
	       D(22,18,19,30)      83.80631        0.00001        3.12298      86.92929
	       D(22,18,19,31)    -158.28770        0.00004        3.22981    -155.05789
	       D(22,21,20,32)     135.46587       -0.00003       -2.23255     133.23332
	       D(22,21,20,33)    -105.72061       -0.00001       -2.05408    -107.77468
	       D(26,11,12,27)      -1.05652       -0.00000       -0.04299      -1.09951
	       D(29,18,19,30)     -39.86577        0.00000        3.00987     -36.85589
	       D(29,18,19,31)      78.04022        0.00003        3.11670      81.15692
	       D(29,18,22,36)     -71.68478       -0.00000       -3.49022     -75.17500
	       D(29,18,22,37)      47.92109        0.00001       -3.84999      44.07110
	       D(30,19,20,32)     134.90664        0.00000       -0.73520     134.17144
	       D(30,19,20,33)      16.24715       -0.00000       -0.67385      15.57330
	       D(31,19,20,32)      13.70672        0.00001       -0.42948      13.27724
	       D(31,19,20,33)    -104.95277        0.00001       -0.36813    -105.32090
	       D(32,20,21,34)      17.95384       -0.00003       -2.48043      15.47341
	       D(32,20,21,35)    -101.83384       -0.00003       -2.23733    -104.07117
	       D(33,20,21,34)     136.76737       -0.00000       -2.30196     134.46541
	       D(33,20,21,35)      16.97968       -0.00001       -2.05886      14.92082
	       D(34,21,22,36)     -40.55339        0.00000        3.59953     -36.95386
	       D(34,21,22,37)    -161.87120        0.00001        4.22688    -157.64432
	       D(35,21,22,36)      78.57355        0.00000        3.28892      81.86247
	       D(35,21,22,37)     -42.74426        0.00001        3.91626     -38.82800
	-------------------------------------------------------------------------------

	                                 ==> Convergence Check <==                                  
    
	Measures of convergence in internal coordinates in au.
    
	Criteria marked as inactive (o), active & met (*), and active & unmet ( ).

	----------------------------------------------------------------------------------------------
	   Step    Total Energy     Delta E     Max Force     RMS Force      Max Disp      RMS Disp   
	----------------------------------------------------------------------------------------------
	  Convergence Criteria     1.00e-06 *    3.00e-04 *             o    1.20e-03 *             o
	----------------------------------------------------------------------------------------------
	     1   -1407.64276626   -1.41e+03      1.68e-03      2.46e-04 o    7.84e-02      2.54e-02 o  ~
	----------------------------------------------------------------------------------------------

Next Geometry in Ang 
	Fragment 1 (Ang)

	    N  -2.1714035431   2.2215295440  -0.8264864708
	    C  -1.9863723349   0.9227220066  -0.6548959550
	    C  -3.0764689295   0.0502791538  -0.7015574083
	    C  -4.3086734392   0.6107596552  -0.9528444636
	    N  -4.4821557418   1.9075615358  -1.1369855232
	    C  -3.3988511270   2.6446432193  -1.0563978642
	    C  -5.5557116818  -0.2345496742  -1.0331577920
	    O  -6.6411964229   0.1837722382  -1.2381520568
	    O  -5.2999208188  -1.5256729098  -0.8420916874
	    C  -0.6004236705   0.4598636965  -0.3996567739
	    C  -0.2154283984  -0.8612177214  -0.5658162011
	    C   1.0837674197  -1.2704309313  -0.3212513658
	    C   2.0449847806  -0.3602821749   0.1007294390
	    C   1.6551602346   0.9737519058   0.2670744628
	    C   0.3660476352   1.3757861535   0.0160107569
	   Cl   2.8214204944   2.1497243456   0.7974114367
	    O   3.3207761487  -0.6531369246   0.3506171544
	    C   3.8345314593  -1.9749073819   0.2470214624
	    C   5.3512057401  -1.8568776725   0.3680467577
	    C   5.6583687755  -1.8691210251   1.8837561168
	    C   4.3449667012  -2.2951835986   2.5823791500
	    C   3.4325108677  -2.8126361036   1.4614866981
	    H  -2.9787727434  -1.0007238613  -0.5333050755
	    H  -3.5234501847   3.7038021272  -1.1922026365
	    H  -6.1180885753  -2.0010164895  -0.8999240878
	    H  -0.9182966102  -1.5976903298  -0.9082814695
	    H   1.3387630204  -2.3013473957  -0.4628290249
	    H   0.0997090017   2.4061102852   0.1420979162
	    H   3.5327563979  -2.3984395976  -0.7034552753
	    H   5.7979637067  -2.7207170156  -0.1150856312
	    H   5.7163601821  -0.9722164888  -0.1380175413
	    H   5.9806926822  -0.8938368588   2.2274176644
	    H   6.4635649043  -2.5630602487   2.1003548996
	    H   3.8806793511  -1.4371468563   3.0541657168
	    H   4.5067350519  -3.0384994582   3.3549813657
	    H   2.3782334155  -2.7453433149   1.7036813123
	    H   3.6524784924  -3.8549180813   1.2418294403


    Structure for next step:
    Molecular point group: c1
    Full point group: C1

    Geometry (in Angstrom), charge = 0, multiplicity = 1:

    N           -2.175201019044     2.216714727434    -0.815660985540
    C           -1.990169810907     0.917907189987    -0.644070469697
    C           -3.080266405451     0.045464337195    -0.690731922972
    C           -4.312470915209     0.605944838629    -0.942018978277
    N           -4.485953217763     1.902746719201    -1.126160037841
    C           -3.402648602944     2.639828402717    -1.045572378886
    C           -5.559509157826    -0.239364490753    -1.022332306680
    O           -6.644993898908     0.178957421607    -1.227326571517
    O           -5.303718294784    -1.530487726407    -0.831266202081
    C           -0.604221146491     0.455048879884    -0.388831288563
    C           -0.219225874365    -0.866032537932    -0.554990715760
    C            1.079969943680    -1.275245747871    -0.310425880449
    C            2.041187304656    -0.365096991437     0.111554924345
    C            1.651362758598     0.968937089256     0.277899948071
    C            0.362250159209     1.370971336880     0.026836242184
    CL           2.817623018390     2.144909529017     0.808236922006
    O            3.316978672675    -0.657951741141     0.361442639693
    C            3.830733983358    -1.979722198477     0.257846947715
    C            5.347408264064    -1.861692489123     0.378872243013
    C            5.654571299491    -1.873935841693     1.894581602069
    C            4.341169225201    -2.299998415172     2.593204635299
    C            3.428713391736    -2.817450920175     1.472312183441
    H           -2.982570219366    -1.005538677849    -0.522479590221
    H           -3.527247660720     3.698987310581    -1.181377151213
    H           -6.121886051248    -2.005831306082    -0.889098602481
    H           -0.922094086170    -1.602505146425    -0.897455984233
    H            1.334965544416    -2.306162212276    -0.452003539619
    H            0.095911525707     2.401295468590     0.152923401479
    H            3.528958921886    -2.403254414187    -0.692629789974
    H            5.794166230755    -2.725531832220    -0.104260145917
    H            5.712562706087    -0.977031305365    -0.127192055985
    H            5.976895206253    -0.898651675382     2.238243149734
    H            6.459767428310    -2.567875065297     2.111180384950
    H            3.876881875092    -1.441961672920     3.064991202100
    H            4.502937575902    -3.043314274783     3.365806851017
    H            2.374435939511    -2.750158131434     1.714506797588
    H            3.648681016459    -3.859732897914     1.252654925644


Scratch directory: /tmp/
gradient() will perform analytic gradient computation.
   => Libint2 <=

    Primary   basis highest AM E, G, H:  6, 6, 3
    Auxiliary basis highest AM E, G, H:  7, 7, 4
    Onebody   basis highest AM E, G, H:  -, -, -
    Solid Harmonics ordering:            Gaussian

*** tstart() called on gunsnroses
*** at Thu Jan 23 19:44:20 2025

   => Loading Basis Set <=

    Name: 6-31G**
    Role: ORBITAL
    Keyword: BASIS
    atoms 1, 5                   entry N          line   132 file /home/joaopedroval/miniforge3/envs/PubChem/share/psi4/basis/6-31gss.gbs 
    atoms 2-4, 6-7, 10-15, 18-22 entry C          line   115 file /home/joaopedroval/miniforge3/envs/PubChem/share/psi4/basis/6-31gss.gbs 
    atoms 8-9, 17                entry O          line   149 file /home/joaopedroval/miniforge3/envs/PubChem/share/psi4/basis/6-31gss.gbs 
    atoms 16                     entry CL         line   344 file /home/joaopedroval/miniforge3/envs/PubChem/share/psi4/basis/6-31gss.gbs 
    atoms 23-37                  entry H          line    44 file /home/joaopedroval/miniforge3/envs/PubChem/share/psi4/basis/6-31gss.gbs 


         ---------------------------------------------------------
                                   SCF
               by Justin Turney, Rob Parrish, Andy Simmonett
                          and Daniel G. A. Smith
                              RHF Reference
                        8 Threads,  22888 MiB Core
         ---------------------------------------------------------

  ==> Geometry <==

    Molecular point group: c1
    Full point group: C1

    Geometry (in Angstrom), charge = 0, multiplicity = 1:

       Center              X                  Y                   Z               Mass       
    ------------   -----------------  -----------------  -----------------  -----------------
         N           -2.175201019044     2.216714727434    -0.815660985540    14.003074004430
         C           -1.990169810907     0.917907189987    -0.644070469697    12.000000000000
         C           -3.080266405451     0.045464337195    -0.690731922972    12.000000000000
         C           -4.312470915209     0.605944838629    -0.942018978277    12.000000000000
         N           -4.485953217763     1.902746719201    -1.126160037841    14.003074004430
         C           -3.402648602944     2.639828402717    -1.045572378886    12.000000000000
         C           -5.559509157826    -0.239364490753    -1.022332306680    12.000000000000
         O           -6.644993898908     0.178957421607    -1.227326571517    15.994914619570
         O           -5.303718294784    -1.530487726407    -0.831266202081    15.994914619570
         C           -0.604221146491     0.455048879884    -0.388831288563    12.000000000000
         C           -0.219225874365    -0.866032537932    -0.554990715760    12.000000000000
         C            1.079969943680    -1.275245747871    -0.310425880449    12.000000000000
         C            2.041187304656    -0.365096991437     0.111554924345    12.000000000000
         C            1.651362758598     0.968937089256     0.277899948071    12.000000000000
         C            0.362250159209     1.370971336880     0.026836242184    12.000000000000
         CL           2.817623018390     2.144909529017     0.808236922006    34.968852682000
         O            3.316978672675    -0.657951741141     0.361442639693    15.994914619570
         C            3.830733983358    -1.979722198477     0.257846947715    12.000000000000
         C            5.347408264064    -1.861692489123     0.378872243013    12.000000000000
         C            5.654571299491    -1.873935841693     1.894581602069    12.000000000000
         C            4.341169225201    -2.299998415172     2.593204635299    12.000000000000
         C            3.428713391736    -2.817450920175     1.472312183441    12.000000000000
         H           -2.982570219366    -1.005538677849    -0.522479590221     1.007825032230
         H           -3.527247660720     3.698987310581    -1.181377151213     1.007825032230
         H           -6.121886051248    -2.005831306082    -0.889098602481     1.007825032230
         H           -0.922094086170    -1.602505146425    -0.897455984233     1.007825032230
         H            1.334965544416    -2.306162212276    -0.452003539619     1.007825032230
         H            0.095911525707     2.401295468590     0.152923401479     1.007825032230
         H            3.528958921886    -2.403254414187    -0.692629789974     1.007825032230
         H            5.794166230755    -2.725531832220    -0.104260145917     1.007825032230
         H            5.712562706087    -0.977031305365    -0.127192055985     1.007825032230
         H            5.976895206253    -0.898651675382     2.238243149734     1.007825032230
         H            6.459767428310    -2.567875065297     2.111180384950     1.007825032230
         H            3.876881875092    -1.441961672920     3.064991202100     1.007825032230
         H            4.502937575902    -3.043314274783     3.365806851017     1.007825032230
         H            2.374435939511    -2.750158131434     1.714506797588     1.007825032230
         H            3.648681016459    -3.859732897914     1.252654925644     1.007825032230

  Running in c1 symmetry.

  Rotational constants: A =      0.02055  B =      0.00339  C =      0.00300 [cm^-1]
  Rotational constants: A =    616.20552  B =    101.75187  C =     89.99495 [MHz]
  Nuclear repulsion = 1807.557242021243155

  Charge       = 0
  Multiplicity = 1
  Electrons    = 166
  Nalpha       = 83
  Nbeta        = 83

  ==> Algorithm <==

  SCF Algorithm Type is DF.
  DIIS enabled.
  MOM disabled.
  Fractional occupation disabled.
  Guess Type is READ.
  Energy threshold   = 1.00e-08
  Density threshold  = 1.00e-08
  Integral threshold = 1.00e-12

  ==> Primary Basis <==

  Basis Set: 6-31G**
    Blend: 6-31G**
    Number of shells: 179
    Number of basis functions: 409
    Number of Cartesian functions: 409
    Spherical Harmonics?: false
    Max angular momentum: 2

   => Loading Basis Set <=

    Name: (6-31G** AUX)
    Role: JKFIT
    Keyword: DF_BASIS_SCF
    atoms 1, 5                   entry N          line   171 file /home/joaopedroval/miniforge3/envs/PubChem/share/psi4/basis/cc-pvdz-jkfit.gbs 
    atoms 2-4, 6-7, 10-15, 18-22 entry C          line   121 file /home/joaopedroval/miniforge3/envs/PubChem/share/psi4/basis/cc-pvdz-jkfit.gbs 
    atoms 8-9, 17                entry O          line   221 file /home/joaopedroval/miniforge3/envs/PubChem/share/psi4/basis/cc-pvdz-jkfit.gbs 
    atoms 16                     entry CL         line   667 file /home/joaopedroval/miniforge3/envs/PubChem/share/psi4/basis/cc-pvdz-jkfit.gbs 
    atoms 23-37                  entry H          line    51 file /home/joaopedroval/miniforge3/envs/PubChem/share/psi4/basis/cc-pvdz-jkfit.gbs 

   => Loading Basis Set <=

    Name: 6-31G**
    Role: ORBITAL
    Keyword: BASIS
    atoms 1, 5                   entry N          line   132 file /home/joaopedroval/miniforge3/envs/PubChem/share/psi4/basis/6-31gss.gbs 
    atoms 2-4, 6-7, 10-15, 18-22 entry C          line   115 file /home/joaopedroval/miniforge3/envs/PubChem/share/psi4/basis/6-31gss.gbs 
    atoms 8-9, 17                entry O          line   149 file /home/joaopedroval/miniforge3/envs/PubChem/share/psi4/basis/6-31gss.gbs 
    atoms 16                     entry CL         line   344 file /home/joaopedroval/miniforge3/envs/PubChem/share/psi4/basis/6-31gss.gbs 
    atoms 23-37                  entry H          line    44 file /home/joaopedroval/miniforge3/envs/PubChem/share/psi4/basis/6-31gss.gbs 

  Reading orbitals from file /tmp/stdout.default.8009.180.npy, no projection.

  ==> Integral Setup <==

  DFHelper Memory: AOs need 1.743 GiB; user supplied 16.764 GiB. 
  Using in-core AOs.

  ==> MemDFJK: Density-Fitted J/K Matrices <==

    J tasked:                   Yes
    K tasked:                   Yes
    wK tasked:                   No
    OpenMP threads:               8
    Memory [MiB]:             17166
    Algorithm:                 Core
    Schwarz Cutoff:           1E-12
    Mask sparsity (%):      39.6363
    Fitting Condition:        1E-10

   => Auxiliary Basis Set <=

  Basis Set: (6-31G** AUX)
    Blend: CC-PVDZ-JKFIT
    Number of shells: 675
    Number of basis functions: 2206
    Number of Cartesian functions: 2206
    Spherical Harmonics?: false
    Max angular momentum: 3

  Minimum eigenvalue in the overlap matrix is 3.5503739380E-04.
  Reciprocal condition number of the overlap matrix is 4.4197861746E-05.
    Using symmetric orthogonalization.

  ==> Pre-Iterations <==

  SCF Guess: Orbitals guess was supplied from a previous computation.

   -------------------------------------------------------
    Irrep   Nso     Nmo     Nalpha   Nbeta   Ndocc  Nsocc
   -------------------------------------------------------
     A        409     409      83      83      83       0
   -------------------------------------------------------
    Total     409     409      83      83      83       0
   -------------------------------------------------------

  ==> Iterations <==

                           Total Energy        Delta E     RMS |[F,P]|

   @DF-RHF iter   0: -1407.62478085750536   -1.40762e+03   3.89347e-04 
   @DF-RHF iter   1: -1407.64197804864602   -1.71972e-02   6.53821e-05 DIIS
   @DF-RHF iter   2: -1407.64268334014105   -7.05291e-04   2.25082e-05 DIIS
   @DF-RHF iter   3: -1407.64278372947570   -1.00389e-04   8.59512e-06 DIIS
   @DF-RHF iter   4: -1407.64279229721569   -8.56774e-06   2.26389e-06 DIIS
   @DF-RHF iter   5: -1407.64279343783301   -1.14062e-06   1.15566e-06 DIIS
   @DF-RHF iter   6: -1407.64279370159397   -2.63761e-07   4.18744e-07 DIIS
   @DF-RHF iter   7: -1407.64279375382375   -5.22298e-08   1.74872e-07 DIIS
   @DF-RHF iter   8: -1407.64279376380296   -9.97920e-09   8.22408e-08 DIIS
   @DF-RHF iter   9: -1407.64279376603895   -2.23599e-09   3.11583e-08 DIIS
   @DF-RHF iter  10: -1407.64279376642867   -3.89718e-10   9.60666e-09 DIIS
  Energy and wave function converged.


  ==> Post-Iterations <==

    Orbital Energies [Eh]
    ---------------------

    Doubly Occupied:                                                      

       1A   -104.822588     2A    -20.630969     3A    -20.602801  
       4A    -20.567437     5A    -15.581798     6A    -15.580888  
       7A    -11.399270     8A    -11.329455     9A    -11.318199  
      10A    -11.317945    11A    -11.313665    12A    -11.299410  
      13A    -11.298314    14A    -11.263257    15A    -11.259955  
      16A    -11.257956    17A    -11.255662    18A    -11.248898  
      19A    -11.230675    20A    -11.226782    21A    -11.223214  
      22A    -11.222293    23A    -10.555562    24A     -8.025025  
      25A     -8.021602    26A     -8.021566    27A     -1.493747  
      28A     -1.437460    29A     -1.384902    30A     -1.336464  
      31A     -1.223531    32A     -1.193581    33A     -1.134263  
      34A     -1.128180    35A     -1.097984    36A     -1.040839  
      37A     -1.011397    38A     -0.981319    39A     -0.977931  
      40A     -0.948128    41A     -0.913896    42A     -0.874348  
      43A     -0.851524    44A     -0.817393    45A     -0.794067  
      46A     -0.788441    47A     -0.754123    48A     -0.735070  
      49A     -0.729854    50A     -0.706087    51A     -0.687624  
      52A     -0.676414    53A     -0.670953    54A     -0.664146  
      55A     -0.655339    56A     -0.648757    57A     -0.635397  
      58A     -0.627524    59A     -0.616743    60A     -0.597535  
      61A     -0.595128    62A     -0.590683    63A     -0.579545  
      64A     -0.562392    65A     -0.552898    66A     -0.532990  
      67A     -0.523947    68A     -0.506872    69A     -0.497812  
      70A     -0.490660    71A     -0.481873    72A     -0.478940  
      73A     -0.476877    74A     -0.474465    75A     -0.472332  
      76A     -0.465337    77A     -0.459505    78A     -0.446991  
      79A     -0.428578    80A     -0.421280    81A     -0.391268  
      82A     -0.349199    83A     -0.313098  

    Virtual:                                                              

      84A      0.059197    85A      0.090968    86A      0.123352  
      87A      0.169311    88A      0.203298    89A      0.213916  
      90A      0.221470    91A      0.238685    92A      0.242262  
      93A      0.243545    94A      0.266111    95A      0.289497  
      96A      0.292041    97A      0.296093    98A      0.308918  
      99A      0.318281   100A      0.322822   101A      0.323003  
     102A      0.332568   103A      0.337279   104A      0.343388  
     105A      0.352687   106A      0.364712   107A      0.380399  
     108A      0.388584   109A      0.397249   110A      0.401830  
     111A      0.413751   112A      0.421861   113A      0.430293  
     114A      0.445745   115A      0.450157   116A      0.467849  
     117A      0.485083   118A      0.494234   119A      0.505585  
     120A      0.510775   121A      0.521395   122A      0.526265  
     123A      0.540701   124A      0.568697   125A      0.583342  
     126A      0.595615   127A      0.629114   128A      0.638410  
     129A      0.642716   130A      0.656635   131A      0.667021  
     132A      0.694433   133A      0.710097   134A      0.711433  
     135A      0.724375   136A      0.735786   137A      0.738378  
     138A      0.744414   139A      0.749545   140A      0.751481  
     141A      0.755661   142A      0.772512   143A      0.777861  
     144A      0.792397   145A      0.802360   146A      0.807002  
     147A      0.813518   148A      0.825845   149A      0.830899  
     150A      0.839111   151A      0.852763   152A      0.859750  
     153A      0.877295   154A      0.883656   155A      0.891780  
     156A      0.893507   157A      0.906571   158A      0.913932  
     159A      0.918887   160A      0.923368   161A      0.932110  
     162A      0.938657   163A      0.951997   164A      0.958246  
     165A      0.965596   166A      0.974347   167A      0.982087  
     168A      0.991073   169A      1.012478   170A      1.023549  
     171A      1.025101   172A      1.034851   173A      1.039610  
     174A      1.051769   175A      1.060065   176A      1.067162  
     177A      1.072141   178A      1.076396   179A      1.085224  
     180A      1.097336   181A      1.102991   182A      1.109966  
     183A      1.114461   184A      1.123940   185A      1.129148  
     186A      1.136389   187A      1.141674   188A      1.151328  
     189A      1.154505   190A      1.157782   191A      1.162331  
     192A      1.164476   193A      1.174749   194A      1.177294  
     195A      1.187790   196A      1.195186   197A      1.199263  
     198A      1.206349   199A      1.212852   200A      1.216820  
     201A      1.223498   202A      1.241104   203A      1.263020  
     204A      1.267294   205A      1.293577   206A      1.305563  
     207A      1.310507   208A      1.331897   209A      1.350581  
     210A      1.365006   211A      1.375338   212A      1.404082  
     213A      1.419087   214A      1.431424   215A      1.444376  
     216A      1.444790   217A      1.464063   218A      1.470342  
     219A      1.501570   220A      1.504869   221A      1.507921  
     222A      1.533330   223A      1.540220   224A      1.554842  
     225A      1.567034   226A      1.590956   227A      1.614866  
     228A      1.621312   229A      1.631064   230A      1.642011  
     231A      1.653207   232A      1.657335   233A      1.670629  
     234A      1.679482   235A      1.696371   236A      1.708126  
     237A      1.731016   238A      1.737921   239A      1.773506  
     240A      1.787699   241A      1.791563   242A      1.805387  
     243A      1.817174   244A      1.828824   245A      1.829565  
     246A      1.840085   247A      1.851900   248A      1.897247  
     249A      1.923441   250A      1.924737   251A      1.939437  
     252A      1.950839   253A      1.989731   254A      2.014304  
     255A      2.026946   256A      2.031892   257A      2.039642  
     258A      2.050218   259A      2.055564   260A      2.075505  
     261A      2.078803   262A      2.083985   263A      2.094025  
     264A      2.118075   265A      2.146506   266A      2.147979  
     267A      2.162435   268A      2.167299   269A      2.181292  
     270A      2.191898   271A      2.210077   272A      2.218537  
     273A      2.228167   274A      2.239028   275A      2.249333  
     276A      2.265544   277A      2.273701   278A      2.277489  
     279A      2.290955   280A      2.299104   281A      2.310891  
     282A      2.322848   283A      2.325046   284A      2.339399  
     285A      2.349489   286A      2.368868   287A      2.377175  
     288A      2.392839   289A      2.405543   290A      2.412734  
     291A      2.416798   292A      2.441187   293A      2.469806  
     294A      2.488535   295A      2.504117   296A      2.515154  
     297A      2.523969   298A      2.547420   299A      2.557595  
     300A      2.578576   301A      2.588803   302A      2.592967  
     303A      2.594452   304A      2.610139   305A      2.614083  
     306A      2.625013   307A      2.633445   308A      2.653106  
     309A      2.660531   310A      2.662617   311A      2.680223  
     312A      2.685692   313A      2.705227   314A      2.716207  
     315A      2.729238   316A      2.733228   317A      2.737694  
     318A      2.752762   319A      2.757861   320A      2.782039  
     321A      2.804545   322A      2.818722   323A      2.833336  
     324A      2.839027   325A      2.848586   326A      2.860619  
     327A      2.863777   328A      2.882299   329A      2.886972  
     330A      2.893454   331A      2.896982   332A      2.901183  
     333A      2.916250   334A      2.926176   335A      2.937795  
     336A      2.964804   337A      2.969826   338A      2.979167  
     339A      3.001377   340A      3.014404   341A      3.036261  
     342A      3.046878   343A      3.065533   344A      3.074010  
     345A      3.086910   346A      3.090806   347A      3.096236  
     348A      3.112347   349A      3.127817   350A      3.128554  
     351A      3.135306   352A      3.145706   353A      3.175471  
     354A      3.198986   355A      3.202723   356A      3.221022  
     357A      3.247642   358A      3.262417   359A      3.276573  
     360A      3.286431   361A      3.324710   362A      3.352830  
     363A      3.378139   364A      3.410619   365A      3.439773  
     366A      3.467725   367A      3.544018   368A      3.564947  
     369A      3.571912   370A      3.597754   371A      3.621789  
     372A      3.659707   373A      3.672341   374A      3.681745  
     375A      3.693158   376A      3.739544   377A      3.766609  
     378A      3.778434   379A      3.819560   380A      3.831367  
     381A      3.857630   382A      3.863335   383A      3.881784  
     384A      3.910093   385A      3.977249   386A      4.061537  
     387A      4.184844   388A      4.372712   389A      4.467614  
     390A      4.492494   391A      4.523954   392A      4.553133  
     393A      4.556317   394A      4.576401   395A      4.659430  
     396A      4.709343   397A      4.757890   398A      4.781901  
     399A      4.807658   400A      4.820796   401A      4.844598  
     402A      4.873163   403A      4.910625   404A      5.019475  
     405A      5.085202   406A      5.161385   407A      5.191217  
     408A      5.227838   409A      5.293254  

    Final Occupation by Irrep:
              A 
    DOCC [    83 ]
    NA   [    83 ]
    NB   [    83 ]

  @DF-RHF Final Energy: -1407.64279376642867

   => Energetics <=

    Nuclear Repulsion Energy =           1807.5572420212431552
    One-Electron Energy =               -5520.7944432507365491
    Two-Electron Energy =                2305.5944074630647265
    Total Energy =                      -1407.6427937664288947

Computation Completed


Properties will be evaluated at   0.000000,   0.000000,   0.000000 [a0]

Properties computed using the SCF density matrix


 Multipole Moments:

 ------------------------------------------------------------------------------------
     Multipole            Electronic (a.u.)      Nuclear  (a.u.)        Total (a.u.)
 ------------------------------------------------------------------------------------

 L = 1.  Multiply by 2.5417464519 to convert [e a0] to [Debye]
 Dipole X            :        -24.2990951           25.2904616            0.9913665
 Dipole Y            :         19.8444616          -22.1287977           -2.2843361
 Dipole Z            :         -7.5644901            7.7265194            0.1620293
 Magnitude           :                                                    2.4954463

 ------------------------------------------------------------------------------------

*** tstop() called on gunsnroses at Thu Jan 23 19:44:40 2025
Module time:
	user time   =     124.07 seconds =       2.07 minutes
	system time =       6.61 seconds =       0.11 minutes
	total time  =         20 seconds =       0.33 minutes
Total time:
	user time   =     337.98 seconds =       5.63 minutes
	system time =      20.09 seconds =       0.33 minutes
	total time  =         59 seconds =       0.98 minutes

*** tstart() called on gunsnroses
*** at Thu Jan 23 19:44:40 2025


         ------------------------------------------------------------
                                   SCF GRAD                          
                          Rob Parrish, Justin Turney,                
                       Andy Simmonett, and Alex Sokolov              
         ------------------------------------------------------------

  ==> Geometry <==

    Molecular point group: c1
    Full point group: C1

    Geometry (in Angstrom), charge = 0, multiplicity = 1:

       Center              X                  Y                   Z               Mass       
    ------------   -----------------  -----------------  -----------------  -----------------
         N           -2.175201019044     2.216714727434    -0.815660985540    14.003074004430
         C           -1.990169810907     0.917907189987    -0.644070469697    12.000000000000
         C           -3.080266405451     0.045464337195    -0.690731922972    12.000000000000
         C           -4.312470915209     0.605944838629    -0.942018978277    12.000000000000
         N           -4.485953217763     1.902746719201    -1.126160037841    14.003074004430
         C           -3.402648602944     2.639828402717    -1.045572378886    12.000000000000
         C           -5.559509157826    -0.239364490753    -1.022332306680    12.000000000000
         O           -6.644993898908     0.178957421607    -1.227326571517    15.994914619570
         O           -5.303718294784    -1.530487726407    -0.831266202081    15.994914619570
         C           -0.604221146491     0.455048879884    -0.388831288563    12.000000000000
         C           -0.219225874365    -0.866032537932    -0.554990715760    12.000000000000
         C            1.079969943680    -1.275245747871    -0.310425880449    12.000000000000
         C            2.041187304656    -0.365096991437     0.111554924345    12.000000000000
         C            1.651362758598     0.968937089256     0.277899948071    12.000000000000
         C            0.362250159209     1.370971336880     0.026836242184    12.000000000000
         CL           2.817623018390     2.144909529017     0.808236922006    34.968852682000
         O            3.316978672675    -0.657951741141     0.361442639693    15.994914619570
         C            3.830733983358    -1.979722198477     0.257846947715    12.000000000000
         C            5.347408264064    -1.861692489123     0.378872243013    12.000000000000
         C            5.654571299491    -1.873935841693     1.894581602069    12.000000000000
         C            4.341169225201    -2.299998415172     2.593204635299    12.000000000000
         C            3.428713391736    -2.817450920175     1.472312183441    12.000000000000
         H           -2.982570219366    -1.005538677849    -0.522479590221     1.007825032230
         H           -3.527247660720     3.698987310581    -1.181377151213     1.007825032230
         H           -6.121886051248    -2.005831306082    -0.889098602481     1.007825032230
         H           -0.922094086170    -1.602505146425    -0.897455984233     1.007825032230
         H            1.334965544416    -2.306162212276    -0.452003539619     1.007825032230
         H            0.095911525707     2.401295468590     0.152923401479     1.007825032230
         H            3.528958921886    -2.403254414187    -0.692629789974     1.007825032230
         H            5.794166230755    -2.725531832220    -0.104260145917     1.007825032230
         H            5.712562706087    -0.977031305365    -0.127192055985     1.007825032230
         H            5.976895206253    -0.898651675382     2.238243149734     1.007825032230
         H            6.459767428310    -2.567875065297     2.111180384950     1.007825032230
         H            3.876881875092    -1.441961672920     3.064991202100     1.007825032230
         H            4.502937575902    -3.043314274783     3.365806851017     1.007825032230
         H            2.374435939511    -2.750158131434     1.714506797588     1.007825032230
         H            3.648681016459    -3.859732897914     1.252654925644     1.007825032230

  Nuclear repulsion = 1807.557242021243155

  ==> Basis Set <==

  Basis Set: 6-31G**
    Blend: 6-31G**
    Number of shells: 179
    Number of basis functions: 409
    Number of Cartesian functions: 409
    Spherical Harmonics?: false
    Max angular momentum: 2

  ==> DFJKGrad: Density-Fitted SCF Gradients <==

    Gradient:                    1
    J tasked:                  Yes
    K tasked:                  Yes
    wK tasked:                  No
    OpenMP threads:              8
    Integrals threads:           8
    Memory [MiB]:            17166
    Schwarz Cutoff:          1E-12
    Fitting Condition:       1E-10

   => Auxiliary Basis Set <=

  Basis Set: (6-31G** AUX)
    Blend: CC-PVDZ-JKFIT
    Number of shells: 675
    Number of basis functions: 2206
    Number of Cartesian functions: 2206
    Spherical Harmonics?: false
    Max angular momentum: 3


  -Total Gradient:
     Atom            X                  Y                   Z
    ------   -----------------  -----------------  -----------------
       1       -0.000387359842     0.000470234654     0.000113380402
       2       -0.000168088919    -0.000605878236    -0.000343937640
       3        0.000451928721     0.000038462168     0.000008491650
       4       -0.000393517922     0.000635430122     0.000720947242
       5       -0.000263281681    -0.000610943449    -0.000114575858
       6        0.000813315946     0.000070247245    -0.000290420083
       7        0.000071462134    -0.000155303093    -0.000724471345
       8       -0.000006676166     0.000038027982     0.000215250898
       9       -0.000030026638     0.000059020719     0.000141177446
      10        0.000046299005     0.000105022403     0.000091958233
      11       -0.000013233520    -0.000055030631    -0.000008159834
      12        0.000010999263    -0.000065168014     0.000446563669
      13       -0.000475267528     0.000086346129    -0.000366450836
      14        0.000089816282    -0.000125094290     0.000116113324
      15       -0.000091981717    -0.000099312618     0.000038889584
      16        0.000029766281    -0.000033882421     0.000007182373
      17        0.000463145271    -0.000996412976    -0.000357117668
      18        0.001616240663    -0.001517652194    -0.000585351422
      19       -0.000210563616     0.001774676998    -0.000107549024
      20       -0.000280287973     0.000386574820     0.000115499214
      21        0.000502380091    -0.001492548551    -0.000305010682
      22       -0.001926703047     0.001979511046     0.000864023910
      23        0.000010101400    -0.000009584285    -0.000002305349
      24       -0.000064462536     0.000016673372     0.000153273107
      25        0.000003742824    -0.000019544405     0.000016465161
      26       -0.000023580376     0.000023189230     0.000012514133
      27       -0.000172344198    -0.000041330006     0.000313525277
      28        0.000008996328     0.000013175265    -0.000006619773
      29        0.000456352987     0.000479214656     0.000170773892
      30       -0.000224339349    -0.000049311885     0.000123353355
      31        0.000614729237     0.000083369196     0.000041408584
      32        0.000156886063    -0.000066669931    -0.000033631010
      33        0.000029794139    -0.000229756630    -0.000253425536
      34       -0.000141418097    -0.000270579306    -0.000496941110
      35        0.000205012707     0.000126722649     0.000181222814
      36       -0.000742402140    -0.000219544293     0.000046873407
      37        0.000034565896     0.000277648516     0.000057079497


*** tstop() called on gunsnroses at Thu Jan 23 19:44:51 2025
Module time:
	user time   =      48.27 seconds =       0.80 minutes
	system time =       4.08 seconds =       0.07 minutes
	total time  =         11 seconds =       0.18 minutes
Total time:
	user time   =     386.26 seconds =       6.44 minutes
	system time =      24.17 seconds =       0.40 minutes
	total time  =         70 seconds =       1.17 minutes

    			-----------------------------------------

    			 OPTKING 3.0: for geometry optimizations 

    			     By R.A. King, Bethel University     

    			        with contributions from          

    			    A.V. Copan, J. Cayton, A. Heide      

    			-----------------------------------------

    
	                            ===> Fragment 1 <== 

	 Z (Atomic Numbers)          Masses                          Geom                  
	       7.000000            14.003074         -4.11053419  4.18898373 -1.54137587   
	       6.000000            12.000000         -3.76087589  1.73459320 -1.21711679   
	       6.000000            12.000000         -5.82085990  0.08591515 -1.30529416   
	       6.000000            12.000000         -8.14938895  1.14506979 -1.78015787   
	       7.000000            14.003074         -8.47722299  3.59567019 -2.12813404   
	       6.000000            12.000000         -6.43007396  4.98855270 -1.97584544   
	       6.000000            12.000000        -10.50594970  -0.45233333  -1.93192807 
	       8.000000            15.994915        -12.55721857   0.33818051  -2.31931109 
	       8.000000            15.994915        -10.02257502  -2.89220264  -1.57086546 
	       6.000000            12.000000         -1.14181249  0.85991776 -0.73478464   
	       6.000000            12.000000         -0.41427686 -1.63656431 -1.04878045   
	       6.000000            12.000000          2.04084742 -2.40986521 -0.58661990   
	       6.000000            12.000000          3.85728498 -0.68993332  0.21080825   
	       6.000000            12.000000          3.12062335  1.83102573  0.52515479   
	       6.000000            12.000000          0.68455359  2.59076035  0.05071315   
	      17.000000            34.968853          5.32453583  4.05329157  1.52734643   
	       8.000000            15.994915          6.26818126 -1.24334859  0.68302760   
	       6.000000            12.000000          7.23903809 -3.74113276  0.48726011   
	       6.000000            12.000000         10.10513710 -3.51808893  0.71596478   
	       6.000000            12.000000         10.68559111 -3.54122552  3.58024035   
	       6.000000            12.000000          8.20362090 -4.34636709  4.90044655   
	       6.000000            12.000000          6.47932927 -5.32421061  2.78226680   
	       1.000000             1.007825         -5.63624086 -1.90019271 -0.98734333   
	       1.000000             1.007825         -6.66553206  6.99007296 -2.23247927   
	       1.000000             1.007825        -11.56868801  -3.79047182  -1.68015286 
	       1.000000             1.007825         -1.74250528 -3.02829584 -1.69594602   
	       1.000000             1.007825          2.52271927 -4.35801498 -0.85416290   
	       1.000000             1.007825          0.18124652  4.53779078  0.28898335   
	       1.000000             1.007825          6.66876587 -4.54149265 -1.30888061   
	       1.000000             1.007825         10.94938730 -5.15050871 -0.19702312   
	       1.000000             1.007825         10.79517899 -1.84632158 -0.24035815   
	       1.000000             1.007825         11.29469502 -1.69820555  4.22966656   
	       1.000000             1.007825         12.20719127 -4.85258060  3.98955273   
	       1.000000             1.007825          7.32624496 -2.72491265  5.79199395   
	       1.000000             1.007825          8.50931878 -5.75103049  6.36045314   
	       1.000000             1.007825          4.48703363 -5.19704567  3.23994829   
	       1.000000             1.007825          6.89500784 -7.29383809  2.36717474   

	 - Coordinate -           - BOHR/RAD -       - ANG/DEG -
	 H(5,24)          =         3.849037           2.036822
	 H(8,25)          =         4.293191           2.271859
	 R(1,2)           =         2.500288           1.323095
	 R(1,6)           =         2.491654           1.318526
	 R(2,3)           =         2.639971           1.397013
	 R(2,10)          =         2.803069           1.483320
	 R(3,4)           =         2.601798           1.376812
	 R(3,23)          =         2.019852           1.068860
	 R(4,5)           =         2.496799           1.321249
	 R(4,7)           =         2.850984           1.508676
	 R(5,6)           =         2.480752           1.312758
	 R(6,24)          =         2.031597           1.075075
	 R(7,8)           =         2.232192           1.181225
	 R(7,9)           =         2.513360           1.330013
	 R(9,25)          =         1.791451           0.947995
	 R(10,11)         =         2.619222           1.386033
	 R(10,15)         =         2.635989           1.394905
	 R(11,12)         =         2.615191           1.383899
	 R(11,26)         =         2.029761           1.074103
	 R(12,13)         =         2.625548           1.389380
	 R(12,27)         =         2.024615           1.071380
	 R(13,14)         =         2.645131           1.399743
	 R(13,17)         =         2.518269           1.332611
	 R(14,15)         =         2.595521           1.373490
	 R(14,16)         =         3.286348           1.739061
	 R(15,28)         =         2.025097           1.071635
	 R(17,18)         =         2.686971           1.421884
	 R(18,19)         =         2.883848           1.526067
	 R(18,22)         =         2.889697           1.529162
	 R(18,29)         =         2.047415           1.083445
	 R(19,20)         =         2.922591           1.546568
	 R(19,30)         =         2.052096           1.085923
	 R(19,31)         =         2.045854           1.082619
	 R(20,21)         =         2.924273           1.547459
	 R(20,32)         =         2.046823           1.083132
	 R(20,33)         =         2.049989           1.084808
	 R(21,22)         =         2.901042           1.535165
	 R(21,34)         =         2.047867           1.083685
	 R(21,35)         =         2.048939           1.084252
	 R(22,36)         =         2.048142           1.083830
	 R(22,37)         =         2.055364           1.087652
	 B(1,2,3)         =         2.093918         119.972673
	 B(1,2,10)        =         2.048000         117.341754
	 B(1,6,5)         =         2.212720         126.779538
	 B(1,6,24)        =         2.033163         116.491631
	 B(2,1,6)         =         2.057607         117.892179
	 B(2,3,4)         =         2.037806         116.757674
	 B(2,3,23)        =         2.138258         122.513175
	 B(2,10,11)       =         2.136873         122.433818
	 B(2,10,15)       =         2.087203         119.587942
	 B(3,2,10)        =         2.141184         122.680786
	 B(3,4,5)         =         2.144208         122.854062
	 B(3,4,7)         =         2.119273         121.425421
	 B(4,3,23)        =         2.106931         120.718271
	 B(4,5,6)         =         2.019923         115.733082
	 B(4,7,8)         =         2.177783         124.777795
	 B(4,7,9)         =         1.957674         112.166475
	 B(5,4,7)         =         2.019704         115.720488
	 B(5,6,24)        =         2.037302         116.728824
	 B(7,9,25)        =         1.888105         108.180454
	 B(8,7,9)         =         2.147725         123.055563
	 B(10,11,12)      =         2.119311         121.427563
	 B(10,11,26)      =         2.105969         120.663140
	 B(10,15,14)      =         2.108966         120.834823
	 B(10,15,28)      =         2.087675         119.614983
	 B(11,10,15)      =         2.059090         117.977164
	 B(11,12,13)      =         2.105351         120.627725
	 B(11,12,27)      =         2.076718         118.987198
	 B(12,11,26)      =         2.057735         117.899537
	 B(12,13,14)      =         2.057533         117.887978
	 B(12,13,17)      =         2.183800         125.122520
	 B(13,12,27)      =         2.101116         120.385065
	 B(13,14,15)      =         2.116049         121.240688
	 B(13,14,16)      =         2.087413         119.599927
	 B(13,17,18)      =         2.137127         122.448359
	 B(14,13,17)      =         2.041801         116.986597
	 B(14,15,28)      =         2.086544         119.550169
	 B(15,14,16)      =         2.079720         119.159194
	 B(17,18,19)      =         1.856072         106.345064
	 B(17,18,22)      =         1.935215         110.879677
	 B(17,18,29)      =         1.903570         109.066510
	 B(18,19,20)      =         1.848864         105.932086
	 B(18,19,30)      =         1.888166         108.183915
	 B(18,19,31)      =         1.940503         111.182610
	 B(18,22,21)      =         1.812096         103.825458
	 B(18,22,36)      =         1.981434         113.527814
	 B(18,22,37)      =         1.887483         108.144809
	 B(19,18,22)      =         1.813853         103.926139
	 B(19,18,29)      =         1.956947         112.124790
	 B(19,20,21)      =         1.850496         106.025605
	 B(19,20,32)      =         1.942206         111.280190
	 B(19,20,33)      =         1.926407         110.375005
	 B(20,19,30)      =         1.926255         110.366293
	 B(20,19,31)      =         1.979694         113.428088
	 B(20,21,22)      =         1.841739         105.523889
	 B(20,21,34)      =         1.920031         110.009688
	 B(20,21,35)      =         1.964728         112.570629
	 B(21,20,32)      =         1.936115         110.931243
	 B(21,20,33)      =         1.943048         111.328424
	 B(21,22,36)      =         1.975859         113.208361
	 B(21,22,37)      =         1.928642         110.503026
	 B(22,18,29)      =         1.992538         114.164012
	 B(22,21,34)      =         1.907211         109.275123
	 B(22,21,35)      =         1.958299         112.202295
	 B(30,19,31)      =         1.878952         107.655999
	 B(32,20,33)      =         1.866865         106.963468
	 B(34,21,35)      =         1.871833         107.248137
	 B(36,22,37)      =         1.876908         107.538930
	 D(1,2,3,4)       =         0.018901           1.082935
	 D(1,2,3,23)      =        -3.101869        -177.723997
	 D(1,2,10,11)     =        -2.825628        -161.896585
	 D(1,2,10,15)     =         0.309241          17.718225
	 D(1,6,5,4)       =         0.012712           0.728366
	 D(2,1,6,5)       =        -0.000750          -0.042982
	 D(2,1,6,24)      =        -3.141802        -180.012007
	 D(2,3,4,5)       =        -0.006702          -0.383980
	 D(2,3,4,7)       =        -3.147180        -180.320123
	 D(2,10,11,12)    =         3.141913         180.018370
	 D(2,10,11,26)    =         0.020573           1.178774
	 D(2,10,15,14)    =         3.134965         179.620237
	 D(2,10,15,28)    =        -0.005628          -0.322439
	 D(3,2,1,6)       =        -0.015541          -0.890431
	 D(3,2,10,11)     =         0.329878          18.900615
	 D(3,2,10,15)     =        -2.818438        -161.484575
	 D(3,4,5,6)       =        -0.008211          -0.470433
	 D(3,4,7,8)       =         3.134426         179.589358
	 D(3,4,7,9)       =        -0.004631          -0.265341
	 D(4,3,2,10)      =        -3.136959        -179.734529
	 D(4,5,6,24)      =        -3.129422        -179.302672
	 D(4,7,9,25)      =         3.136891         179.730622
	 D(5,4,3,23)      =         3.114466         178.445745
	 D(5,4,7,8)       =        -0.006128          -0.351099
	 D(5,4,7,9)       =        -3.145184        -180.205797
	 D(6,1,2,10)      =         3.139571         179.884155
	 D(6,5,4,7)       =         3.132326         179.469083
	 D(7,4,3,23)      =        -0.026012          -1.490398
	 D(8,7,9,25)      =        -0.002216          -0.126984
	 D(10,2,3,23)     =         0.025456           1.458539
	 D(10,11,12,13)   =        -0.000157          -0.009012
	 D(10,11,12,27)   =        -3.141071        -179.970083
	 D(10,15,14,13)   =         0.012544           0.718692
	 D(10,15,14,16)   =        -3.131837        -179.441022
	 D(11,10,15,14)   =        -0.013053          -0.747888
	 D(11,10,15,28)   =         3.129540         179.309436
	 D(11,12,13,14)   =        -0.000756          -0.043304
	 D(11,12,13,17)   =        -3.131168        -179.402711
	 D(12,11,10,15)   =         0.006940           0.397655
	 D(12,13,14,15)   =        -0.005406          -0.309760
	 D(12,13,14,16)   =         3.138986         179.850648
	 D(12,13,17,18)   =        -0.035401          -2.028356
	 D(13,12,11,26)   =         3.121723         178.861561
	 D(13,14,15,28)   =        -3.130049        -179.338595
	 D(13,17,18,19)   =         2.973460         170.366696
	 D(13,17,18,22)   =        -1.348801         -77.280618
	 D(13,17,18,29)   =         0.859750          49.260032
	 D(14,13,12,27)   =         3.140148         179.917222
	 D(14,13,17,18)   =         3.117281         178.607026
	 D(15,10,11,26)   =        -3.114399        -178.441941
	 D(15,14,13,17)   =         3.125924         179.102263
	 D(16,14,13,17)   =        -0.012869          -0.737330
	 D(16,14,15,28)   =         0.008756           0.501691
	 D(17,13,12,27)   =         0.009736           0.557814
	 D(17,18,19,20)   =         1.495368          85.678298
	 D(17,18,19,30)   =        -2.722381        -155.980961
	 D(17,18,19,31)   =        -0.662669         -37.968142
	 D(17,18,22,21)   =        -1.306571         -74.861021
	 D(17,18,22,36)   =         0.846324          48.490793
	 D(17,18,22,37)   =         2.927561         167.736890
	 D(18,19,20,21)   =         0.205381          11.767452
	 D(18,19,20,32)   =        -1.901485        -108.947082
	 D(18,19,20,33)   =         2.311772         132.454777
	 D(18,22,21,20)   =        -0.552327         -31.646029
	 D(18,22,21,34)   =         1.511575          86.606839
	 D(18,22,21,35)   =        -2.697875        -154.576834
	 D(19,18,22,21)   =         0.681103          39.024350
	 D(19,18,22,36)   =         2.833999         162.376163
	 D(19,18,22,37)   =        -1.367950         -78.377739
	 D(19,20,21,22)   =         0.214555          12.293094
	 D(19,20,21,34)   =        -1.840743        -105.466815
	 D(19,20,21,35)   =         2.355996         134.988603
	 D(20,19,18,22)   =        -0.548233         -31.411449
	 D(20,19,18,29)   =        -2.708692        -155.196636
	 D(20,21,22,36)   =        -2.708868        -155.206727
	 D(20,21,22,37)   =         1.467871          84.102809
	 D(21,20,19,30)   =        -1.834586        -105.114026
	 D(21,20,19,31)   =         2.338598         133.991777
	 D(21,22,18,29)   =         2.818239         161.473185
	 D(22,18,19,30)   =         1.517202          86.929292
	 D(22,18,19,31)   =        -2.706271        -155.057889
	 D(22,21,20,32)   =         2.325360         133.233324
	 D(22,21,20,33)   =        -1.881023        -107.774684
	 D(26,11,12,27)   =        -0.019190          -1.099510
	 D(29,18,19,30)   =        -0.643257         -36.855895
	 D(29,18,19,31)   =         1.416456          81.156924
	 D(29,18,22,36)   =        -1.312051         -75.175002
	 D(29,18,22,37)   =         0.769186          44.071096
	 D(30,19,20,32)   =         2.341733         134.171440
	 D(30,19,20,33)   =         0.271805          15.573299
	 D(31,19,20,32)   =         0.231732          13.277243
	 D(31,19,20,33)   =        -1.838196        -105.320898
	 D(32,20,21,34)   =         0.270062          15.473415
	 D(32,20,21,35)   =        -1.816385        -104.071167
	 D(33,20,21,34)   =         2.346864         134.465407
	 D(33,20,21,35)   =         0.260418          14.920825
	 D(34,21,22,36)   =        -0.644967         -36.953859
	 D(34,21,22,37)   =        -2.751412        -157.644322
	 D(35,21,22,36)   =         1.428770          81.862468
	 D(35,21,22,37)   =        -0.677676         -38.827996


	        --- Internal Coordinate Step in ANG or DEG, aJ/ANG or AJ/DEG ---
	-------------------------------------------------------------------------------
	           Coordinate      Previous         Force          Change          New 
	           ----------      --------        ------          ------        ------
	              H(5,24)       2.03682       -0.00081       -0.00015       2.03668
	              H(8,25)       2.27186       -0.00010       -0.00018       2.27168
	               R(1,2)       1.32310       -0.00266       -0.00032       1.32278
	               R(1,6)       1.31853        0.00325        0.00037       1.31889
	               R(2,3)       1.39701        0.00237        0.00036       1.39737
	              R(2,10)       1.48332        0.00032        0.00006       1.48338
	               R(3,4)       1.37681       -0.00220       -0.00034       1.37647
	              R(3,23)       1.06886       -0.00008       -0.00002       1.06884
	               R(4,5)       1.32125        0.00304        0.00035       1.32160
	               R(4,7)       1.50868       -0.00025       -0.00008       1.50860
	               R(5,6)       1.31276       -0.00271       -0.00038       1.31238
	              R(6,24)       1.07507        0.00063       -0.00000       1.07507
	               R(7,8)       1.18123        0.00020       -0.00001       1.18122
	               R(7,9)       1.33001        0.00027        0.00002       1.33003
	              R(9,25)       0.94800       -0.00002       -0.00002       0.94798
	             R(10,11)       1.38603        0.00017       -0.00000       1.38603
	             R(10,15)       1.39491        0.00057        0.00002       1.39492
	             R(11,12)       1.38390        0.00001       -0.00005       1.38385
	             R(11,26)       1.07410        0.00004       -0.00001       1.07410
	             R(12,13)       1.38938        0.00009        0.00013       1.38951
	             R(12,27)       1.07138        0.00035       -0.00002       1.07136
	             R(13,14)       1.39974        0.00165        0.00012       1.39986
	             R(13,17)       1.33261       -0.00305       -0.00027       1.33234
	             R(14,15)       1.37349       -0.00005       -0.00004       1.37345
	             R(14,16)       1.73906        0.00001       -0.00000       1.73906
	             R(15,28)       1.07164       -0.00008       -0.00001       1.07162
	             R(17,18)       1.42188        0.00928        0.00075       1.42264
	             R(18,19)       1.52607       -0.00032        0.00020       1.52627
	             R(18,22)       1.52916       -0.00078        0.00005       1.52921
	             R(18,29)       1.08345        0.00382        0.00035       1.08379
	             R(19,20)       1.54657        0.00070       -0.00080       1.54577
	             R(19,30)       1.08592        0.00089        0.00014       1.08606
	             R(19,31)       1.08262       -0.00211       -0.00010       1.08252
	             R(20,21)       1.54746       -0.00300       -0.00020       1.54726
	             R(20,32)       1.08313        0.00020        0.00008       1.08321
	             R(20,33)       1.08481       -0.00098       -0.00001       1.08480
	             R(21,22)       1.53517        0.00372        0.00057       1.53574
	             R(21,34)       1.08368        0.00305        0.00030       1.08398
	             R(21,35)       1.08425       -0.00060       -0.00004       1.08422
	             R(22,36)       1.08383       -0.00592       -0.00063       1.08320
	             R(22,37)       1.08765        0.00223        0.00005       1.08770
	             B(1,2,3)     119.97267       -0.00000       -0.00604     119.96663
	            B(1,2,10)     117.34175        0.00001        0.01271     117.35447
	             B(1,6,5)     126.77954       -0.00000        0.00279     126.78233
	            B(1,6,24)     116.49163       -0.00001       -0.02066     116.47097
	             B(2,1,6)     117.89218        0.00000        0.00247     117.89465
	             B(2,3,4)     116.75767        0.00000        0.00381     116.76149
	            B(2,3,23)     122.51317       -0.00000        0.00317     122.51635
	           B(2,10,11)     122.43382        0.00000        0.01369     122.44751
	           B(2,10,15)     119.58794       -0.00000       -0.00672     119.58123
	            B(3,2,10)     122.68079       -0.00000       -0.00563     122.67516
	             B(3,4,5)     122.85406       -0.00000       -0.00022     122.85385
	             B(3,4,7)     121.42542        0.00000        0.00710     121.43252
	            B(4,3,23)     120.71827       -0.00000       -0.00677     120.71150
	             B(4,5,6)     115.73308       -0.00000       -0.00253     115.73056
	             B(4,7,8)     124.77779        0.00000        0.00240     124.78020
	             B(4,7,9)     112.16647        0.00000        0.00224     112.16871
	             B(5,4,7)     115.72049       -0.00000       -0.00716     115.71333
	            B(5,6,24)     116.72882        0.00001        0.01748     116.74631
	            B(7,9,25)     108.18045       -0.00000       -0.00589     108.17456
	             B(8,7,9)     123.05556       -0.00000       -0.00599     123.04957
	          B(10,11,12)     121.42756        0.00000        0.00818     121.43574
	          B(10,11,26)     120.66314        0.00000        0.00571     120.66885
	          B(10,15,14)     120.83482        0.00000        0.00307     120.83789
	          B(10,15,28)     119.61498       -0.00000       -0.00542     119.60956
	          B(11,10,15)     117.97716       -0.00000       -0.00752     117.96964
	          B(11,12,13)     120.62772        0.00000        0.00277     120.63050
	          B(11,12,27)     118.98720        0.00001        0.01318     119.00038
	          B(12,11,26)     117.89954       -0.00000       -0.01454     117.88500
	          B(12,13,14)     117.88798       -0.00000       -0.01496     117.87302
	          B(12,13,17)     125.12252       -0.00001        0.01028     125.13280
	          B(13,12,27)     120.38507       -0.00001       -0.01626     120.36880
	          B(13,14,15)     121.24069        0.00000        0.00799     121.24868
	          B(13,14,16)     119.59993        0.00001       -0.00071     119.59921
	          B(13,17,18)     122.44836        0.00002        0.05687     122.50522
	          B(14,13,17)     116.98660        0.00002       -0.00065     116.98594
	          B(14,15,28)     119.55017        0.00000        0.00237     119.55254
	          B(15,14,16)     119.15919       -0.00001       -0.00716     119.15203
	          B(17,18,19)     106.34506        0.00000       -0.07112     106.27395
	          B(17,18,22)     110.87968        0.00006        0.27323     111.15290
	          B(17,18,29)     109.06651       -0.00001        0.07376     109.14027
	          B(18,19,20)     105.93209        0.00004        0.06162     105.99371
	          B(18,19,30)     108.18391        0.00001        0.16117     108.34508
	          B(18,19,31)     111.18261       -0.00005       -0.22420     110.95841
	          B(18,22,21)     103.82546        0.00002       -0.00773     103.81773
	          B(18,22,36)     113.52781       -0.00003       -0.08628     113.44153
	          B(18,22,37)     108.14481        0.00002        0.14470     108.28951
	          B(19,18,22)     103.92614       -0.00007       -0.19705     103.72909
	          B(19,18,29)     112.12479        0.00001       -0.04597     112.07882
	          B(19,20,21)     106.02560       -0.00001       -0.04382     105.98178
	          B(19,20,32)     111.28019        0.00001       -0.12510     111.15509
	          B(19,20,33)     110.37501        0.00001        0.12520     110.50021
	          B(20,19,30)     110.36629       -0.00000        0.13166     110.49795
	          B(20,19,31)     113.42809       -0.00000       -0.17368     113.25441
	          B(20,21,22)     105.52389       -0.00003       -0.06265     105.46124
	          B(20,21,34)     110.00969        0.00002        0.04530     110.05499
	          B(20,21,35)     112.57063       -0.00000       -0.01077     112.55986
	          B(21,20,32)     110.93124       -0.00000       -0.05092     110.88032
	          B(21,20,33)     111.32842       -0.00000        0.02620     111.35462
	          B(21,22,36)     113.20836       -0.00004       -0.16344     113.04492
	          B(21,22,37)     110.50303        0.00002        0.10145     110.60447
	          B(22,18,29)     114.16401        0.00000       -0.04291     114.12110
	          B(22,21,34)     109.27512        0.00003        0.18253     109.45765
	          B(22,21,35)     112.20229       -0.00001       -0.15197     112.05033
	          B(30,19,31)     107.65600        0.00001        0.05787     107.71387
	          B(32,20,33)     106.96347       -0.00000        0.06702     107.03049
	          B(34,21,35)     107.24814       -0.00001        0.00720     107.25534
	          B(36,22,37)     107.53893        0.00001        0.02756     107.56649
	           D(1,2,3,4)       1.08294       -0.00000       -0.01325       1.06969
	          D(1,2,3,23)    -177.72400       -0.00000       -0.02500    -177.74900
	         D(1,2,10,11)    -161.89659        0.00000       -0.02736    -161.92395
	         D(1,2,10,15)      17.71823       -0.00000       -0.11463      17.60360
	           D(1,6,5,4)       0.72837        0.00000        0.04479       0.77315
	           D(2,1,6,5)      -0.04298       -0.00001       -0.11265      -0.15563
	          D(2,1,6,24)    -180.01201        0.00001        0.09224    -179.91976
	           D(2,3,4,5)      -0.38398       -0.00001       -0.05663      -0.44061
	           D(2,3,4,7)    -180.32012        0.00001        0.08975    -180.23037
	        D(2,10,11,12)     180.01837        0.00000        0.00884     180.02721
	        D(2,10,11,26)       1.17877        0.00000        0.04653       1.22531
	        D(2,10,15,14)     179.62024        0.00000        0.01775     179.63799
	        D(2,10,15,28)      -0.32244       -0.00000       -0.00856      -0.33100
	           D(3,2,1,6)      -0.89043        0.00001        0.09046      -0.79997
	         D(3,2,10,11)      18.90061       -0.00000       -0.11979      18.78082
	         D(3,2,10,15)    -161.48457       -0.00001       -0.20706    -161.69163
	           D(3,4,5,6)      -0.47043        0.00001        0.04302      -0.42741
	           D(3,4,7,8)     179.58936        0.00000        0.22884     179.81819
	           D(3,4,7,9)      -0.26534       -0.00002       -0.35482      -0.62016
	          D(4,3,2,10)    -179.73453        0.00001        0.08166    -179.65287
	          D(4,5,6,24)    -179.30267       -0.00001       -0.16061    -179.46328
	          D(4,7,9,25)     179.73062        0.00001        0.29413     180.02476
	          D(5,4,3,23)     178.44574       -0.00001       -0.04498     178.40077
	           D(5,4,7,8)      -0.35110        0.00002        0.36532       0.01422
	           D(5,4,7,9)    -180.20580       -0.00000       -0.21834    -180.42414
	          D(6,1,2,10)     179.88415        0.00000        0.00066     179.88481
	           D(6,5,4,7)     179.46908       -0.00001       -0.09560     179.37348
	          D(7,4,3,23)      -1.49040        0.00001        0.10140      -1.38899
	          D(8,7,9,25)      -0.12698       -0.00001       -0.27780      -0.40478
	         D(10,2,3,23)       1.45854        0.00001        0.06991       1.52844
	       D(10,11,12,13)      -0.00901        0.00000        0.04707       0.03806
	       D(10,11,12,27)    -179.97008        0.00001        0.21357    -179.75651
	       D(10,15,14,13)       0.71869       -0.00001       -0.10532       0.61337
	       D(10,15,14,16)    -179.44102       -0.00000       -0.04776    -179.48879
	       D(11,10,15,14)      -0.74789       -0.00000       -0.06555      -0.81343
	       D(11,10,15,28)     179.30944       -0.00001       -0.09186     179.21758
	       D(11,12,13,14)      -0.04330       -0.00001       -0.21277      -0.25607
	       D(11,12,13,17)    -179.40271        0.00002        0.22565    -179.17706
	       D(12,11,10,15)       0.39766        0.00001        0.09476       0.49242
	       D(12,13,14,15)      -0.30976        0.00002        0.24281      -0.06695
	       D(12,13,14,16)     179.85065        0.00001        0.18501     180.03566
	       D(12,13,17,18)      -2.02836       -0.00009       -1.76292      -3.79128
	       D(13,12,11,26)     178.86156        0.00000        0.01060     178.87216
	       D(13,14,15,28)    -179.33860       -0.00001       -0.07903    -179.41763
	       D(13,17,18,19)     170.36670       -0.00007       -3.75016     166.61654
	       D(13,17,18,22)     -77.28062       -0.00012       -3.88961     -81.17022
	       D(13,17,18,29)      49.26003       -0.00008       -3.69461      45.56542
	       D(14,13,12,27)     179.91722       -0.00002       -0.38154     179.53568
	       D(14,13,17,18)     178.60703       -0.00006       -1.32792     177.27910
	       D(15,10,11,26)    -178.44194        0.00001        0.13246    -178.30948
	       D(15,14,13,17)     179.10226       -0.00001       -0.15947     178.94280
	       D(16,14,13,17)      -0.73733       -0.00002       -0.21727      -0.95460
	       D(16,14,15,28)       0.50169       -0.00000       -0.02147       0.48022
	       D(17,13,12,27)       0.55781        0.00000        0.05688       0.61469
	       D(17,18,19,20)      85.67830       -0.00000       -0.12736      85.55094
	       D(17,18,19,30)    -155.98096        0.00002        0.14037    -155.84060
	       D(17,18,19,31)     -37.96814        0.00001        0.17971     -37.78843
	       D(17,18,22,21)     -74.86102        0.00006        0.35635     -74.50468
	       D(17,18,22,36)      48.49079        0.00001        0.09941      48.59020
	       D(17,18,22,37)     167.73689        0.00001        0.17920     167.91609
	       D(18,19,20,21)      11.76745        0.00003        0.21810      11.98555
	       D(18,19,20,32)    -108.94708        0.00003        0.37748    -108.56960
	       D(18,19,20,33)     132.45478        0.00002        0.29266     132.74743
	       D(18,22,21,20)     -31.64603       -0.00006       -0.20652     -31.85255
	       D(18,22,21,34)      86.60684       -0.00004       -0.09569      86.51115
	       D(18,22,21,35)    -154.57683       -0.00004       -0.06166    -154.63849
	       D(19,18,22,21)      39.02435        0.00005        0.28973      39.31408
	       D(19,18,22,36)     162.37616        0.00001        0.03280     162.40896
	       D(19,18,22,37)     -78.37774        0.00001        0.11259     -78.26515
	       D(19,20,21,22)      12.29309        0.00001       -0.01691      12.27618
	       D(19,20,21,34)    -105.46682       -0.00001       -0.21997    -105.68678
	       D(19,20,21,35)     134.98860       -0.00001       -0.25304     134.73556
	       D(20,19,18,22)     -31.41145       -0.00005       -0.31493     -31.72638
	       D(20,19,18,29)    -155.19664       -0.00001       -0.10810    -155.30473
	       D(20,21,22,36)    -155.20673       -0.00002       -0.00076    -155.20749
	       D(20,21,22,37)      84.10281       -0.00001        0.00349      84.10630
	       D(21,20,19,30)    -105.11403       -0.00001       -0.07466    -105.18869
	       D(21,20,19,31)     133.99178       -0.00001       -0.12466     133.86712
	       D(21,22,18,29)     161.47318        0.00002        0.07292     161.54610
	       D(22,18,19,30)      86.92929       -0.00002       -0.04720      86.88209
	       D(22,18,19,31)    -155.05789       -0.00004       -0.00786    -155.06575
	       D(22,21,20,32)     133.23332        0.00001       -0.22379     133.00953
	       D(22,21,20,33)    -107.77468        0.00001       -0.15597    -107.93066
	       D(26,11,12,27)      -1.09951        0.00001        0.17711      -0.92240
	       D(29,18,19,30)     -36.85589        0.00002        0.15962     -36.69627
	       D(29,18,19,31)      81.15692        0.00000        0.19897      81.35589
	       D(29,18,22,36)     -75.17500       -0.00003       -0.18402     -75.35902
	       D(29,18,22,37)      44.07110       -0.00002       -0.10423      43.96687
	       D(30,19,20,32)     134.17144       -0.00000        0.08471     134.25615
	       D(30,19,20,33)      15.57330       -0.00001       -0.00011      15.57319
	       D(31,19,20,32)      13.27724       -0.00001        0.03472      13.31196
	       D(31,19,20,33)    -105.32090       -0.00002       -0.05010    -105.37100
	       D(32,20,21,34)      15.47341       -0.00001       -0.42684      15.04657
	       D(32,20,21,35)    -104.07117       -0.00001       -0.45992    -104.53108
	       D(33,20,21,34)     134.46541       -0.00002       -0.35903     134.10638
	       D(33,20,21,35)      14.92082       -0.00002       -0.39210      14.52873
	       D(34,21,22,36)     -36.95386        0.00000        0.11007     -36.84379
	       D(34,21,22,37)    -157.64432        0.00001        0.11432    -157.53000
	       D(35,21,22,36)      81.86247        0.00001        0.14409      82.00656
	       D(35,21,22,37)     -38.82800        0.00001        0.14835     -38.67965
	-------------------------------------------------------------------------------

	                                 ==> Convergence Check <==                                  
    
	Measures of convergence in internal coordinates in au.
    
	Criteria marked as inactive (o), active & met (*), and active & unmet ( ).

	----------------------------------------------------------------------------------------------
	   Step    Total Energy     Delta E     Max Force     RMS Force      Max Disp      RMS Disp   
	----------------------------------------------------------------------------------------------
	  Convergence Criteria     1.00e-06 *    3.00e-04 *             o    1.20e-03 *             o
	----------------------------------------------------------------------------------------------
	     2   -1407.64279377   -2.75e-05      1.56e-03      2.99e-04 o    6.79e-02      8.67e-03 o  ~
	----------------------------------------------------------------------------------------------

Next Geometry in Ang 
	Fragment 1 (Ang)

	    N  -2.1854828257   2.2234265048  -0.7844305960
	    C  -2.0051483659   0.9212590804  -0.6375393503
	    C  -3.0963491952   0.0520665080  -0.7177381081
	    C  -4.3236665646   0.6200936225  -0.9740936720
	    N  -4.4925287379   1.9212980394  -1.1321461991
	    C  -3.4094730873   2.6540582250  -1.0208273068
	    C  -5.5712964444  -0.2203878225  -1.0875402476
	    O  -6.6524706262   0.2041067847  -1.3023593711
	    O  -5.3197376180  -1.5164020664  -0.9261510293
	    C  -0.6234332780   0.4498646526  -0.3747064338
	    C  -0.2390519325  -0.8684490182  -0.5628175604
	    C   1.0560515248  -1.2856572560  -0.3104458509
	    C   2.0137591910  -0.3867502452   0.1428817278
	    C   1.6253663949   0.9453577421   0.3279519090
	    C   0.3402283078   1.3552721813   0.0695940184
	   Cl   2.7881525920   2.1085464741   0.8929676339
	    O   3.2864790624  -0.6865369085   0.3986769042
	    C   3.7933665636  -2.0124746959   0.3046001607
	    C   5.3145660891  -1.8920019571   0.3350764318
	    C   5.7091493129  -1.8565068461   1.8292181681
	    C   4.4401279168  -2.2645513931   2.6147747437
	    C   3.4678355419  -2.8182667516   1.5628558161
	    H  -3.0029300631  -1.0024637122  -0.5705928830
	    H  -3.5296596231   3.7159854417  -1.1376531699
	    H  -6.1375012495  -1.9888116913  -1.0083239830
	    H  -0.9388082796  -1.5961698241  -0.9294840436
	    H   1.3116845606  -2.3133007928  -0.4729880997
	    H   0.0748212293   2.3837279182   0.2117669130
	    H   3.4388122118  -2.4640679124  -0.6146167196
	    H   5.7365910898  -2.7678281842  -0.1490204736
	    H   5.6450445263  -1.0202392158  -0.2150720390
	    H   6.0434035821  -0.8686049604   2.1219097195
	    H   6.5296162813  -2.5395369212   2.0218057925
	    H   4.0011938757  -1.3946235234   3.0897274497
	    H   4.6488509426  -2.9866065288   3.3961798639
	    H   2.4300838232  -2.7454795056   1.8646915468
	    H   3.6783089014  -3.8661599034   1.3610787402


    Structure for next step:
    Molecular point group: c1
    Full point group: C1

    Geometry (in Angstrom), charge = 0, multiplicity = 1:

    N           -2.176448555470     2.226902898606    -0.791267253295
    C           -1.996114095696     0.924735474216    -0.644376007604
    C           -3.087314925019     0.055542901811    -0.724574765404
    C           -4.314632294336     0.623570016258    -0.980930329364
    N           -4.483494467725     1.924774433153    -1.138982856424
    C           -3.400438817107     2.657534618728    -1.027663964124
    C           -5.562262174167    -0.216911428776    -1.094376904951
    O           -6.643436355972     0.207583178477    -1.309196028456
    O           -5.310703347773    -1.512925672675    -0.932987686685
    C           -0.614399007756     0.453341046389    -0.381543091111
    C           -0.230017662284    -0.864972624476    -0.569654217754
    C            1.065085795041    -1.282180862199    -0.317282508210
    C            2.022793461260    -0.383273851423     0.136045070483
    C            1.634400665128     0.948834135910     0.321115251677
    C            0.349262577997     1.358748575091     0.062757361051
    CL           2.797186862195     2.112022867915     0.886130976533
    O            3.295513332621    -0.683060514704     0.391840246875
    C            3.802400833844    -2.008998302174     0.297763503329
    C            5.323600359322    -1.888525563310     0.328239774430
    C            5.718183583124    -1.853030452289     1.822381510796
    C            4.449162186992    -2.261074999328     2.607938086369
    C            3.476869812109    -2.814790357845     1.556019158744
    H           -2.993895792890    -0.998987318427    -0.577429540304
    H           -3.520625352913     3.719461835418    -1.144489827237
    H           -6.128466979277    -1.985335297578    -1.015160640288
    H           -0.929774009406    -1.592693430339    -0.936320700974
    H            1.320718830811    -2.309824399072    -0.479824757024
    H            0.083855499530     2.387204311933     0.204930255652
    H            3.447846482056    -2.460591518661    -0.621453376935
    H            5.745625360009    -2.764351790428    -0.155857130945
    H            5.654078796494    -1.016762822007    -0.221908696365
    H            6.052437852316    -0.865128566601     2.115073062155
    H            6.538650551565    -2.536060527435     2.014969135117
    H            4.010228145928    -1.391147129653     3.082890792391
    H            4.657885212809    -2.983130135011     3.389343206529
    H            2.439118093388    -2.742003111833     1.857854889507
    H            3.687343171617    -3.862683509662     1.354242082820


Scratch directory: /tmp/
gradient() will perform analytic gradient computation.
   => Libint2 <=

    Primary   basis highest AM E, G, H:  6, 6, 3
    Auxiliary basis highest AM E, G, H:  7, 7, 4
    Onebody   basis highest AM E, G, H:  -, -, -
    Solid Harmonics ordering:            Gaussian

*** tstart() called on gunsnroses
*** at Thu Jan 23 19:44:51 2025

   => Loading Basis Set <=

    Name: 6-31G**
    Role: ORBITAL
    Keyword: BASIS
    atoms 1, 5                   entry N          line   132 file /home/joaopedroval/miniforge3/envs/PubChem/share/psi4/basis/6-31gss.gbs 
    atoms 2-4, 6-7, 10-15, 18-22 entry C          line   115 file /home/joaopedroval/miniforge3/envs/PubChem/share/psi4/basis/6-31gss.gbs 
    atoms 8-9, 17                entry O          line   149 file /home/joaopedroval/miniforge3/envs/PubChem/share/psi4/basis/6-31gss.gbs 
    atoms 16                     entry CL         line   344 file /home/joaopedroval/miniforge3/envs/PubChem/share/psi4/basis/6-31gss.gbs 
    atoms 23-37                  entry H          line    44 file /home/joaopedroval/miniforge3/envs/PubChem/share/psi4/basis/6-31gss.gbs 


         ---------------------------------------------------------
                                   SCF
               by Justin Turney, Rob Parrish, Andy Simmonett
                          and Daniel G. A. Smith
                              RHF Reference
                        8 Threads,  22888 MiB Core
         ---------------------------------------------------------

  ==> Geometry <==

    Molecular point group: c1
    Full point group: C1

    Geometry (in Angstrom), charge = 0, multiplicity = 1:

       Center              X                  Y                   Z               Mass       
    ------------   -----------------  -----------------  -----------------  -----------------
         N           -2.176448555470     2.226902898606    -0.791267253295    14.003074004430
         C           -1.996114095696     0.924735474216    -0.644376007604    12.000000000000
         C           -3.087314925019     0.055542901811    -0.724574765404    12.000000000000
         C           -4.314632294336     0.623570016258    -0.980930329364    12.000000000000
         N           -4.483494467725     1.924774433153    -1.138982856424    14.003074004430
         C           -3.400438817107     2.657534618728    -1.027663964124    12.000000000000
         C           -5.562262174167    -0.216911428776    -1.094376904951    12.000000000000
         O           -6.643436355972     0.207583178477    -1.309196028456    15.994914619570
         O           -5.310703347773    -1.512925672675    -0.932987686685    15.994914619570
         C           -0.614399007756     0.453341046389    -0.381543091111    12.000000000000
         C           -0.230017662284    -0.864972624476    -0.569654217754    12.000000000000
         C            1.065085795041    -1.282180862199    -0.317282508210    12.000000000000
         C            2.022793461260    -0.383273851423     0.136045070483    12.000000000000
         C            1.634400665128     0.948834135910     0.321115251677    12.000000000000
         C            0.349262577997     1.358748575091     0.062757361051    12.000000000000
         CL           2.797186862195     2.112022867915     0.886130976533    34.968852682000
         O            3.295513332621    -0.683060514704     0.391840246875    15.994914619570
         C            3.802400833844    -2.008998302174     0.297763503329    12.000000000000
         C            5.323600359322    -1.888525563310     0.328239774430    12.000000000000
         C            5.718183583124    -1.853030452289     1.822381510796    12.000000000000
         C            4.449162186992    -2.261074999328     2.607938086369    12.000000000000
         C            3.476869812109    -2.814790357845     1.556019158744    12.000000000000
         H           -2.993895792890    -0.998987318427    -0.577429540304     1.007825032230
         H           -3.520625352913     3.719461835418    -1.144489827237     1.007825032230
         H           -6.128466979277    -1.985335297578    -1.015160640288     1.007825032230
         H           -0.929774009406    -1.592693430339    -0.936320700974     1.007825032230
         H            1.320718830811    -2.309824399072    -0.479824757024     1.007825032230
         H            0.083855499530     2.387204311933     0.204930255652     1.007825032230
         H            3.447846482056    -2.460591518661    -0.621453376935     1.007825032230
         H            5.745625360009    -2.764351790428    -0.155857130945     1.007825032230
         H            5.654078796494    -1.016762822007    -0.221908696365     1.007825032230
         H            6.052437852316    -0.865128566601     2.115073062155     1.007825032230
         H            6.538650551565    -2.536060527435     2.014969135117     1.007825032230
         H            4.010228145928    -1.391147129653     3.082890792391     1.007825032230
         H            4.657885212809    -2.983130135011     3.389343206529     1.007825032230
         H            2.439118093388    -2.742003111833     1.857854889507     1.007825032230
         H            3.687343171617    -3.862683509662     1.354242082820     1.007825032230

  Running in c1 symmetry.

  Rotational constants: A =      0.02085  B =      0.00337  C =      0.00299 [cm^-1]
  Rotational constants: A =    624.95812  B =    100.95652  C =     89.55090 [MHz]
  Nuclear repulsion = 1806.074962084439903

  Charge       = 0
  Multiplicity = 1
  Electrons    = 166
  Nalpha       = 83
  Nbeta        = 83

  ==> Algorithm <==

  SCF Algorithm Type is DF.
  DIIS enabled.
  MOM disabled.
  Fractional occupation disabled.
  Guess Type is READ.
  Energy threshold   = 1.00e-08
  Density threshold  = 1.00e-08
  Integral threshold = 1.00e-12

  ==> Primary Basis <==

  Basis Set: 6-31G**
    Blend: 6-31G**
    Number of shells: 179
    Number of basis functions: 409
    Number of Cartesian functions: 409
    Spherical Harmonics?: false
    Max angular momentum: 2

   => Loading Basis Set <=

    Name: (6-31G** AUX)
    Role: JKFIT
    Keyword: DF_BASIS_SCF
    atoms 1, 5                   entry N          line   171 file /home/joaopedroval/miniforge3/envs/PubChem/share/psi4/basis/cc-pvdz-jkfit.gbs 
    atoms 2-4, 6-7, 10-15, 18-22 entry C          line   121 file /home/joaopedroval/miniforge3/envs/PubChem/share/psi4/basis/cc-pvdz-jkfit.gbs 
    atoms 8-9, 17                entry O          line   221 file /home/joaopedroval/miniforge3/envs/PubChem/share/psi4/basis/cc-pvdz-jkfit.gbs 
    atoms 16                     entry CL         line   667 file /home/joaopedroval/miniforge3/envs/PubChem/share/psi4/basis/cc-pvdz-jkfit.gbs 
    atoms 23-37                  entry H          line    51 file /home/joaopedroval/miniforge3/envs/PubChem/share/psi4/basis/cc-pvdz-jkfit.gbs 

   => Loading Basis Set <=

    Name: 6-31G**
    Role: ORBITAL
    Keyword: BASIS
    atoms 1, 5                   entry N          line   132 file /home/joaopedroval/miniforge3/envs/PubChem/share/psi4/basis/6-31gss.gbs 
    atoms 2-4, 6-7, 10-15, 18-22 entry C          line   115 file /home/joaopedroval/miniforge3/envs/PubChem/share/psi4/basis/6-31gss.gbs 
    atoms 8-9, 17                entry O          line   149 file /home/joaopedroval/miniforge3/envs/PubChem/share/psi4/basis/6-31gss.gbs 
    atoms 16                     entry CL         line   344 file /home/joaopedroval/miniforge3/envs/PubChem/share/psi4/basis/6-31gss.gbs 
    atoms 23-37                  entry H          line    44 file /home/joaopedroval/miniforge3/envs/PubChem/share/psi4/basis/6-31gss.gbs 

  Reading orbitals from file /tmp/stdout.default.8009.180.npy, no projection.

  ==> Integral Setup <==

  DFHelper Memory: AOs need 1.740 GiB; user supplied 16.764 GiB. 
  Using in-core AOs.

  ==> MemDFJK: Density-Fitted J/K Matrices <==

    J tasked:                   Yes
    K tasked:                   Yes
    wK tasked:                   No
    OpenMP threads:               8
    Memory [MiB]:             17166
    Algorithm:                 Core
    Schwarz Cutoff:           1E-12
    Mask sparsity (%):      39.7606
    Fitting Condition:        1E-10

   => Auxiliary Basis Set <=

  Basis Set: (6-31G** AUX)
    Blend: CC-PVDZ-JKFIT
    Number of shells: 675
    Number of basis functions: 2206
    Number of Cartesian functions: 2206
    Spherical Harmonics?: false
    Max angular momentum: 3

  Minimum eigenvalue in the overlap matrix is 3.5513013601E-04.
  Reciprocal condition number of the overlap matrix is 4.4230401454E-05.
    Using symmetric orthogonalization.

  ==> Pre-Iterations <==

  SCF Guess: Orbitals guess was supplied from a previous computation.

   -------------------------------------------------------
    Irrep   Nso     Nmo     Nalpha   Nbeta   Ndocc  Nsocc
   -------------------------------------------------------
     A        409     409      83      83      83       0
   -------------------------------------------------------
    Total     409     409      83      83      83       0
   -------------------------------------------------------

  ==> Iterations <==

                           Total Energy        Delta E     RMS |[F,P]|

   @DF-RHF iter   0: -1407.62632129550821   -1.40763e+03   4.32227e-04 
   @DF-RHF iter   1: -1407.64196150920338   -1.56402e-02   6.97711e-05 DIIS
   @DF-RHF iter   2: -1407.64273652162365   -7.75012e-04   2.43750e-05 DIIS
   @DF-RHF iter   3: -1407.64284295527136   -1.06434e-04   1.08214e-05 DIIS
   @DF-RHF iter   4: -1407.64285773361053   -1.47783e-05   2.52080e-06 DIIS
   @DF-RHF iter   5: -1407.64285956400454   -1.83039e-06   1.31444e-06 DIIS
   @DF-RHF iter   6: -1407.64285995494311   -3.90939e-07   5.03276e-07 DIIS
   @DF-RHF iter   7: -1407.64286003592315   -8.09800e-08   2.03886e-07 DIIS
   @DF-RHF iter   8: -1407.64286005234180   -1.64187e-08   9.09953e-08 DIIS
   @DF-RHF iter   9: -1407.64286005497229   -2.63049e-09   3.82824e-08 DIIS
   @DF-RHF iter  10: -1407.64286005539066   -4.18368e-10   1.24623e-08 DIIS
   @DF-RHF iter  11: -1407.64286005542795   -3.72893e-11   4.89793e-09 DIIS
  Energy and wave function converged.


  ==> Post-Iterations <==

    Orbital Energies [Eh]
    ---------------------

    Doubly Occupied:                                                      

       1A   -104.822623     2A    -20.630921     3A    -20.603001  
       4A    -20.567398     5A    -15.581746     6A    -15.580829  
       7A    -11.399229     8A    -11.329664     9A    -11.318156  
      10A    -11.317959    11A    -11.313593    12A    -11.299361  
      13A    -11.298408    14A    -11.263305    15A    -11.259946  
      16A    -11.257977    17A    -11.255613    18A    -11.248898  
      19A    -11.230634    20A    -11.226426    21A    -11.222903  
      22A    -11.221969    23A    -10.555598    24A     -8.025061  
      25A     -8.021638    26A     -8.021603    27A     -1.493714  
      28A     -1.437411    29A     -1.384861    30A     -1.336417  
      31A     -1.223497    32A     -1.193561    33A     -1.134183  
      34A     -1.128290    35A     -1.097935    36A     -1.040631  
      37A     -1.011371    38A     -0.980983    39A     -0.977763  
      40A     -0.948058    41A     -0.913853    42A     -0.874495  
      43A     -0.851724    44A     -0.817028    45A     -0.793748  
      46A     -0.788185    47A     -0.754189    48A     -0.735972  
      49A     -0.729657    50A     -0.705945    51A     -0.687772  
      52A     -0.674659    53A     -0.670415    54A     -0.663980  
      55A     -0.655298    56A     -0.648588    57A     -0.635798  
      58A     -0.628517    59A     -0.617748    60A     -0.597486  
      61A     -0.595140    62A     -0.590660    63A     -0.578410  
      64A     -0.562711    65A     -0.552505    66A     -0.532663  
      67A     -0.524105    68A     -0.507225    69A     -0.497770  
      70A     -0.489907    71A     -0.481662    72A     -0.478746  
      73A     -0.476972    74A     -0.474283    75A     -0.472246  
      76A     -0.465251    77A     -0.459459    78A     -0.447199  
      79A     -0.428482    80A     -0.421254    81A     -0.391218  
      82A     -0.349261    83A     -0.313004  

    Virtual:                                                              

      84A      0.059220    85A      0.091015    86A      0.123367  
      87A      0.169477    88A      0.203343    89A      0.213673  
      90A      0.221503    91A      0.237990    92A      0.242699  
      93A      0.243478    94A      0.265517    95A      0.289602  
      96A      0.291813    97A      0.295713    98A      0.311056  
      99A      0.318509   100A      0.322214   101A      0.323973  
     102A      0.332969   103A      0.337238   104A      0.344145  
     105A      0.352696   106A      0.363103   107A      0.381052  
     108A      0.387684   109A      0.397226   110A      0.401761  
     111A      0.414240   112A      0.421624   113A      0.430144  
     114A      0.446600   115A      0.450095   116A      0.467892  
     117A      0.484885   118A      0.494221   119A      0.505650  
     120A      0.510226   121A      0.521290   122A      0.525642  
     123A      0.540610   124A      0.568644   125A      0.583716  
     126A      0.595241   127A      0.628843   128A      0.639327  
     129A      0.642933   130A      0.656771   131A      0.667255  
     132A      0.695206   133A      0.710175   134A      0.712021  
     135A      0.724133   136A      0.735656   137A      0.738224  
     138A      0.744155   139A      0.748647   140A      0.750981  
     141A      0.755435   142A      0.772382   143A      0.778265  
     144A      0.791732   145A      0.802515   146A      0.806807  
     147A      0.813775   148A      0.825800   149A      0.829294  
     150A      0.839596   151A      0.852103   152A      0.859738  
     153A      0.877001   154A      0.883898   155A      0.891740  
     156A      0.892951   157A      0.905783   158A      0.915263  
     159A      0.918254   160A      0.923634   161A      0.933564  
     162A      0.937873   163A      0.951546   164A      0.958218  
     165A      0.964129   166A      0.972757   167A      0.981980  
     168A      0.988661   169A      1.012551   170A      1.023209  
     171A      1.024258   172A      1.033746   173A      1.040033  
     174A      1.052119   175A      1.060390   176A      1.067317  
     177A      1.071595   178A      1.076607   179A      1.083169  
     180A      1.097346   181A      1.102581   182A      1.110151  
     183A      1.114413   184A      1.124483   185A      1.128693  
     186A      1.135155   187A      1.141449   188A      1.151544  
     189A      1.154888   190A      1.156510   191A      1.162132  
     192A      1.165713   193A      1.174068   194A      1.177276  
     195A      1.188911   196A      1.194349   197A      1.199184  
     198A      1.205905   199A      1.212717   200A      1.215613  
     201A      1.221611   202A      1.240502   203A      1.260949  
     204A      1.265344   205A      1.295085   206A      1.304789  
     207A      1.307887   208A      1.332082   209A      1.347457  
     210A      1.361706   211A      1.373552   212A      1.403727  
     213A      1.418337   214A      1.433619   215A      1.444231  
     216A      1.449259   217A      1.464674   218A      1.470459  
     219A      1.500253   220A      1.505224   221A      1.509821  
     222A      1.533651   223A      1.540354   224A      1.554864  
     225A      1.566247   226A      1.590969   227A      1.613115  
     228A      1.616167   229A      1.635478   230A      1.642930  
     231A      1.652754   232A      1.657509   233A      1.672725  
     234A      1.680531   235A      1.695778   236A      1.708384  
     237A      1.729008   238A      1.738661   239A      1.773617  
     240A      1.788321   241A      1.791926   242A      1.805896  
     243A      1.817435   244A      1.828280   245A      1.829902  
     246A      1.840223   247A      1.856935   248A      1.899308  
     249A      1.923536   250A      1.925073   251A      1.940072  
     252A      1.951088   253A      1.988408   254A      2.014103  
     255A      2.026854   256A      2.028667   257A      2.040013  
     258A      2.050521   259A      2.055379   260A      2.076618  
     261A      2.079088   262A      2.085032   263A      2.093798  
     264A      2.117327   265A      2.146398   266A      2.148662  
     267A      2.163087   268A      2.167314   269A      2.181203  
     270A      2.187505   271A      2.209643   272A      2.217872  
     273A      2.228565   274A      2.239322   275A      2.249400  
     276A      2.265917   277A      2.272111   278A      2.278242  
     279A      2.290946   280A      2.299371   281A      2.310882  
     282A      2.323638   283A      2.324734   284A      2.339832  
     285A      2.349320   286A      2.369323   287A      2.378246  
     288A      2.391999   289A      2.404819   290A      2.412487  
     291A      2.415698   292A      2.439913   293A      2.469442  
     294A      2.488821   295A      2.504133   296A      2.514886  
     297A      2.524117   298A      2.547624   299A      2.557696  
     300A      2.579058   301A      2.588674   302A      2.594738  
     303A      2.595932   304A      2.609798   305A      2.612086  
     306A      2.623424   307A      2.633554   308A      2.652936  
     309A      2.660510   310A      2.662769   311A      2.680704  
     312A      2.687341   313A      2.700462   314A      2.711969  
     315A      2.731109   316A      2.734104   317A      2.737786  
     318A      2.753638   319A      2.758406   320A      2.782345  
     321A      2.801709   322A      2.818745   323A      2.833749  
     324A      2.839650   325A      2.848522   326A      2.860987  
     327A      2.863109   328A      2.882414   329A      2.885280  
     330A      2.892271   331A      2.895289   332A      2.897438  
     333A      2.916179   334A      2.926409   335A      2.942127  
     336A      2.964329   337A      2.970193   338A      2.976503  
     339A      2.998332   340A      3.013914   341A      3.036919  
     342A      3.045172   343A      3.064261   344A      3.073742  
     345A      3.086100   346A      3.090946   347A      3.096337  
     348A      3.111655   349A      3.127247   350A      3.128580  
     351A      3.135206   352A      3.144376   353A      3.176448  
     354A      3.198183   355A      3.202199   356A      3.221085  
     357A      3.248318   358A      3.263439   359A      3.275009  
     360A      3.286293   361A      3.324801   362A      3.352859  
     363A      3.378276   364A      3.412080   365A      3.439892  
     366A      3.467964   367A      3.543840   368A      3.565295  
     369A      3.572100   370A      3.597316   371A      3.621545  
     372A      3.659477   373A      3.671939   374A      3.681019  
     375A      3.693169   376A      3.740254   377A      3.764870  
     378A      3.779597   379A      3.820173   380A      3.831423  
     381A      3.857660   382A      3.863400   383A      3.881163  
     384A      3.910575   385A      3.978136   386A      4.061516  
     387A      4.184794   388A      4.372787   389A      4.467535  
     390A      4.492164   391A      4.524036   392A      4.553119  
     393A      4.554725   394A      4.576396   395A      4.659872  
     396A      4.709399   397A      4.759226   398A      4.782165  
     399A      4.807745   400A      4.820629   401A      4.844103  
     402A      4.873331   403A      4.910620   404A      5.017502  
     405A      5.080601   406A      5.160688   407A      5.189554  
     408A      5.228213   409A      5.292360  

    Final Occupation by Irrep:
              A 
    DOCC [    83 ]
    NA   [    83 ]
    NB   [    83 ]

  @DF-RHF Final Energy: -1407.64286005542795

   => Energetics <=

    Nuclear Repulsion Energy =           1806.0749620844399033
    One-Electron Energy =               -5517.8389986072525062
    Two-Electron Energy =                2304.1211764673844300
    Total Energy =                      -1407.6428600554281729

Computation Completed


Properties will be evaluated at   0.000000,   0.000000,   0.000000 [a0]

Properties computed using the SCF density matrix


 Multipole Moments:

 ------------------------------------------------------------------------------------
     Multipole            Electronic (a.u.)      Nuclear  (a.u.)        Total (a.u.)
 ------------------------------------------------------------------------------------

 L = 1.  Multiply by 2.5417464519 to convert [e a0] to [Debye]
 Dipole X            :        -24.6133873           25.6021459            0.9887586
 Dipole Y            :         19.7307081          -22.0187816           -2.2880736
 Dipole Z            :         -7.3588665            7.4979314            0.1390649
 Magnitude           :                                                    2.4964501

 ------------------------------------------------------------------------------------

*** tstop() called on gunsnroses at Thu Jan 23 19:45:12 2025
Module time:
	user time   =     131.45 seconds =       2.19 minutes
	system time =       6.98 seconds =       0.12 minutes
	total time  =         21 seconds =       0.35 minutes
Total time:
	user time   =     521.02 seconds =       8.68 minutes
	system time =      31.29 seconds =       0.52 minutes
	total time  =         91 seconds =       1.52 minutes

*** tstart() called on gunsnroses
*** at Thu Jan 23 19:45:12 2025


         ------------------------------------------------------------
                                   SCF GRAD                          
                          Rob Parrish, Justin Turney,                
                       Andy Simmonett, and Alex Sokolov              
         ------------------------------------------------------------

  ==> Geometry <==

    Molecular point group: c1
    Full point group: C1

    Geometry (in Angstrom), charge = 0, multiplicity = 1:

       Center              X                  Y                   Z               Mass       
    ------------   -----------------  -----------------  -----------------  -----------------
         N           -2.176448555470     2.226902898606    -0.791267253295    14.003074004430
         C           -1.996114095696     0.924735474216    -0.644376007604    12.000000000000
         C           -3.087314925019     0.055542901811    -0.724574765404    12.000000000000
         C           -4.314632294336     0.623570016258    -0.980930329364    12.000000000000
         N           -4.483494467725     1.924774433153    -1.138982856424    14.003074004430
         C           -3.400438817107     2.657534618728    -1.027663964124    12.000000000000
         C           -5.562262174167    -0.216911428776    -1.094376904951    12.000000000000
         O           -6.643436355972     0.207583178477    -1.309196028456    15.994914619570
         O           -5.310703347773    -1.512925672675    -0.932987686685    15.994914619570
         C           -0.614399007756     0.453341046389    -0.381543091111    12.000000000000
         C           -0.230017662284    -0.864972624476    -0.569654217754    12.000000000000
         C            1.065085795041    -1.282180862199    -0.317282508210    12.000000000000
         C            2.022793461260    -0.383273851423     0.136045070483    12.000000000000
         C            1.634400665128     0.948834135910     0.321115251677    12.000000000000
         C            0.349262577997     1.358748575091     0.062757361051    12.000000000000
         CL           2.797186862195     2.112022867915     0.886130976533    34.968852682000
         O            3.295513332621    -0.683060514704     0.391840246875    15.994914619570
         C            3.802400833844    -2.008998302174     0.297763503329    12.000000000000
         C            5.323600359322    -1.888525563310     0.328239774430    12.000000000000
         C            5.718183583124    -1.853030452289     1.822381510796    12.000000000000
         C            4.449162186992    -2.261074999328     2.607938086369    12.000000000000
         C            3.476869812109    -2.814790357845     1.556019158744    12.000000000000
         H           -2.993895792890    -0.998987318427    -0.577429540304     1.007825032230
         H           -3.520625352913     3.719461835418    -1.144489827237     1.007825032230
         H           -6.128466979277    -1.985335297578    -1.015160640288     1.007825032230
         H           -0.929774009406    -1.592693430339    -0.936320700974     1.007825032230
         H            1.320718830811    -2.309824399072    -0.479824757024     1.007825032230
         H            0.083855499530     2.387204311933     0.204930255652     1.007825032230
         H            3.447846482056    -2.460591518661    -0.621453376935     1.007825032230
         H            5.745625360009    -2.764351790428    -0.155857130945     1.007825032230
         H            5.654078796494    -1.016762822007    -0.221908696365     1.007825032230
         H            6.052437852316    -0.865128566601     2.115073062155     1.007825032230
         H            6.538650551565    -2.536060527435     2.014969135117     1.007825032230
         H            4.010228145928    -1.391147129653     3.082890792391     1.007825032230
         H            4.657885212809    -2.983130135011     3.389343206529     1.007825032230
         H            2.439118093388    -2.742003111833     1.857854889507     1.007825032230
         H            3.687343171617    -3.862683509662     1.354242082820     1.007825032230

  Nuclear repulsion = 1806.074962084439903

  ==> Basis Set <==

  Basis Set: 6-31G**
    Blend: 6-31G**
    Number of shells: 179
    Number of basis functions: 409
    Number of Cartesian functions: 409
    Spherical Harmonics?: false
    Max angular momentum: 2

  ==> DFJKGrad: Density-Fitted SCF Gradients <==

    Gradient:                    1
    J tasked:                  Yes
    K tasked:                  Yes
    wK tasked:                  No
    OpenMP threads:              8
    Integrals threads:           8
    Memory [MiB]:            17166
    Schwarz Cutoff:          1E-12
    Fitting Condition:       1E-10

   => Auxiliary Basis Set <=

  Basis Set: (6-31G** AUX)
    Blend: CC-PVDZ-JKFIT
    Number of shells: 675
    Number of basis functions: 2206
    Number of Cartesian functions: 2206
    Spherical Harmonics?: false
    Max angular momentum: 3


  -Total Gradient:
     Atom            X                  Y                   Z
    ------   -----------------  -----------------  -----------------
       1       -0.000207051636     0.000269983484    -0.000057920827
       2       -0.000146687729    -0.000332395463    -0.000141585698
       3        0.000258604783     0.000026389453    -0.000007420551
       4       -0.000151347472     0.000315067683    -0.000039090352
       5       -0.000134657267    -0.000374073931    -0.000204018372
       6        0.000419682666     0.000066173239     0.000175204767
       7       -0.000188548836     0.000066361342     0.000992958488
       8        0.000109777257    -0.000048173640    -0.000405384498
       9        0.000027172972    -0.000005915948    -0.000356841405
      10        0.000070402594     0.000020773701     0.000131419742
      11        0.000022785933     0.000021470866    -0.000082803734
      12       -0.000201263692    -0.000037504349    -0.000231837910
      13       -0.000093135264    -0.000000472275     0.000054437956
      14        0.000138037005    -0.000026753946    -0.000118537709
      15       -0.000081646595    -0.000066774553     0.000064914287
      16       -0.000005713677    -0.000042817281    -0.000019397945
      17        0.000430743401     0.000264813408    -0.000978885144
      18        0.000164603351    -0.000896856843     0.000634115560
      19       -0.000549431359     0.001047100896     0.000589933291
      20       -0.000111070802     0.000176442227    -0.000164768473
      21        0.000437819492    -0.000771773916    -0.000276330826
      22       -0.000652713874     0.000128802102     0.000675547280
      23       -0.000011748728     0.000008966431    -0.000007525867
      24       -0.000020076805    -0.000002939813    -0.000018083041
      25        0.000018019301    -0.000003531817     0.000009736047
      26        0.000001550915     0.000018051650    -0.000003241894
      27        0.000097540444     0.000162212561    -0.000247904174
      28        0.000009700601     0.000005451875    -0.000022761150
      29       -0.000368535320     0.000250687411    -0.000438481322
      30       -0.000068811863    -0.000063546189    -0.000004411485
      31        0.000245571166     0.000231678597     0.000264637699
      32        0.000007211705     0.000071853003    -0.000133604362
      33        0.000003471953    -0.000270925783    -0.000138104380
      34       -0.000034169612    -0.000020495287    -0.000106721724
      35        0.000121472078     0.000050729005     0.000005119205
      36        0.000563413764    -0.000224816247     0.000400909257
      37       -0.000120970871    -0.000013241681     0.000206729267


*** tstop() called on gunsnroses at Thu Jan 23 19:45:23 2025
Module time:
	user time   =      48.41 seconds =       0.81 minutes
	system time =       4.10 seconds =       0.07 minutes
	total time  =         11 seconds =       0.18 minutes
Total time:
	user time   =     569.44 seconds =       9.49 minutes
	system time =      35.39 seconds =       0.59 minutes
	total time  =        102 seconds =       1.70 minutes

    			-----------------------------------------

    			 OPTKING 3.0: for geometry optimizations 

    			     By R.A. King, Bethel University     

    			        with contributions from          

    			    A.V. Copan, J. Cayton, A. Heide      

    			-----------------------------------------

    
	                            ===> Fragment 1 <== 

	 Z (Atomic Numbers)          Masses                          Geom                  
	       7.000000            14.003074         -4.11289170  4.20823659 -1.49527840   
	       6.000000            12.000000         -3.77210896  1.74749678 -1.21769418   
	       6.000000            12.000000         -5.83417967  0.10496087 -1.36924786   
	       6.000000            12.000000         -8.15347337  1.17837655 -1.85368967   
	       7.000000            14.003074         -8.47257663  3.63729653 -2.15236566   
	       6.000000            12.000000         -6.42589807  5.02201260 -1.94200344   
	       6.000000            12.000000        -10.51115215  -0.40990319  -2.06807263 
	       8.000000            15.994915        -12.55427524   0.39227536  -2.47402194 
	       8.000000            15.994915        -10.03577486  -2.85901517  -1.76309121 
	       6.000000            12.000000         -1.16104586  0.85669042 -0.72101195   
	       6.000000            12.000000         -0.43467039 -1.63456137 -1.07649046   
	       6.000000            12.000000          2.01272045 -2.42297067 -0.59957704   
	       6.000000            12.000000          3.82252565 -0.72428261  0.25708792   
	       6.000000            12.000000          3.08856964  1.79303666  0.60681988   
	       6.000000            12.000000          0.66001062  2.56766268  0.11859422   
	      17.000000            34.968853          5.28591709  3.99114479  1.67454486   
	       8.000000            15.994915          6.22761764 -1.29079730  0.74047075   
	       6.000000            12.000000          7.18549620 -3.79645658  0.56269147   
	       6.000000            12.000000         10.06014668 -3.56879610  0.62028328   
	       6.000000            12.000000         10.80580091 -3.50172006  3.44380195   
	       6.000000            12.000000          8.40769802 -4.27281250  4.92828874   
	       6.000000            12.000000          6.57033172 -5.31918288  2.94045006   
	       1.000000             1.007825         -5.65764310 -1.88781243 -1.09118369   
	       1.000000             1.007825         -6.65301771  7.02876420 -2.16277233   
	       1.000000             1.007825        -11.58112416  -3.75173998  -1.91837558 
	       1.000000             1.007825         -1.75701824 -3.00975439 -1.76938969   
	       1.000000             1.007825          2.49579688 -4.36493551 -0.90673738   
	       1.000000             1.007825          0.15846393  4.51116236  0.38726206   
	       1.000000             1.007825          6.51548557 -4.64984408 -1.17437668   
	       1.000000             1.007825         10.85765835 -5.22386780 -0.29452729   
	       1.000000             1.007825         10.68466042 -1.92140327 -0.41934666   
	       1.000000             1.007825         11.43744993 -1.63485605  3.99690882   
	       1.000000             1.007825         12.35625877 -4.79245983  3.80773982   
	       1.000000             1.007825          7.57823290 -2.62888708  5.82581927   
	       1.000000             1.007825          8.80212738 -5.63729895  6.40493041   
	       1.000000             1.007825          4.60926518 -5.18163492  3.51083692   
	       1.000000             1.007825          6.96806872 -7.29941394  2.55914664   

	 - Coordinate -           - BOHR/RAD -       - ANG/DEG -
	 H(5,24)          =         3.848760           2.036676
	 H(8,25)          =         4.292858           2.271683
	 R(1,2)           =         2.499685           1.322776
	 R(1,6)           =         2.492347           1.318893
	 R(2,3)           =         2.640649           1.397371
	 R(2,10)          =         2.803191           1.483385
	 R(3,4)           =         2.601159           1.376474
	 R(3,23)          =         2.019809           1.068837
	 R(4,5)           =         2.497463           1.321601
	 R(4,7)           =         2.850832           1.508595
	 R(5,6)           =         2.480037           1.312379
	 R(6,24)          =         2.031594           1.075073
	 R(7,8)           =         2.232182           1.181220
	 R(7,9)           =         2.513393           1.330031
	 R(9,25)          =         1.791417           0.947977
	 R(10,11)         =         2.619222           1.386032
	 R(10,15)         =         2.636022           1.394923
	 R(11,12)         =         2.615102           1.383852
	 R(11,26)         =         2.029746           1.074095
	 R(12,13)         =         2.625797           1.389512
	 R(12,27)         =         2.024583           1.071363
	 R(13,14)         =         2.645354           1.399861
	 R(13,17)         =         2.517750           1.332336
	 R(14,15)         =         2.595440           1.373448
	 R(14,16)         =         3.286343           1.739058
	 R(15,28)         =         2.025073           1.071623
	 R(17,18)         =         2.688395           1.422637
	 R(18,19)         =         2.884226           1.526267
	 R(18,22)         =         2.889785           1.529208
	 R(18,29)         =         2.048070           1.083792
	 R(19,20)         =         2.921088           1.545773
	 R(19,30)         =         2.052356           1.086060
	 R(19,31)         =         2.045666           1.082520
	 R(20,21)         =         2.923898           1.547260
	 R(20,32)         =         2.046971           1.083210
	 R(20,33)         =         2.049971           1.084798
	 R(21,22)         =         2.902121           1.535736
	 R(21,34)         =         2.048430           1.083982
	 R(21,35)         =         2.048870           1.084215
	 R(22,36)         =         2.046959           1.083204
	 R(22,37)         =         2.055457           1.087701
	 B(1,2,3)         =         2.093813         119.966634
	 B(1,2,10)        =         2.048222         117.354469
	 B(1,6,5)         =         2.212769         126.782331
	 B(1,6,24)        =         2.032802         116.470972
	 B(2,1,6)         =         2.057650         117.894652
	 B(2,3,4)         =         2.037872         116.761488
	 B(2,3,23)        =         2.138314         122.516350
	 B(2,10,11)       =         2.137112         122.447513
	 B(2,10,15)       =         2.087086         119.581227
	 B(3,2,10)        =         2.141085         122.675155
	 B(3,4,5)         =         2.144204         122.853847
	 B(3,4,7)         =         2.119397         121.432517
	 B(4,3,23)        =         2.106813         120.711498
	 B(4,5,6)         =         2.019879         115.730556
	 B(4,7,8)         =         2.177825         124.780195
	 B(4,7,9)         =         1.957713         112.168713
	 B(5,4,7)         =         2.019579         115.713329
	 B(5,6,24)        =         2.037607         116.746308
	 B(7,9,25)        =         1.888002         108.174564
	 B(8,7,9)         =         2.147620         123.049570
	 B(10,11,12)      =         2.119454         121.435744
	 B(10,11,26)      =         2.106069         120.668853
	 B(10,15,14)      =         2.109019         120.837891
	 B(10,15,28)      =         2.087581         119.609562
	 B(11,10,15)      =         2.058959         117.969642
	 B(11,12,13)      =         2.105399         120.630500
	 B(11,12,27)      =         2.076948         119.000379
	 B(12,11,26)      =         2.057481         117.885002
	 B(12,13,14)      =         2.057272         117.873016
	 B(12,13,17)      =         2.183979         125.132798
	 B(13,12,27)      =         2.100832         120.368800
	 B(13,14,15)      =         2.116189         121.248678
	 B(13,14,16)      =         2.087400         119.599215
	 B(13,17,18)      =         2.138120         122.505225
	 B(14,13,17)      =         2.041790         116.985943
	 B(14,15,28)      =         2.086585         119.552540
	 B(15,14,16)      =         2.079595         119.152029
	 B(17,18,19)      =         1.854830         106.273945
	 B(17,18,22)      =         1.939984         111.152904
	 B(17,18,29)      =         1.904857         109.140265
	 B(18,19,20)      =         1.849939         105.993708
	 B(18,19,30)      =         1.890978         108.345084
	 B(18,19,31)      =         1.936590         110.958407
	 B(18,22,21)      =         1.811961         103.817727
	 B(18,22,36)      =         1.979928         113.441534
	 B(18,22,37)      =         1.890009         108.289510
	 B(19,18,22)      =         1.810414         103.729088
	 B(19,18,29)      =         1.956144         112.078820
	 B(19,20,21)      =         1.849731         105.981784
	 B(19,20,32)      =         1.940022         111.155090
	 B(19,20,33)      =         1.928592         110.500209
	 B(20,19,30)      =         1.928553         110.497954
	 B(20,19,31)      =         1.976662         113.254406
	 B(20,21,22)      =         1.840646         105.461241
	 B(20,21,34)      =         1.920822         110.054991
	 B(20,21,35)      =         1.964540         112.559859
	 B(21,20,32)      =         1.935227         110.880320
	 B(21,20,33)      =         1.943505         111.354625
	 B(21,22,36)      =         1.973006         113.044921
	 B(21,22,37)      =         1.930412         110.604472
	 B(22,18,29)      =         1.991789         114.121105
	 B(22,21,34)      =         1.910396         109.457649
	 B(22,21,35)      =         1.955647         112.050326
	 B(30,19,31)      =         1.879962         107.713874
	 B(32,20,33)      =         1.868034         107.030487
	 B(34,21,35)      =         1.871959         107.255338
	 B(36,22,37)      =         1.877389         107.566486
	 D(1,2,3,4)       =         0.018670           1.069686
	 D(1,2,3,23)      =        -3.102305        -177.748999
	 D(1,2,10,11)     =        -2.826106        -161.923946
	 D(1,2,10,15)     =         0.307241          17.603600
	 D(1,6,5,4)       =         0.013494           0.773152
	 D(2,1,6,5)       =        -0.002716          -0.155628
	 D(2,1,6,24)      =        -3.140192        -179.919765
	 D(2,3,4,5)       =        -0.007690          -0.440607
	 D(2,3,4,7)       =        -3.145613        -180.230368
	 D(2,10,11,12)    =         3.142067         180.027206
	 D(2,10,11,26)    =         0.021386           1.225307
	 D(2,10,15,14)    =         3.135274         179.637989
	 D(2,10,15,28)    =        -0.005777          -0.330996
	 D(3,2,1,6)       =        -0.013962          -0.799967
	 D(3,2,10,11)     =         0.327787          18.780823
	 D(3,2,10,15)     =        -2.822051        -161.691631
	 D(3,4,5,6)       =        -0.007460          -0.427414
	 D(3,4,7,8)       =         3.138420         179.818193
	 D(3,4,7,9)       =        -0.010824          -0.620159
	 D(4,3,2,10)      =        -3.135534        -179.652871
	 D(4,5,6,24)      =        -3.132225        -179.463281
	 D(4,7,9,25)      =         3.142025         180.024756
	 D(5,4,3,23)      =         3.113681         178.400768
	 D(5,4,7,8)       =         0.000248           0.014217
	 D(5,4,7,9)       =        -3.148995        -180.424135
	 D(6,1,2,10)      =         3.139582         179.884811
	 D(6,5,4,7)       =         3.130658         179.373483
	 D(7,4,3,23)      =        -0.024243          -1.388993
	 D(8,7,9,25)      =        -0.007065          -0.404783
	 D(10,2,3,23)     =         0.026676           1.528444
	 D(10,11,12,13)   =         0.000664           0.038056
	 D(10,11,12,27)   =        -3.137343        -179.756512
	 D(10,15,14,13)   =         0.010705           0.613371
	 D(10,15,14,16)   =        -3.132670        -179.488785
	 D(11,10,15,14)   =        -0.014197          -0.813434
	 D(11,10,15,28)   =         3.127937         179.217580
	 D(11,12,13,14)   =        -0.004469          -0.256075
	 D(11,12,13,17)   =        -3.127230        -179.177058
	 D(12,11,10,15)   =         0.008594           0.492417
	 D(12,13,14,15)   =        -0.001168          -0.066950
	 D(12,13,14,16)   =         3.142215         180.035657
	 D(12,13,17,18)   =        -0.066170          -3.791276
	 D(13,12,11,26)   =         3.121908         178.872164
	 D(13,14,15,28)   =        -3.131428        -179.417625
	 D(13,17,18,19)   =         2.908007         166.616539
	 D(13,17,18,22)   =        -1.416688         -81.170223
	 D(13,17,18,29)   =         0.795267          45.565419
	 D(14,13,12,27)   =         3.133489         179.535677
	 D(14,13,17,18)   =         3.094104         177.279104
	 D(15,10,11,26)   =        -3.112088        -178.309482
	 D(15,14,13,17)   =         3.123141         178.942796
	 D(16,14,13,17)   =        -0.016661          -0.954598
	 D(16,14,15,28)   =         0.008381           0.480218
	 D(17,13,12,27)   =         0.010728           0.614694
	 D(17,18,19,20)   =         1.493146          85.550940
	 D(17,18,19,30)   =        -2.719932        -155.840596
	 D(17,18,19,31)   =        -0.659533         -37.788432
	 D(17,18,22,21)   =        -1.300352         -74.504676
	 D(17,18,22,36)   =         0.848059          48.590204
	 D(17,18,22,37)   =         2.930689         167.916090
	 D(18,19,20,21)   =         0.209187          11.985553
	 D(18,19,20,32)   =        -1.894897        -108.569604
	 D(18,19,20,33)   =         2.316880         132.747434
	 D(18,22,21,20)   =        -0.555932         -31.852548
	 D(18,22,21,34)   =         1.509904          86.511154
	 D(18,22,21,35)   =        -2.698951        -154.638495
	 D(19,18,22,21)   =         0.686160          39.314082
	 D(19,18,22,36)   =         2.834571         162.408962
	 D(19,18,22,37)   =        -1.365985         -78.265151
	 D(19,20,21,22)   =         0.214260          12.276180
	 D(19,20,21,34)   =        -1.844582        -105.686784
	 D(19,20,21,35)   =         2.351579         134.735563
	 D(20,19,18,22)   =        -0.553730         -31.726375
	 D(20,19,18,29)   =        -2.710579        -155.304735
	 D(20,21,22,36)   =        -2.708882        -155.207492
	 D(20,21,22,37)   =         1.467932          84.106298
	 D(21,20,19,30)   =        -1.835889        -105.188690
	 D(21,20,19,31)   =         2.336422         133.867118
	 D(21,22,18,29)   =         2.819511         161.546102
	 D(22,18,19,30)   =         1.516379          86.882089
	 D(22,18,19,31)   =        -2.706408        -155.065747
	 D(22,21,20,32)   =         2.321454         133.009535
	 D(22,21,20,33)   =        -1.883745        -107.930656
	 D(26,11,12,27)   =        -0.016099          -0.922405
	 D(29,18,19,30)   =        -0.640471         -36.696270
	 D(29,18,19,31)   =         1.419928          81.355893
	 D(29,18,22,36)   =        -1.315263         -75.359018
	 D(29,18,22,37)   =         0.767367          43.966869
	 D(30,19,20,32)   =         2.343212         134.256153
	 D(30,19,20,33)   =         0.271803          15.573190
	 D(31,19,20,32)   =         0.232338          13.311961
	 D(31,19,20,33)   =        -1.839071        -105.371002
	 D(32,20,21,34)   =         0.262612          15.046571
	 D(32,20,21,35)   =        -1.824412        -104.531083
	 D(33,20,21,34)   =         2.340598         134.106380
	 D(33,20,21,35)   =         0.253574          14.528727
	 D(34,21,22,36)   =        -0.643045         -36.843790
	 D(34,21,22,37)   =        -2.749417        -157.530000
	 D(35,21,22,36)   =         1.431285          82.006561
	 D(35,21,22,37)   =        -0.675087         -38.679649


	        --- Internal Coordinate Step in ANG or DEG, aJ/ANG or AJ/DEG ---
	-------------------------------------------------------------------------------
	           Coordinate      Previous         Force          Change          New 
	           ----------      --------        ------          ------        ------
	              H(5,24)       2.03668       -0.00046        0.00001       2.03668
	              H(8,25)       2.27168       -0.00001       -0.00000       2.27168
	               R(1,2)       1.32278       -0.00160        0.00001       1.32278
	               R(1,6)       1.31889        0.00193       -0.00001       1.31888
	               R(2,3)       1.39737        0.00137       -0.00001       1.39736
	              R(2,10)       1.48338       -0.00026       -0.00003       1.48335
	               R(3,4)       1.37647       -0.00114        0.00003       1.37650
	              R(3,23)       1.06884        0.00009        0.00001       1.06885
	               R(4,5)       1.32160        0.00189       -0.00000       1.32160
	               R(4,7)       1.50860       -0.00004        0.00002       1.50861
	               R(5,6)       1.31238       -0.00154        0.00001       1.31239
	              R(6,24)       1.07507        0.00036        0.00000       1.07507
	               R(7,8)       1.18122        0.00037        0.00001       1.18123
	               R(7,9)       1.33003        0.00021        0.00001       1.33004
	              R(9,25)       0.94798        0.00012        0.00001       0.94799
	             R(10,11)       1.38603        0.00017        0.00001       1.38604
	             R(10,15)       1.39492        0.00056        0.00004       1.39496
	             R(11,12)       1.38385        0.00004        0.00002       1.38387
	             R(11,26)       1.07410        0.00010        0.00001       1.07411
	             R(12,13)       1.38951       -0.00118       -0.00011       1.38940
	             R(12,27)       1.07136        0.00078        0.00007       1.07143
	             R(13,14)       1.39986        0.00107        0.00005       1.39992
	             R(13,17)       1.33234       -0.00146       -0.00001       1.33232
	             R(14,15)       1.37345        0.00001        0.00002       1.37347
	             R(14,16)       1.73906        0.00032        0.00003       1.73908
	             R(15,28)       1.07162        0.00000        0.00000       1.07163
	             R(17,18)       1.42264       -0.00045       -0.00007       1.42256
	             R(18,19)       1.52627        0.00131       -0.00014       1.52613
	             R(18,22)       1.52921       -0.00993       -0.00133       1.52788
	             R(18,29)       1.08379       -0.00320       -0.00024       1.08355
	             R(19,20)       1.54577        0.00565        0.00108       1.54686
	             R(19,30)       1.08606       -0.00022       -0.00004       1.08602
	             R(19,31)       1.08252       -0.00105       -0.00010       1.08242
	             R(20,21)       1.54726        0.00203        0.00051       1.54777
	             R(20,32)       1.08321       -0.00026       -0.00004       1.08317
	             R(20,33)       1.08480       -0.00122       -0.00011       1.08468
	             R(21,22)       1.53574       -0.00006       -0.00004       1.53570
	             R(21,34)       1.08398        0.00041        0.00001       1.08399
	             R(21,35)       1.08422        0.00006       -0.00000       1.08421
	             R(22,36)       1.08320        0.00365        0.00032       1.08352
	             R(22,37)       1.08770        0.00040        0.00008       1.08778
	             B(1,2,3)     119.96663       -0.00000       -0.00011     119.96653
	            B(1,2,10)     117.35447        0.00001        0.00524     117.35971
	             B(1,6,5)     126.78233       -0.00000       -0.00049     126.78184
	            B(1,6,24)     116.47097       -0.00000        0.00127     116.47224
	             B(2,1,6)     117.89465        0.00000        0.00098     117.89563
	             B(2,3,4)     116.76149        0.00000        0.00058     116.76207
	            B(2,3,23)     122.51635       -0.00000       -0.00331     122.51304
	           B(2,10,11)     122.44751       -0.00000       -0.00734     122.44017
	           B(2,10,15)     119.58123        0.00000        0.00587     119.58709
	            B(3,2,10)     122.67516       -0.00000       -0.00424     122.67092
	             B(3,4,5)     122.85385       -0.00000       -0.00129     122.85256
	             B(3,4,7)     121.43252        0.00000        0.00013     121.43265
	            B(4,3,23)     120.71150        0.00000        0.00295     120.71445
	             B(4,5,6)     115.73056       -0.00000        0.00122     115.73178
	             B(4,7,8)     124.78020        0.00000       -0.00212     124.77808
	             B(4,7,9)     112.16871        0.00000       -0.00281     112.16590
	             B(5,4,7)     115.71333       -0.00000        0.00038     115.71371
	            B(5,6,24)     116.74631        0.00000       -0.00073     116.74557
	            B(7,9,25)     108.17456       -0.00000       -0.00081     108.17375
	             B(8,7,9)     123.04957       -0.00000       -0.00041     123.04916
	          B(10,11,12)     121.43574        0.00000       -0.00064     121.43511
	          B(10,11,26)     120.66885        0.00000        0.00032     120.66917
	          B(10,15,14)     120.83789       -0.00000       -0.00210     120.83579
	          B(10,15,28)     119.60956        0.00000        0.00144     119.61100
	          B(11,10,15)     117.96964       -0.00000        0.00189     117.97153
	          B(11,12,13)     120.63050       -0.00000       -0.00118     120.62932
	          B(11,12,27)     119.00038       -0.00000       -0.00671     118.99367
	          B(12,11,26)     117.88500       -0.00000        0.00052     117.88552
	          B(12,13,14)     117.87302        0.00000        0.00726     117.88028
	          B(12,13,17)     125.13280       -0.00002       -0.04049     125.09231
	          B(13,12,27)     120.36880        0.00000        0.00815     120.37695
	          B(13,14,15)     121.24868       -0.00000       -0.00500     121.24368
	          B(13,14,16)     119.59921        0.00000        0.00805     119.60726
	          B(13,17,18)     122.50522       -0.00003       -0.05206     122.45316
	          B(14,13,17)     116.98594        0.00002        0.03580     117.02174
	          B(14,15,28)     119.55254        0.00000        0.00063     119.55317
	          B(15,14,16)     119.15203       -0.00000       -0.00315     119.14888
	          B(17,18,19)     106.27395        0.00005        0.14903     106.42298
	          B(17,18,22)     111.15290       -0.00008       -0.24542     110.90748
	          B(17,18,29)     109.14027        0.00004        0.23877     109.37903
	          B(18,19,20)     105.99371       -0.00004       -0.24472     105.74899
	          B(18,19,30)     108.34508        0.00001        0.08615     108.43123
	          B(18,19,31)     110.95841        0.00000       -0.04769     110.91072
	          B(18,22,21)     103.81773        0.00001       -0.20927     103.60846
	          B(18,22,36)     113.44153       -0.00004       -0.09113     113.35040
	          B(18,22,37)     108.28951       -0.00000        0.00133     108.29084
	          B(19,18,22)     103.72909        0.00003       -0.23040     103.49868
	          B(19,18,29)     112.07882       -0.00002        0.08799     112.16681
	          B(19,20,21)     105.98178        0.00000       -0.07405     105.90773
	          B(19,20,32)     111.15509        0.00001        0.06026     111.21535
	          B(19,20,33)     110.50021        0.00000        0.05303     110.55324
	          B(20,19,30)     110.49795        0.00003        0.07532     110.57327
	          B(20,19,31)     113.25441        0.00001        0.12212     113.37652
	          B(20,21,22)     105.46124       -0.00002       -0.14508     105.31616
	          B(20,21,34)     110.05499        0.00001        0.05000     110.10499
	          B(20,21,35)     112.55986        0.00001        0.02197     112.58183
	          B(21,20,32)     110.88032       -0.00002        0.00035     110.88067
	          B(21,20,33)     111.35462        0.00001        0.00586     111.36049
	          B(21,22,36)     113.04492        0.00001        0.10475     113.14967
	          B(21,22,37)     110.60447        0.00001        0.09654     110.70101
	          B(22,18,29)     114.12110       -0.00002       -0.01414     114.10697
	          B(22,21,34)     109.45765        0.00001        0.05754     109.51519
	          B(22,21,35)     112.05033        0.00000        0.00033     112.05065
	          B(30,19,31)     107.71387       -0.00001        0.00883     107.72270
	          B(32,20,33)     107.03049       -0.00001       -0.04233     106.98816
	          B(34,21,35)     107.25534       -0.00001        0.01805     107.27339
	          B(36,22,37)     107.56649        0.00001        0.09084     107.65733
	           D(1,2,3,4)       1.06969       -0.00000       -0.00785       1.06183
	          D(1,2,3,23)    -177.74900       -0.00000       -0.02079    -177.76979
	         D(1,2,10,11)    -161.92395       -0.00000       -0.09271    -162.01665
	         D(1,2,10,15)      17.60360        0.00000       -0.02750      17.57610
	           D(1,6,5,4)       0.77315       -0.00000       -0.06941       0.70374
	           D(2,1,6,5)      -0.15563        0.00000       -0.02349      -0.17912
	          D(2,1,6,24)    -179.91976       -0.00000       -0.03779    -179.95755
	           D(2,3,4,5)      -0.44061       -0.00000       -0.09066      -0.53127
	           D(2,3,4,7)    -180.23037        0.00000        0.09474    -180.13563
	        D(2,10,11,12)     180.02721       -0.00000       -0.00515     180.02206
	        D(2,10,11,26)       1.22531       -0.00000       -0.01684       1.20846
	        D(2,10,15,14)     179.63799       -0.00000       -0.03277     179.60522
	        D(2,10,15,28)      -0.33100        0.00000        0.01002      -0.32098
	           D(3,2,1,6)      -0.79997        0.00000        0.06121      -0.73876
	         D(3,2,10,11)      18.78082       -0.00001       -0.18341      18.59741
	         D(3,2,10,15)    -161.69163       -0.00000       -0.11820    -161.80983
	           D(3,4,5,6)      -0.42741        0.00001        0.12571      -0.30171
	           D(3,4,7,8)     179.81819       -0.00002       -0.69942     179.11877
	           D(3,4,7,9)      -0.62016        0.00002        0.66934       0.04918
	          D(4,3,2,10)    -179.65287        0.00000        0.08517    -179.56770
	          D(4,5,6,24)    -179.46328       -0.00000       -0.05508    -179.51836
	          D(4,7,9,25)     180.02476       -0.00002       -0.65672     179.36803
	          D(5,4,3,23)     178.40077       -0.00000       -0.07805     178.32272
	           D(5,4,7,8)       0.01422       -0.00002       -0.52655      -0.51233
	           D(5,4,7,9)    -180.42414        0.00002        0.84222    -179.58192
	          D(6,1,2,10)     179.88481       -0.00000       -0.02690     179.85791
	           D(6,5,4,7)     179.37348        0.00000       -0.04988     179.32360
	          D(7,4,3,23)      -1.38899        0.00000        0.10735      -1.28164
	          D(8,7,9,25)      -0.40478        0.00002        0.68454       0.27975
	         D(10,2,3,23)       1.52844        0.00000        0.07223       1.60068
	       D(10,11,12,13)       0.03806       -0.00000       -0.00121       0.03685
	       D(10,11,12,27)    -179.75651       -0.00001       -0.11883    -179.87534
	       D(10,15,14,13)       0.61337        0.00001        0.08124       0.69461
	       D(10,15,14,16)    -179.48879        0.00000        0.02699    -179.46179
	       D(11,10,15,14)      -0.81343        0.00000        0.02950      -0.78394
	       D(11,10,15,28)     179.21758        0.00000        0.07229     179.28987
	       D(11,12,13,14)      -0.25607        0.00001        0.10917      -0.14691
	       D(11,12,13,17)    -179.17706       -0.00001       -0.07494    -179.25200
	       D(12,11,10,15)       0.49242       -0.00000       -0.06937       0.42304
	       D(12,13,14,15)      -0.06695       -0.00001       -0.14939      -0.21634
	       D(12,13,14,16)     180.03566       -0.00001       -0.09489     179.94076
	       D(12,13,17,18)      -3.79128        0.00006        0.90780      -2.88348
	       D(13,12,11,26)     178.87216        0.00000        0.01017     178.88234
	       D(13,14,15,28)    -179.41763        0.00000        0.03847    -179.37915
	       D(13,17,18,19)     166.61654        0.00006        1.20903     167.82557
	       D(13,17,18,22)     -81.17022        0.00008        0.90288     -80.26734
	       D(13,17,18,29)      45.56542        0.00003        0.88400      46.44942
	       D(14,13,12,27)     179.53568        0.00002        0.22839     179.76406
	       D(14,13,17,18)     177.27910        0.00005        0.72538     178.00449
	       D(15,10,11,26)    -178.30948       -0.00001       -0.08107    -178.39055
	       D(15,14,13,17)     178.94280        0.00000        0.01890     178.96169
	       D(16,14,13,17)      -0.95460        0.00001        0.07340      -0.88120
	       D(16,14,15,28)       0.48022       -0.00000       -0.01577       0.46444
	       D(17,13,12,27)       0.61469        0.00000        0.04428       0.65897
	       D(17,18,19,20)      85.55094       -0.00007       -1.44611      84.10483
	       D(17,18,19,30)    -155.84060       -0.00005       -1.44518    -157.28577
	       D(17,18,19,31)     -37.78843       -0.00006       -1.40950     -39.19793
	       D(17,18,22,21)     -74.50468       -0.00000        1.18829     -73.31638
	       D(17,18,22,36)      48.59020       -0.00001        1.12376      49.71396
	       D(17,18,22,37)     167.91609       -0.00002        1.18193     169.09802
	       D(18,19,20,21)      11.98555       -0.00001        0.70618      12.69173
	       D(18,19,20,32)    -108.56960        0.00001        0.71779    -107.85181
	       D(18,19,20,33)     132.74743        0.00001        0.69783     133.44526
	       D(18,22,21,20)     -31.85255       -0.00002       -0.65708     -32.50963
	       D(18,22,21,34)      86.51115       -0.00002       -0.64928      85.86188
	       D(18,22,21,35)    -154.63849       -0.00002       -0.58870    -155.22720
	       D(19,18,22,21)      39.31408        0.00004        1.13260      40.44669
	       D(19,18,22,36)     162.40896        0.00003        1.06807     163.47704
	       D(19,18,22,37)     -78.26515        0.00002        1.12624     -77.13891
	       D(19,20,21,22)      12.27618        0.00000       -0.04657      12.22961
	       D(19,20,21,34)    -105.68678        0.00000       -0.05842    -105.74521
	       D(19,20,21,35)     134.73556       -0.00000       -0.13000     134.60556
	       D(20,19,18,22)     -31.72638       -0.00002       -1.12856     -32.85494
	       D(20,19,18,29)    -155.30473        0.00000       -1.01132    -156.31605
	       D(20,21,22,36)    -155.20749        0.00001       -0.46479    -155.67229
	       D(20,21,22,37)      84.10630       -0.00001       -0.72419      83.38211
	       D(21,20,19,30)    -105.18869       -0.00001        0.70437    -104.48432
	       D(21,20,19,31)     133.86712       -0.00002        0.55309     134.42021
	       D(21,22,18,29)     161.54610        0.00002        1.07613     162.62224
	       D(22,18,19,30)      86.88209        0.00000       -1.12764      85.75445
	       D(22,18,19,31)    -155.06575       -0.00001       -1.09196    -156.15770
	       D(22,21,20,32)     133.00953        0.00001       -0.01906     132.99048
	       D(22,21,20,33)    -107.93066       -0.00001       -0.06819    -107.99885
	       D(26,11,12,27)      -0.92240       -0.00001       -0.10745      -1.02985
	       D(29,18,19,30)     -36.69627        0.00002       -1.01039     -37.70666
	       D(29,18,19,31)      81.35589        0.00001       -0.97471      80.38118
	       D(29,18,22,36)     -75.35902        0.00001        1.01160     -74.34741
	       D(29,18,22,37)      43.96687       -0.00000        1.06977      45.03664
	       D(30,19,20,32)     134.25615        0.00000        0.71598     134.97214
	       D(30,19,20,33)      15.57319        0.00000        0.69602      16.26921
	       D(31,19,20,32)      13.31196       -0.00001        0.56470      13.87666
	       D(31,19,20,33)    -105.37100       -0.00001        0.54474    -104.82626
	       D(32,20,21,34)      15.04657        0.00000       -0.03091      15.01566
	       D(32,20,21,35)    -104.53108       -0.00000       -0.10249    -104.63357
	       D(33,20,21,34)     134.10638       -0.00001       -0.08005     134.02633
	       D(33,20,21,35)      14.52873       -0.00001       -0.15163      14.37710
	       D(34,21,22,36)     -36.84379        0.00002       -0.45699     -37.30078
	       D(34,21,22,37)    -157.53000       -0.00001       -0.71639    -158.24639
	       D(35,21,22,36)      82.00656        0.00002       -0.39642      81.61014
	       D(35,21,22,37)     -38.67965       -0.00001       -0.65581     -39.33546
	-------------------------------------------------------------------------------

	                                 ==> Convergence Check <==                                  
    
	Measures of convergence in internal coordinates in au.
    
	Criteria marked as inactive (o), active & met (*), and active & unmet ( ).

	----------------------------------------------------------------------------------------------
	   Step    Total Energy     Delta E     Max Force     RMS Force      Max Disp      RMS Disp   
	----------------------------------------------------------------------------------------------
	  Convergence Criteria     1.00e-06 *    3.00e-04 *             o    1.20e-03 *             o
	----------------------------------------------------------------------------------------------
	     3   -1407.64286006   -6.63e-05      1.20e-03      2.51e-04 o    2.52e-02      7.58e-03 o  ~
	----------------------------------------------------------------------------------------------

Next Geometry in Ang 
	Fragment 1 (Ang)

	    N  -2.1700466685   2.2250253844  -0.7937461047
	    C  -1.9885136282   0.9234659424  -0.6429238905
	    C  -3.0791896041   0.0532233942  -0.7185758045
	    C  -4.3073870561   0.6195325325  -0.9746612152
	    N  -4.4777465511   1.9202860514  -1.1347764827
	    C  -3.3949078643   2.6541209593  -1.0283686432
	    C  -5.5549181339  -0.2220211261  -1.0812985655
	    O  -6.6385671861   0.2022195773  -1.2838802823
	    O  -5.3045339947  -1.5156931353  -0.9003790016
	    C  -0.6057980138   0.4536377358  -0.3827519099
	    C  -0.2219960948  -0.8655722143  -0.5657824196
	    C   1.0740944416  -1.2814277338  -0.3161612675
	    C   2.0332955924  -0.3802623030   0.1291006341
	    C   1.6449973019   0.9523275580   0.3112905471
	    C   0.3590635204   1.3610550479   0.0549183667
	   Cl   2.8090886367   2.1179301852   0.8686752259
	    O   3.3064774713  -0.6798481861   0.3827546743
	    C   3.8149325500  -2.0041537731   0.2760959778
	    C   5.3354104693  -1.8889167941   0.3387642283
	    C   5.6913564830  -1.8433942384   1.8434205129
	    C   4.4045750265  -2.2588662684   2.5965185749
	    C   3.4678380034  -2.8231596677   1.5183375916
	    H  -2.9846416523  -1.0008019004  -0.5684735049
	    H  -3.5161676733   3.7156324595  -1.1478472656
	    H  -6.1237103209  -1.9878361295  -0.9690583079
	    H  -0.9230977385  -1.5951953743  -0.9260758919
	    H   1.3286417127  -2.3103333212  -0.4727819293
	    H   0.0937970435   2.3899517956   0.1941519086
	    H   3.4763593392  -2.4454690393  -0.6537914003
	    H   5.7660563710  -2.7694619184  -0.1288057744
	    H   5.6801303778  -1.0222670066  -0.2105213976
	    H   6.0097538505  -0.8517875531   2.1410623569
	    H   6.5119800557  -2.5184387929   2.0612022914
	    H   3.9457410656  -1.3913699010   3.0569089031
	    H   4.5973384747  -2.9776505426   3.3850058444
	    H   2.4208545921  -2.7663070008   1.7914875234
	    H   3.6996634302  -3.8663625948   1.3152199786


    Structure for next step:
    Molecular point group: c1
    Full point group: C1

    Geometry (in Angstrom), charge = 0, multiplicity = 1:

    N           -2.174104042628     2.224850538556    -0.793081375714
    C           -1.992571002380     0.923291096538    -0.642259161594
    C           -3.083246978259     0.053048548339    -0.717911075503
    C           -4.311444430272     0.619357686691    -0.973996486205
    N           -4.481803925276     1.920111205537    -1.134111753769
    C           -3.398965238470     2.653946113414    -1.027703914203
    C           -5.558975508074    -0.222195971945    -1.080633836587
    O           -6.642624560243     0.202044731490    -1.283215553333
    O           -5.308591368814    -1.515867981179    -0.899714272667
    C           -0.609855387929     0.453462889945    -0.382087180985
    C           -0.226053468963    -0.865747060155    -0.565117690682
    C            1.070037067462    -1.281602579676    -0.315496538590
    C            2.029238218229    -0.380437148868     0.129765363060
    C            1.640939927804     0.952152712123     0.311955276090
    C            0.355006146274     1.360880202045     0.055583095646
    CL           2.805031262528     2.117755339325     0.869339954895
    O            3.302420097115    -0.680023031955     0.383419403277
    C            3.810875175862    -2.004328618952     0.276760706746
    C            5.331353095117    -1.889091639901     0.339428957275
    C            5.687299108852    -1.843569084205     1.844085241845
    C            4.400517652317    -2.259041114234     2.597183303869
    C            3.463780629304    -2.823334513560     1.519002320525
    H           -2.988699026472    -1.000976746248    -0.567808775899
    H           -3.520225047413     3.715457613614    -1.147182536686
    H           -6.127767695060    -1.988010975292    -0.968393578913
    H           -0.927155112657    -1.595370220097    -0.925411162960
    H            1.324584338516    -2.310508167079    -0.472117200318
    H            0.089739669406     2.389776949747     0.194816637572
    H            3.472301965038    -2.445643885096    -0.653126671339
    H            5.761998996890    -2.769636764242    -0.128141045488
    H            5.676073003617    -1.022441852416    -0.209856668642
    H            6.005696476375    -0.851962398902     2.141727085814
    H            6.507922681536    -2.518613638697     2.061867020391
    H            3.941683691425    -1.391544746868     3.057573632060
    H            4.593281100549    -2.977825388465     3.385670573374
    H            2.416797217956    -2.766481846678     1.792152252344
    H            3.695606056077    -3.866537440609     1.315884707597


Scratch directory: /tmp/
gradient() will perform analytic gradient computation.
   => Libint2 <=

    Primary   basis highest AM E, G, H:  6, 6, 3
    Auxiliary basis highest AM E, G, H:  7, 7, 4
    Onebody   basis highest AM E, G, H:  -, -, -
    Solid Harmonics ordering:            Gaussian

*** tstart() called on gunsnroses
*** at Thu Jan 23 19:45:24 2025

   => Loading Basis Set <=

    Name: 6-31G**
    Role: ORBITAL
    Keyword: BASIS
    atoms 1, 5                   entry N          line   132 file /home/joaopedroval/miniforge3/envs/PubChem/share/psi4/basis/6-31gss.gbs 
    atoms 2-4, 6-7, 10-15, 18-22 entry C          line   115 file /home/joaopedroval/miniforge3/envs/PubChem/share/psi4/basis/6-31gss.gbs 
    atoms 8-9, 17                entry O          line   149 file /home/joaopedroval/miniforge3/envs/PubChem/share/psi4/basis/6-31gss.gbs 
    atoms 16                     entry CL         line   344 file /home/joaopedroval/miniforge3/envs/PubChem/share/psi4/basis/6-31gss.gbs 
    atoms 23-37                  entry H          line    44 file /home/joaopedroval/miniforge3/envs/PubChem/share/psi4/basis/6-31gss.gbs 


         ---------------------------------------------------------
                                   SCF
               by Justin Turney, Rob Parrish, Andy Simmonett
                          and Daniel G. A. Smith
                              RHF Reference
                        8 Threads,  22888 MiB Core
         ---------------------------------------------------------

  ==> Geometry <==

    Molecular point group: c1
    Full point group: C1

    Geometry (in Angstrom), charge = 0, multiplicity = 1:

       Center              X                  Y                   Z               Mass       
    ------------   -----------------  -----------------  -----------------  -----------------
         N           -2.174104042628     2.224850538556    -0.793081375714    14.003074004430
         C           -1.992571002380     0.923291096538    -0.642259161594    12.000000000000
         C           -3.083246978259     0.053048548339    -0.717911075503    12.000000000000
         C           -4.311444430272     0.619357686691    -0.973996486205    12.000000000000
         N           -4.481803925276     1.920111205537    -1.134111753769    14.003074004430
         C           -3.398965238470     2.653946113414    -1.027703914203    12.000000000000
         C           -5.558975508074    -0.222195971945    -1.080633836587    12.000000000000
         O           -6.642624560243     0.202044731490    -1.283215553333    15.994914619570
         O           -5.308591368814    -1.515867981179    -0.899714272667    15.994914619570
         C           -0.609855387929     0.453462889945    -0.382087180985    12.000000000000
         C           -0.226053468963    -0.865747060155    -0.565117690682    12.000000000000
         C            1.070037067462    -1.281602579676    -0.315496538590    12.000000000000
         C            2.029238218229    -0.380437148868     0.129765363060    12.000000000000
         C            1.640939927804     0.952152712123     0.311955276090    12.000000000000
         C            0.355006146274     1.360880202045     0.055583095646    12.000000000000
         CL           2.805031262528     2.117755339325     0.869339954895    34.968852682000
         O            3.302420097115    -0.680023031955     0.383419403277    15.994914619570
         C            3.810875175862    -2.004328618952     0.276760706746    12.000000000000
         C            5.331353095117    -1.889091639901     0.339428957275    12.000000000000
         C            5.687299108852    -1.843569084205     1.844085241845    12.000000000000
         C            4.400517652317    -2.259041114234     2.597183303869    12.000000000000
         C            3.463780629304    -2.823334513560     1.519002320525    12.000000000000
         H           -2.988699026472    -1.000976746248    -0.567808775899     1.007825032230
         H           -3.520225047413     3.715457613614    -1.147182536686     1.007825032230
         H           -6.127767695060    -1.988010975292    -0.968393578913     1.007825032230
         H           -0.927155112657    -1.595370220097    -0.925411162960     1.007825032230
         H            1.324584338516    -2.310508167079    -0.472117200318     1.007825032230
         H            0.089739669406     2.389776949747     0.194816637572     1.007825032230
         H            3.472301965038    -2.445643885096    -0.653126671339     1.007825032230
         H            5.761998996890    -2.769636764242    -0.128141045488     1.007825032230
         H            5.676073003617    -1.022441852416    -0.209856668642     1.007825032230
         H            6.005696476375    -0.851962398902     2.141727085814     1.007825032230
         H            6.507922681536    -2.518613638697     2.061867020391     1.007825032230
         H            3.941683691425    -1.391544746868     3.057573632060     1.007825032230
         H            4.593281100549    -2.977825388465     3.385670573374     1.007825032230
         H            2.416797217956    -2.766481846678     1.792152252344     1.007825032230
         H            3.695606056077    -3.866537440609     1.315884707597     1.007825032230

  Running in c1 symmetry.

  Rotational constants: A =      0.02078  B =      0.00338  C =      0.00300 [cm^-1]
  Rotational constants: A =    622.96478  B =    101.31051  C =     89.79304 [MHz]
  Nuclear repulsion = 1807.203584028627120

  Charge       = 0
  Multiplicity = 1
  Electrons    = 166
  Nalpha       = 83
  Nbeta        = 83

  ==> Algorithm <==

  SCF Algorithm Type is DF.
  DIIS enabled.
  MOM disabled.
  Fractional occupation disabled.
  Guess Type is READ.
  Energy threshold   = 1.00e-08
  Density threshold  = 1.00e-08
  Integral threshold = 1.00e-12

  ==> Primary Basis <==

  Basis Set: 6-31G**
    Blend: 6-31G**
    Number of shells: 179
    Number of basis functions: 409
    Number of Cartesian functions: 409
    Spherical Harmonics?: false
    Max angular momentum: 2

   => Loading Basis Set <=

    Name: (6-31G** AUX)
    Role: JKFIT
    Keyword: DF_BASIS_SCF
    atoms 1, 5                   entry N          line   171 file /home/joaopedroval/miniforge3/envs/PubChem/share/psi4/basis/cc-pvdz-jkfit.gbs 
    atoms 2-4, 6-7, 10-15, 18-22 entry C          line   121 file /home/joaopedroval/miniforge3/envs/PubChem/share/psi4/basis/cc-pvdz-jkfit.gbs 
    atoms 8-9, 17                entry O          line   221 file /home/joaopedroval/miniforge3/envs/PubChem/share/psi4/basis/cc-pvdz-jkfit.gbs 
    atoms 16                     entry CL         line   667 file /home/joaopedroval/miniforge3/envs/PubChem/share/psi4/basis/cc-pvdz-jkfit.gbs 
    atoms 23-37                  entry H          line    51 file /home/joaopedroval/miniforge3/envs/PubChem/share/psi4/basis/cc-pvdz-jkfit.gbs 

   => Loading Basis Set <=

    Name: 6-31G**
    Role: ORBITAL
    Keyword: BASIS
    atoms 1, 5                   entry N          line   132 file /home/joaopedroval/miniforge3/envs/PubChem/share/psi4/basis/6-31gss.gbs 
    atoms 2-4, 6-7, 10-15, 18-22 entry C          line   115 file /home/joaopedroval/miniforge3/envs/PubChem/share/psi4/basis/6-31gss.gbs 
    atoms 8-9, 17                entry O          line   149 file /home/joaopedroval/miniforge3/envs/PubChem/share/psi4/basis/6-31gss.gbs 
    atoms 16                     entry CL         line   344 file /home/joaopedroval/miniforge3/envs/PubChem/share/psi4/basis/6-31gss.gbs 
    atoms 23-37                  entry H          line    44 file /home/joaopedroval/miniforge3/envs/PubChem/share/psi4/basis/6-31gss.gbs 

  Reading orbitals from file /tmp/stdout.default.8009.180.npy, no projection.

  ==> Integral Setup <==

  DFHelper Memory: AOs need 1.742 GiB; user supplied 16.764 GiB. 
  Using in-core AOs.

  ==> MemDFJK: Density-Fitted J/K Matrices <==

    J tasked:                   Yes
    K tasked:                   Yes
    wK tasked:                   No
    OpenMP threads:               8
    Memory [MiB]:             17166
    Algorithm:                 Core
    Schwarz Cutoff:           1E-12
    Mask sparsity (%):      39.6770
    Fitting Condition:        1E-10

   => Auxiliary Basis Set <=

  Basis Set: (6-31G** AUX)
    Blend: CC-PVDZ-JKFIT
    Number of shells: 675
    Number of basis functions: 2206
    Number of Cartesian functions: 2206
    Spherical Harmonics?: false
    Max angular momentum: 3

  Minimum eigenvalue in the overlap matrix is 3.5489257256E-04.
  Reciprocal condition number of the overlap matrix is 4.4141488195E-05.
    Using symmetric orthogonalization.

  ==> Pre-Iterations <==

  SCF Guess: Orbitals guess was supplied from a previous computation.

   -------------------------------------------------------
    Irrep   Nso     Nmo     Nalpha   Nbeta   Ndocc  Nsocc
   -------------------------------------------------------
     A        409     409      83      83      83       0
   -------------------------------------------------------
    Total     409     409      83      83      83       0
   -------------------------------------------------------

  ==> Iterations <==

                           Total Energy        Delta E     RMS |[F,P]|

   @DF-RHF iter   0: -1407.63971008807175   -1.40764e+03   1.62639e-04 
   @DF-RHF iter   1: -1407.64280644601149   -3.09636e-03   2.74979e-05 DIIS
   @DF-RHF iter   2: -1407.64292414625538   -1.17700e-04   9.40683e-06 DIIS
   @DF-RHF iter   3: -1407.64294011159313   -1.59653e-05   3.96669e-06 DIIS
   @DF-RHF iter   4: -1407.64294195260459   -1.84101e-06   9.97211e-07 DIIS
   @DF-RHF iter   5: -1407.64294227592472   -3.23320e-07   5.17189e-07 DIIS
   @DF-RHF iter   6: -1407.64294234818908   -7.22644e-08   2.23941e-07 DIIS
   @DF-RHF iter   7: -1407.64294236674982   -1.85607e-08   8.36820e-08 DIIS
   @DF-RHF iter   8: -1407.64294236909063   -2.34081e-09   3.78275e-08 DIIS
   @DF-RHF iter   9: -1407.64294236948490   -3.94266e-10   1.37845e-08 DIIS
   @DF-RHF iter  10: -1407.64294236953197   -4.70664e-11   4.57233e-09 DIIS
  Energy and wave function converged.


  ==> Post-Iterations <==

    Orbital Energies [Eh]
    ---------------------

    Doubly Occupied:                                                      

       1A   -104.822710     2A    -20.630946     3A    -20.603253  
       4A    -20.567429     5A    -15.581784     6A    -15.580861  
       7A    -11.399262     8A    -11.329757     9A    -11.318191  
      10A    -11.317997    11A    -11.313635    12A    -11.299492  
      13A    -11.298252    14A    -11.263358    15A    -11.259980  
      16A    -11.258051    17A    -11.255695    18A    -11.248958  
      19A    -11.230439    20A    -11.226703    21A    -11.222853  
      22A    -11.222000    23A    -10.555683    24A     -8.025146  
      25A     -8.021722    26A     -8.021688    27A     -1.493731  
      28A     -1.437679    29A     -1.384879    30A     -1.336447  
      31A     -1.223534    32A     -1.193659    33A     -1.134426  
      34A     -1.128453    35A     -1.097983    36A     -1.040666  
      37A     -1.011365    38A     -0.980696    39A     -0.977701  
      40A     -0.948137    41A     -0.913924    42A     -0.874626  
      43A     -0.851709    44A     -0.817210    45A     -0.793744  
      46A     -0.788220    47A     -0.754211    48A     -0.735789  
      49A     -0.729722    50A     -0.706007    51A     -0.687770  
      52A     -0.675323    53A     -0.670578    54A     -0.664097  
      55A     -0.655323    56A     -0.648873    57A     -0.635740  
      58A     -0.628311    59A     -0.617105    60A     -0.597585  
      61A     -0.595121    62A     -0.590746    63A     -0.578757  
      64A     -0.562681    65A     -0.552612    66A     -0.532451  
      67A     -0.524695    68A     -0.507083    69A     -0.497796  
      70A     -0.489975    71A     -0.481668    72A     -0.478797  
      73A     -0.476942    74A     -0.474374    75A     -0.471893  
      76A     -0.465287    77A     -0.459712    78A     -0.447259  
      79A     -0.428557    80A     -0.421282    81A     -0.391268  
      82A     -0.349312    83A     -0.313103  

    Virtual:                                                              

      84A      0.059179    85A      0.090923    86A      0.123312  
      87A      0.169423    88A      0.203204    89A      0.214236  
      90A      0.221486    91A      0.238779    92A      0.242688  
      93A      0.243406    94A      0.265409    95A      0.290040  
      96A      0.291852    97A      0.295602    98A      0.310505  
      99A      0.318398   100A      0.322461   101A      0.324054  
     102A      0.333290   103A      0.337410   104A      0.344407  
     105A      0.352381   106A      0.363274   107A      0.380467  
     108A      0.388182   109A      0.397079   110A      0.401761  
     111A      0.414240   112A      0.420445   113A      0.430238  
     114A      0.446254   115A      0.450134   116A      0.467792  
     117A      0.484543   118A      0.493835   119A      0.505365  
     120A      0.510123   121A      0.520341   122A      0.525420  
     123A      0.540730   124A      0.568650   125A      0.583630  
     126A      0.595288   127A      0.628850   128A      0.638885  
     129A      0.642864   130A      0.656667   131A      0.667138  
     132A      0.694675   133A      0.710280   134A      0.712004  
     135A      0.723799   136A      0.735496   137A      0.738164  
     138A      0.744345   139A      0.749295   140A      0.750924  
     141A      0.755205   142A      0.772246   143A      0.778244  
     144A      0.792291   145A      0.802381   146A      0.806724  
     147A      0.813615   148A      0.825777   149A      0.829584  
     150A      0.839321   151A      0.852279   152A      0.859674  
     153A      0.876822   154A      0.884028   155A      0.891734  
     156A      0.892858   157A      0.906491   158A      0.915365  
     159A      0.918068   160A      0.923309   161A      0.932785  
     162A      0.938376   163A      0.951536   164A      0.958162  
     165A      0.964764   166A      0.973255   167A      0.982051  
     168A      0.989509   169A      1.012424   170A      1.023301  
     171A      1.024749   172A      1.034180   173A      1.040007  
     174A      1.051818   175A      1.060302   176A      1.067677  
     177A      1.071686   178A      1.076457   179A      1.083865  
     180A      1.097282   181A      1.102576   182A      1.110142  
     183A      1.114870   184A      1.124829   185A      1.129095  
     186A      1.136141   187A      1.141577   188A      1.151329  
     189A      1.154797   190A      1.157237   191A      1.162262  
     192A      1.165528   193A      1.174783   194A      1.177634  
     195A      1.188590   196A      1.194711   197A      1.199024  
     198A      1.206401   199A      1.213154   200A      1.216855  
     201A      1.222873   202A      1.241973   203A      1.262362  
     204A      1.268177   205A      1.295567   206A      1.305452  
     207A      1.309574   208A      1.331831   209A      1.349243  
     210A      1.363092   211A      1.374419   212A      1.403902  
     213A      1.420279   214A      1.433838   215A      1.444441  
     216A      1.449908   217A      1.465060   218A      1.471503  
     219A      1.500917   220A      1.505525   221A      1.509423  
     222A      1.533147   223A      1.540422   224A      1.555023  
     225A      1.566586   226A      1.589398   227A      1.613742  
     228A      1.617868   229A      1.633600   230A      1.642756  
     231A      1.652444   232A      1.656726   233A      1.670846  
     234A      1.679848   235A      1.696208   236A      1.708027  
     237A      1.729417   238A      1.737720   239A      1.773429  
     240A      1.787930   241A      1.791897   242A      1.805007  
     243A      1.817431   244A      1.826692   245A      1.829709  
     246A      1.840072   247A      1.854500   248A      1.898464  
     249A      1.923466   250A      1.924903   251A      1.940652  
     252A      1.952044   253A      1.989008   254A      2.014229  
     255A      2.027022   256A      2.031635   257A      2.040188  
     258A      2.051522   259A      2.055506   260A      2.075974  
     261A      2.079500   262A      2.086703   263A      2.094147  
     264A      2.117622   265A      2.146413   266A      2.148679  
     267A      2.162907   268A      2.167782   269A      2.180961  
     270A      2.187552   271A      2.210127   272A      2.217256  
     273A      2.228203   274A      2.240182   275A      2.248740  
     276A      2.265424   277A      2.272731   278A      2.278075  
     279A      2.290637   280A      2.298918   281A      2.311071  
     282A      2.323575   283A      2.324975   284A      2.338843  
     285A      2.349365   286A      2.369684   287A      2.377887  
     288A      2.391716   289A      2.405339   290A      2.412465  
     291A      2.416828   292A      2.441061   293A      2.471984  
     294A      2.489563   295A      2.504201   296A      2.515242  
     297A      2.524028   298A      2.547566   299A      2.557833  
     300A      2.578625   301A      2.588181   302A      2.594985  
     303A      2.595125   304A      2.610056   305A      2.613500  
     306A      2.624121   307A      2.633860   308A      2.653188  
     309A      2.660450   310A      2.662741   311A      2.680667  
     312A      2.686537   313A      2.702771   314A      2.712272  
     315A      2.729671   316A      2.733395   317A      2.737680  
     318A      2.753149   319A      2.758427   320A      2.782176  
     321A      2.802983   322A      2.818676   323A      2.833207  
     324A      2.838304   325A      2.849389   326A      2.861050  
     327A      2.862931   328A      2.882595   329A      2.886125  
     330A      2.891495   331A      2.895902   332A      2.897887  
     333A      2.915918   334A      2.924564   335A      2.940415  
     336A      2.964931   337A      2.969160   338A      2.977263  
     339A      2.999583   340A      3.013820   341A      3.037308  
     342A      3.045095   343A      3.064850   344A      3.074058  
     345A      3.086852   346A      3.091987   347A      3.096079  
     348A      3.113648   349A      3.127386   350A      3.128979  
     351A      3.135329   352A      3.145511   353A      3.176842  
     354A      3.198826   355A      3.203926   356A      3.221504  
     357A      3.246654   358A      3.263017   359A      3.275277  
     360A      3.285080   361A      3.324833   362A      3.352868  
     363A      3.378143   364A      3.412545   365A      3.440458  
     366A      3.467941   367A      3.543941   368A      3.565165  
     369A      3.572080   370A      3.597379   371A      3.622132  
     372A      3.660310   373A      3.672366   374A      3.680217  
     375A      3.693169   376A      3.740346   377A      3.766027  
     378A      3.778326   379A      3.821900   380A      3.831375  
     381A      3.857666   382A      3.863349   383A      3.882713  
     384A      3.909240   385A      3.978121   386A      4.061474  
     387A      4.184742   388A      4.372806   389A      4.467432  
     390A      4.492368   391A      4.523989   392A      4.552995  
     393A      4.555191   394A      4.576517   395A      4.660344  
     396A      4.709326   397A      4.761949   398A      4.782708  
     399A      4.808468   400A      4.822788   401A      4.844235  
     402A      4.874185   403A      4.910818   404A      5.017392  
     405A      5.081415   406A      5.160826   407A      5.192499  
     408A      5.229503   409A      5.292603  

    Final Occupation by Irrep:
              A 
    DOCC [    83 ]
    NA   [    83 ]
    NB   [    83 ]

  @DF-RHF Final Energy: -1407.64294236953197

   => Energetics <=

    Nuclear Repulsion Energy =           1807.2035840286271196
    One-Electron Energy =               -5520.0881680690699795
    Two-Electron Energy =                2305.2416416709106670
    Total Energy =                      -1407.6429423695321930

Computation Completed


Properties will be evaluated at   0.000000,   0.000000,   0.000000 [a0]

Properties computed using the SCF density matrix


 Multipole Moments:

 ------------------------------------------------------------------------------------
     Multipole            Electronic (a.u.)      Nuclear  (a.u.)        Total (a.u.)
 ------------------------------------------------------------------------------------

 L = 1.  Multiply by 2.5417464519 to convert [e a0] to [Debye]
 Dipole X            :        -24.4737833           25.4607665            0.9869832
 Dipole Y            :         19.7372950          -22.0224292           -2.2851343
 Dipole Z            :         -7.3904935            7.5236583            0.1331647
 Magnitude           :                                                    2.4927309

 ------------------------------------------------------------------------------------

*** tstop() called on gunsnroses at Thu Jan 23 19:45:44 2025
Module time:
	user time   =     123.64 seconds =       2.06 minutes
	system time =       6.55 seconds =       0.11 minutes
	total time  =         20 seconds =       0.33 minutes
Total time:
	user time   =     696.70 seconds =      11.61 minutes
	system time =      42.09 seconds =       0.70 minutes
	total time  =        123 seconds =       2.05 minutes

*** tstart() called on gunsnroses
*** at Thu Jan 23 19:45:44 2025


         ------------------------------------------------------------
                                   SCF GRAD                          
                          Rob Parrish, Justin Turney,                
                       Andy Simmonett, and Alex Sokolov              
         ------------------------------------------------------------

  ==> Geometry <==

    Molecular point group: c1
    Full point group: C1

    Geometry (in Angstrom), charge = 0, multiplicity = 1:

       Center              X                  Y                   Z               Mass       
    ------------   -----------------  -----------------  -----------------  -----------------
         N           -2.174104042628     2.224850538556    -0.793081375714    14.003074004430
         C           -1.992571002380     0.923291096538    -0.642259161594    12.000000000000
         C           -3.083246978259     0.053048548339    -0.717911075503    12.000000000000
         C           -4.311444430272     0.619357686691    -0.973996486205    12.000000000000
         N           -4.481803925276     1.920111205537    -1.134111753769    14.003074004430
         C           -3.398965238470     2.653946113414    -1.027703914203    12.000000000000
         C           -5.558975508074    -0.222195971945    -1.080633836587    12.000000000000
         O           -6.642624560243     0.202044731490    -1.283215553333    15.994914619570
         O           -5.308591368814    -1.515867981179    -0.899714272667    15.994914619570
         C           -0.609855387929     0.453462889945    -0.382087180985    12.000000000000
         C           -0.226053468963    -0.865747060155    -0.565117690682    12.000000000000
         C            1.070037067462    -1.281602579676    -0.315496538590    12.000000000000
         C            2.029238218229    -0.380437148868     0.129765363060    12.000000000000
         C            1.640939927804     0.952152712123     0.311955276090    12.000000000000
         C            0.355006146274     1.360880202045     0.055583095646    12.000000000000
         CL           2.805031262528     2.117755339325     0.869339954895    34.968852682000
         O            3.302420097115    -0.680023031955     0.383419403277    15.994914619570
         C            3.810875175862    -2.004328618952     0.276760706746    12.000000000000
         C            5.331353095117    -1.889091639901     0.339428957275    12.000000000000
         C            5.687299108852    -1.843569084205     1.844085241845    12.000000000000
         C            4.400517652317    -2.259041114234     2.597183303869    12.000000000000
         C            3.463780629304    -2.823334513560     1.519002320525    12.000000000000
         H           -2.988699026472    -1.000976746248    -0.567808775899     1.007825032230
         H           -3.520225047413     3.715457613614    -1.147182536686     1.007825032230
         H           -6.127767695060    -1.988010975292    -0.968393578913     1.007825032230
         H           -0.927155112657    -1.595370220097    -0.925411162960     1.007825032230
         H            1.324584338516    -2.310508167079    -0.472117200318     1.007825032230
         H            0.089739669406     2.389776949747     0.194816637572     1.007825032230
         H            3.472301965038    -2.445643885096    -0.653126671339     1.007825032230
         H            5.761998996890    -2.769636764242    -0.128141045488     1.007825032230
         H            5.676073003617    -1.022441852416    -0.209856668642     1.007825032230
         H            6.005696476375    -0.851962398902     2.141727085814     1.007825032230
         H            6.507922681536    -2.518613638697     2.061867020391     1.007825032230
         H            3.941683691425    -1.391544746868     3.057573632060     1.007825032230
         H            4.593281100549    -2.977825388465     3.385670573374     1.007825032230
         H            2.416797217956    -2.766481846678     1.792152252344     1.007825032230
         H            3.695606056077    -3.866537440609     1.315884707597     1.007825032230

  Nuclear repulsion = 1807.203584028627120

  ==> Basis Set <==

  Basis Set: 6-31G**
    Blend: 6-31G**
    Number of shells: 179
    Number of basis functions: 409
    Number of Cartesian functions: 409
    Spherical Harmonics?: false
    Max angular momentum: 2

  ==> DFJKGrad: Density-Fitted SCF Gradients <==

    Gradient:                    1
    J tasked:                  Yes
    K tasked:                  Yes
    wK tasked:                  No
    OpenMP threads:              8
    Integrals threads:           8
    Memory [MiB]:            17166
    Schwarz Cutoff:          1E-12
    Fitting Condition:       1E-10

   => Auxiliary Basis Set <=

  Basis Set: (6-31G** AUX)
    Blend: CC-PVDZ-JKFIT
    Number of shells: 675
    Number of basis functions: 2206
    Number of Cartesian functions: 2206
    Spherical Harmonics?: false
    Max angular momentum: 3


  -Total Gradient:
     Atom            X                  Y                   Z
    ------   -----------------  -----------------  -----------------
       1       -0.000223012026     0.000271704249    -0.000094409295
       2       -0.000131457096    -0.000333119866     0.000022192269
       3        0.000265860161     0.000034788632     0.000066559592
       4       -0.000277751567     0.000389665731     0.000677990490
       5       -0.000192219810    -0.000341872343     0.000109261288
       6        0.000451939393     0.000062514131     0.000042717346
       7        0.000381544247    -0.000313561428    -0.002650924527
       8       -0.000134499817     0.000111433090     0.001023894918
       9       -0.000131653439     0.000113427333     0.000824443358
      10        0.000054315858     0.000033679458     0.000002927597
      11        0.000000414637    -0.000004100217    -0.000022633200
      12       -0.000017916544    -0.000003409655    -0.000045942335
      13       -0.000058038987     0.000016816375    -0.000034586247
      14        0.000027613174    -0.000012184613     0.000037208845
      15       -0.000040816734    -0.000006123688    -0.000003888066
      16       -0.000011895499    -0.000003181728    -0.000006027027
      17       -0.000129848130     0.000226789995    -0.000064463233
      18       -0.000010934570     0.000086591674     0.000008376045
      19       -0.000040671823    -0.000197201516     0.000078539605
      20       -0.000122159944     0.000189835107     0.000092089126
      21        0.000178594473    -0.000130472998    -0.000208480753
      22        0.000023294139    -0.000027472103     0.000109422289
      23        0.000012808740    -0.000010784008     0.000018531684
      24       -0.000020969471    -0.000001779786    -0.000025667235
      25        0.000005438314    -0.000009355089     0.000005512001
      26       -0.000028883214     0.000009579350    -0.000008756718
      27       -0.000005926344     0.000030182315    -0.000035294042
      28        0.000002866436     0.000005127632    -0.000002040478
      29        0.000018567548    -0.000130823946     0.000041767569
      30        0.000150901106    -0.000006063238    -0.000026279598
      31       -0.000126574666     0.000031859373     0.000100025713
      32        0.000092335299    -0.000017652401     0.000044947430
      33       -0.000031098749    -0.000145782433    -0.000044851307
      34       -0.000042542941     0.000075832924    -0.000018008021
      35        0.000035900059     0.000039909234    -0.000003951746
      36        0.000112668148     0.000024210905     0.000008942497
      37       -0.000036190389    -0.000059006445    -0.000019145829


*** tstop() called on gunsnroses at Thu Jan 23 19:45:54 2025
Module time:
	user time   =      48.25 seconds =       0.80 minutes
	system time =       4.12 seconds =       0.07 minutes
	total time  =         10 seconds =       0.17 minutes
Total time:
	user time   =     744.96 seconds =      12.42 minutes
	system time =      46.21 seconds =       0.77 minutes
	total time  =        133 seconds =       2.22 minutes

    			-----------------------------------------

    			 OPTKING 3.0: for geometry optimizations 

    			     By R.A. King, Bethel University     

    			        with contributions from          

    			    A.V. Copan, J. Cayton, A. Heide      

    			-----------------------------------------

    
	                            ===> Fragment 1 <== 

	 Z (Atomic Numbers)          Masses                          Geom                  
	       7.000000            14.003074         -4.10846121  4.20435819 -1.49870660   
	       6.000000            12.000000         -3.76541348  1.74476731 -1.21369392   
	       6.000000            12.000000         -5.82649237  0.10024723 -1.35665532   
	       6.000000            12.000000         -8.14744918  1.17041640 -1.84058661   
	       7.000000            14.003074         -8.46938197  3.62848431 -2.14316061   
	       6.000000            12.000000         -6.42311341  5.01523131 -1.94207894   
	       6.000000            12.000000        -10.50494125  -0.41988953  -2.04210199 
	       8.000000            15.994915        -12.55274117   0.38180921  -2.42492596 
	       8.000000            15.994915        -10.03178380  -2.86457533  -1.70021357 
	       6.000000            12.000000         -1.15245966  0.85692067 -0.72204013   
	       6.000000            12.000000         -0.42717915 -1.63602484 -1.06791766   
	       6.000000            12.000000          2.02207700 -2.42187788 -0.59620205   
	       6.000000            12.000000          3.83470448 -0.71892202  0.24522100   
	       6.000000            12.000000          3.10092705  1.79930786  0.58951004   
	       6.000000            12.000000          0.67086439  2.57169087  0.10503683   
	      17.000000            34.968853          5.30074086  4.00197759  1.64281442   
	       8.000000            15.994915          6.24066953 -1.28505729  0.72455766   
	       6.000000            12.000000          7.20151038 -3.78763216  0.52300194   
	       6.000000            12.000000         10.07479723 -3.56986583  0.64142777   
	       6.000000            12.000000         10.74743771 -3.48384066  3.48481606   
	       6.000000            12.000000          8.31577317 -4.26896901  4.90796514   
	       6.000000            12.000000          6.54559675 -5.33532899  2.87049837   
	       1.000000             1.007825         -5.64782263 -1.89157191 -1.07300308   
	       1.000000             1.007825         -6.65226124  7.02119732 -2.16786081   
	       1.000000             1.007825        -11.57980270  -3.75679628  -1.82999865 
	       1.000000             1.007825         -1.75206924 -3.01481278 -1.74877365   
	       1.000000             1.007825          2.50310163 -4.36622765 -0.89217221   
	       1.000000             1.007825          0.16958340  4.51602394  0.36815009   
	       1.000000             1.007825          6.56169974 -4.62159714 -1.23423053   
	       1.000000             1.007825         10.88860004 -5.23385495 -0.24215148   
	       1.000000             1.007825         10.72622344 -1.93213508 -0.39657163   
	       1.000000             1.007825         11.34912153 -1.60997560  4.04727763   
	       1.000000             1.007825         12.29819151 -4.75948999  3.89636398   
	       1.000000             1.007825          7.44870265 -2.62963846  5.77797677   
	       1.000000             1.007825          8.68004330 -5.62727443  6.39799013   
	       1.000000             1.007825          4.56708484 -5.22789302  3.38667693   
	       1.000000             1.007825          6.98368331 -7.30669682  2.48666171   

	 - Coordinate -           - BOHR/RAD -       - ANG/DEG -
	 H(5,24)          =         3.848771           2.036682
	 H(8,25)          =         4.292855           2.271681
	 R(1,2)           =         2.499700           1.322784
	 R(1,6)           =         2.492330           1.318884
	 R(2,3)           =         2.640631           1.397362
	 R(2,10)          =         2.803127           1.483351
	 R(3,4)           =         2.601210           1.376501
	 R(3,23)          =         2.019833           1.068850
	 R(4,5)           =         2.497457           1.321597
	 R(4,7)           =         2.850868           1.508615
	 R(5,6)           =         2.480064           1.312393
	 R(6,24)          =         2.031597           1.075075
	 R(7,8)           =         2.232210           1.181234
	 R(7,9)           =         2.513415           1.330042
	 R(9,25)          =         1.791442           0.947990
	 R(10,11)         =         2.619244           1.386044
	 R(10,15)         =         2.636096           1.394962
	 R(11,12)         =         2.615136           1.383870
	 R(11,26)         =         2.029767           1.074107
	 R(12,13)         =         2.625580           1.389397
	 R(12,27)         =         2.024717           1.071434
	 R(13,14)         =         2.645458           1.399916
	 R(13,17)         =         2.517725           1.332323
	 R(14,15)         =         2.595476           1.373467
	 R(14,16)         =         3.286394           1.739085
	 R(15,28)         =         2.025078           1.071625
	 R(17,18)         =         2.688256           1.422564
	 R(18,19)         =         2.883960           1.526126
	 R(18,22)         =         2.887270           1.527877
	 R(18,29)         =         2.047614           1.083550
	 R(19,20)         =         2.923132           1.546855
	 R(19,30)         =         2.052279           1.086019
	 R(19,31)         =         2.045473           1.082418
	 R(20,21)         =         2.924854           1.547766
	 R(20,32)         =         2.046890           1.083167
	 R(20,33)         =         2.049754           1.084683
	 R(21,22)         =         2.902054           1.535701
	 R(21,34)         =         2.048447           1.083992
	 R(21,35)         =         2.048868           1.084214
	 R(22,36)         =         2.047558           1.083521
	 R(22,37)         =         2.055612           1.087783
	 B(1,2,3)         =         2.093811         119.966527
	 B(1,2,10)        =         2.048313         117.359714
	 B(1,6,5)         =         2.212761         126.781840
	 B(1,6,24)        =         2.032824         116.472243
	 B(2,1,6)         =         2.057667         117.895627
	 B(2,3,4)         =         2.037883         116.762072
	 B(2,3,23)        =         2.138256         122.513044
	 B(2,10,11)       =         2.136984         122.440170
	 B(2,10,15)       =         2.087189         119.587095
	 B(3,2,10)        =         2.141011         122.670920
	 B(3,4,5)         =         2.144182         122.852560
	 B(3,4,7)         =         2.119400         121.432647
	 B(4,3,23)        =         2.106865         120.714450
	 B(4,5,6)         =         2.019901         115.731780
	 B(4,7,8)         =         2.177788         124.778079
	 B(4,7,9)         =         1.957664         112.165905
	 B(5,4,7)         =         2.019585         115.713706
	 B(5,6,24)        =         2.037595         116.745574
	 B(7,9,25)        =         1.887988         108.173752
	 B(8,7,9)         =         2.147613         123.049161
	 B(10,11,12)      =         2.119442         121.435105
	 B(10,11,26)      =         2.106074         120.669173
	 B(10,15,14)      =         2.108982         120.835792
	 B(10,15,28)      =         2.087606         119.610999
	 B(11,10,15)      =         2.058992         117.971533
	 B(11,12,13)      =         2.105379         120.629316
	 B(11,12,27)      =         2.076831         118.993671
	 B(12,11,26)      =         2.057491         117.885523
	 B(12,13,14)      =         2.057399         117.880278
	 B(12,13,17)      =         2.183273         125.092310
	 B(13,12,27)      =         2.100974         120.376954
	 B(13,14,15)      =         2.116101         121.243679
	 B(13,14,16)      =         2.087540         119.607260
	 B(13,17,18)      =         2.137211         122.453164
	 B(14,13,17)      =         2.042415         117.021738
	 B(14,15,28)      =         2.086596         119.553168
	 B(15,14,16)      =         2.079540         119.148877
	 B(17,18,19)      =         1.857431         106.422976
	 B(17,18,22)      =         1.935701         110.907479
	 B(17,18,29)      =         1.909024         109.379031
	 B(18,19,20)      =         1.845668         105.748989
	 B(18,19,30)      =         1.892482         108.431232
	 B(18,19,31)      =         1.935757         110.910722
	 B(18,22,21)      =         1.808309         103.608457
	 B(18,22,36)      =         1.978338         113.350404
	 B(18,22,37)      =         1.890032         108.290836
	 B(19,18,22)      =         1.806393         103.498685
	 B(19,18,29)      =         1.957680         112.166805
	 B(19,20,21)      =         1.848439         105.907732
	 B(19,20,32)      =         1.941074         111.215349
	 B(19,20,33)      =         1.929518         110.553243
	 B(20,19,30)      =         1.929868         110.573274
	 B(20,19,31)      =         1.978794         113.376523
	 B(20,21,22)      =         1.838114         105.316157
	 B(20,21,34)      =         1.921695         110.104990
	 B(20,21,35)      =         1.964924         112.581828
	 B(21,20,32)      =         1.935233         110.880670
	 B(21,20,33)      =         1.943607         111.360487
	 B(21,22,36)      =         1.974834         113.149672
	 B(21,22,37)      =         1.932097         110.701008
	 B(22,18,29)      =         1.991542         114.106970
	 B(22,21,34)      =         1.911401         109.515186
	 B(22,21,35)      =         1.955653         112.050653
	 B(30,19,31)      =         1.880116         107.722701
	 B(32,20,33)      =         1.867296         106.988162
	 B(34,21,35)      =         1.872274         107.273386
	 B(36,22,37)      =         1.878975         107.657325
	 D(1,2,3,4)       =         0.018532           1.061833
	 D(1,2,3,23)      =        -3.102668        -177.769789
	 D(1,2,10,11)     =        -2.827724        -162.016653
	 D(1,2,10,15)     =         0.306761          17.576102
	 D(1,6,5,4)       =         0.012283           0.703737
	 D(2,1,6,5)       =        -0.003126          -0.179119
	 D(2,1,6,24)      =        -3.140852        -179.957550
	 D(2,3,4,5)       =        -0.009272          -0.531271
	 D(2,3,4,7)       =        -3.143960        -180.135626
	 D(2,10,11,12)    =         3.141978         180.022059
	 D(2,10,11,26)    =         0.021092           1.208462
	 D(2,10,15,14)    =         3.134702         179.605219
	 D(2,10,15,28)    =        -0.005602          -0.320976
	 D(3,2,1,6)       =        -0.012894          -0.738761
	 D(3,2,10,11)     =         0.324586          18.597412
	 D(3,2,10,15)     =        -2.824114        -161.809832
	 D(3,4,5,6)       =        -0.005266          -0.301706
	 D(3,4,7,8)       =         3.126212         179.118768
	 D(3,4,7,9)       =         0.000858           0.049180
	 D(4,3,2,10)      =        -3.134048        -179.567701
	 D(4,5,6,24)      =        -3.133187        -179.518363
	 D(4,7,9,25)      =         3.130563         179.368031
	 D(5,4,3,23)      =         3.112319         178.322715
	 D(5,4,7,8)       =        -0.008942          -0.512332
	 D(5,4,7,9)       =        -3.134296        -179.581920
	 D(6,1,2,10)      =         3.139113         179.857914
	 D(6,5,4,7)       =         3.129787         179.323604
	 D(7,4,3,23)      =        -0.022369          -1.281639
	 D(8,7,9,25)      =         0.004883           0.279753
	 D(10,2,3,23)     =         0.027937           1.600678
	 D(10,11,12,13)   =         0.000643           0.036849
	 D(10,11,12,27)   =        -3.139417        -179.875339
	 D(10,15,14,13)   =         0.012123           0.694608
	 D(10,15,14,16)   =        -3.132199        -179.461794
	 D(11,10,15,14)   =        -0.013682          -0.783936
	 D(11,10,15,28)   =         3.129199         179.289869
	 D(11,12,13,14)   =        -0.002564          -0.146909
	 D(11,12,13,17)   =        -3.128538        -179.252002
	 D(12,11,10,15)   =         0.007384           0.423044
	 D(12,13,14,15)   =        -0.003776          -0.216344
	 D(12,13,14,16)   =         3.140559         179.940764
	 D(12,13,17,18)   =        -0.050326          -2.883479
	 D(13,12,11,26)   =         3.122086         178.882338
	 D(13,14,15,28)   =        -3.130757        -179.379155
	 D(13,17,18,19)   =         2.929109         167.825569
	 D(13,17,18,22)   =        -1.400929         -80.267342
	 D(13,17,18,29)   =         0.810695          46.449419
	 D(14,13,12,27)   =         3.137475         179.764062
	 D(14,13,17,18)   =         3.106764         178.004488
	 D(15,10,11,26)   =        -3.113503        -178.390553
	 D(15,14,13,17)   =         3.123471         178.961694
	 D(16,14,13,17)   =        -0.015380          -0.881198
	 D(16,14,15,28)   =         0.008106           0.464443
	 D(17,13,12,27)   =         0.011501           0.658969
	 D(17,18,19,20)   =         1.467906          84.104834
	 D(17,18,19,30)   =        -2.745155        -157.285774
	 D(17,18,19,31)   =        -0.684133         -39.197931
	 D(17,18,22,21)   =        -1.279612         -73.316385
	 D(17,18,22,36)   =         0.867672          49.713964
	 D(17,18,22,37)   =         2.951317         169.098016
	 D(18,19,20,21)   =         0.221513          12.691732
	 D(18,19,20,32)   =        -1.882369        -107.851811
	 D(18,19,20,33)   =         2.329059         133.445261
	 D(18,22,21,20)   =        -0.567400         -32.509626
	 D(18,22,21,34)   =         1.498572          85.861876
	 D(18,22,21,35)   =        -2.709226        -155.227195
	 D(19,18,22,21)   =         0.705928          40.446686
	 D(19,18,22,36)   =         2.853213         163.477035
	 D(19,18,22,37)   =        -1.346328         -77.138913
	 D(19,20,21,22)   =         0.213447          12.229610
	 D(19,20,21,34)   =        -1.845602        -105.745207
	 D(19,20,21,35)   =         2.349310         134.605561
	 D(20,19,18,22)   =        -0.573427         -32.854938
	 D(20,19,18,29)   =        -2.728230        -156.316052
	 D(20,21,22,36)   =        -2.716994        -155.672286
	 D(20,21,22,37)   =         1.455292          83.382111
	 D(21,20,19,30)   =        -1.823595        -104.484322
	 D(21,20,19,31)   =         2.346075         134.420207
	 D(21,22,18,29)   =         2.838293         162.622237
	 D(22,18,19,30)   =         1.496698          85.754454
	 D(22,18,19,31)   =        -2.725466        -156.157703
	 D(22,21,20,32)   =         2.321122         132.990479
	 D(22,21,20,33)   =        -1.884936        -107.998850
	 D(26,11,12,27)   =        -0.017974          -1.029850
	 D(29,18,19,30)   =        -0.658105         -37.706660
	 D(29,18,19,31)   =         1.402916          80.381182
	 D(29,18,22,36)   =        -1.297607         -74.347414
	 D(29,18,22,37)   =         0.786038          45.036638
	 D(30,19,20,32)   =         2.355708         134.972135
	 D(30,19,20,33)   =         0.283951          16.269207
	 D(31,19,20,32)   =         0.242193          13.876664
	 D(31,19,20,33)   =        -1.829563        -104.826264
	 D(32,20,21,34)   =         0.262073          15.015661
	 D(32,20,21,35)   =        -1.826200        -104.633571
	 D(33,20,21,34)   =         2.339201         134.026332
	 D(33,20,21,35)   =         0.250928          14.377100
	 D(34,21,22,36)   =        -0.651022         -37.300785
	 D(34,21,22,37)   =        -2.761920        -158.246388
	 D(35,21,22,36)   =         1.424366          81.610144
	 D(35,21,22,37)   =        -0.686533         -39.335459


	        --- Internal Coordinate Step in ANG or DEG, aJ/ANG or AJ/DEG ---
	-------------------------------------------------------------------------------
	           Coordinate      Previous         Force          Change          New 
	           ----------      --------        ------          ------        ------
	              H(5,24)       2.03668       -0.00049       -0.00044       2.03624
	              H(8,25)       2.27168       -0.00005       -0.00061       2.27107
	               R(1,2)       1.32278       -0.00168       -0.00098       1.32180
	               R(1,6)       1.31888        0.00189        0.00111       1.31999
	               R(2,3)       1.39736        0.00151        0.00110       1.39846
	              R(2,10)       1.48335        0.00015        0.00011       1.48346
	               R(3,4)       1.37650       -0.00130       -0.00101       1.37549
	              R(3,23)       1.06885       -0.00012       -0.00005       1.06880
	               R(4,5)       1.32160        0.00180        0.00108       1.32268
	               R(4,7)       1.50861       -0.00009       -0.00023       1.50839
	               R(5,6)       1.31239       -0.00164       -0.00115       1.31124
	              R(6,24)       1.07507        0.00037       -0.00001       1.07506
	               R(7,8)       1.18123        0.00013        0.00001       1.18124
	               R(7,9)       1.33004        0.00015        0.00008       1.33012
	              R(9,25)       0.94799        0.00002       -0.00004       0.94795
	             R(10,11)       1.38604        0.00016        0.00002       1.38606
	             R(10,15)       1.39496        0.00032        0.00008       1.39504
	             R(11,12)       1.38387       -0.00001       -0.00015       1.38372
	             R(11,26)       1.07411       -0.00013       -0.00003       1.07408
	             R(12,13)       1.38940       -0.00030        0.00023       1.38963
	             R(12,27)       1.07143        0.00021        0.00002       1.07146
	             R(13,14)       1.39992       -0.00005        0.00024       1.40016
	             R(13,17)       1.33232       -0.00080       -0.00071       1.33161
	             R(14,15)       1.37347       -0.00009       -0.00014       1.37333
	             R(14,16)       1.73908        0.00010        0.00007       1.73915
	             R(15,28)       1.07163       -0.00003       -0.00003       1.07160
	             R(17,18)       1.42256       -0.00254        0.00047       1.42304
	             R(18,19)       1.52613       -0.00035        0.00033       1.52646
	             R(18,22)       1.52788       -0.00048       -0.00171       1.52617
	             R(18,29)       1.08355       -0.00010       -0.00026       1.08329
	             R(19,20)       1.54686        0.00052       -0.00208       1.54478
	             R(19,30)       1.08602       -0.00063        0.00015       1.08617
	             R(19,31)       1.08242        0.00054        0.00001       1.08242
	             R(20,21)       1.54777        0.00162        0.00126       1.54903
	             R(20,32)       1.08317       -0.00019        0.00015       1.08332
	             R(20,33)       1.08468       -0.00048       -0.00009       1.08460
	             R(21,22)       1.53570        0.00022        0.00166       1.53736
	             R(21,34)       1.08399       -0.00059        0.00033       1.08432
	             R(21,35)       1.08421        0.00019        0.00004       1.08426
	             R(22,36)       1.08352        0.00087       -0.00004       1.08348
	             R(22,37)       1.08778       -0.00043       -0.00031       1.08747
	             B(1,2,3)     119.96653       -0.00000       -0.01514     119.95139
	            B(1,2,10)     117.35971       -0.00000        0.03434     117.39405
	             B(1,6,5)     126.78184       -0.00000        0.00847     126.79031
	            B(1,6,24)     116.47224       -0.00000       -0.06293     116.40931
	             B(2,1,6)     117.89563        0.00000        0.00541     117.90104
	             B(2,3,4)     116.76207        0.00000        0.00957     116.77164
	            B(2,3,23)     122.51304        0.00000        0.00759     122.52063
	           B(2,10,11)     122.44017        0.00000        0.04174     122.48191
	           B(2,10,15)     119.58709       -0.00000       -0.01958     119.56751
	            B(3,2,10)     122.67092        0.00000       -0.01821     122.65271
	             B(3,4,5)     122.85256       -0.00000       -0.00200     122.85056
	             B(3,4,7)     121.43265        0.00000        0.02244     121.45509
	            B(4,3,23)     120.71445       -0.00000       -0.01711     120.69734
	             B(4,5,6)     115.73178       -0.00000       -0.00544     115.72634
	             B(4,7,8)     124.77808        0.00000       -0.00811     124.76997
	             B(4,7,9)     112.16590        0.00000       -0.00790     112.15801
	             B(5,4,7)     115.71371       -0.00000       -0.02206     115.69165
	            B(5,6,24)     116.74557        0.00001        0.05424     116.79981
	            B(7,9,25)     108.17375       -0.00000       -0.01710     108.15665
	             B(8,7,9)     123.04916       -0.00000       -0.03123     123.01793
	          B(10,11,12)     121.43511        0.00000        0.02616     121.46127
	          B(10,11,26)     120.66917        0.00000        0.01909     120.68826
	          B(10,15,14)     120.83579        0.00000        0.00925     120.84504
	          B(10,15,28)     119.61100       -0.00000       -0.01579     119.59521
	          B(11,10,15)     117.97153       -0.00000       -0.02180     117.94973
	          B(11,12,13)     120.62932        0.00000       -0.00295     120.62637
	          B(11,12,27)     118.99367        0.00000       -0.00082     118.99285
	          B(12,11,26)     117.88552       -0.00000       -0.04420     117.84133
	          B(12,13,14)     117.88028        0.00000       -0.02184     117.85844
	          B(12,13,17)     125.09231       -0.00001        0.00637     125.09868
	          B(13,12,27)     120.37695       -0.00000        0.00382     120.38078
	          B(13,14,15)     121.24368       -0.00000        0.01126     121.25494
	          B(13,14,16)     119.60726       -0.00000       -0.00747     119.59979
	          B(13,17,18)     122.45316       -0.00001       -0.00248     122.45069
	          B(14,13,17)     117.02174        0.00001        0.01685     117.03859
	          B(14,15,28)     119.55317       -0.00000        0.00648     119.55965
	          B(15,14,16)     119.14888        0.00000       -0.00393     119.14495
	          B(17,18,19)     106.42298       -0.00000        0.06547     106.48844
	          B(17,18,22)     110.90748       -0.00001       -0.14029     110.76719
	          B(17,18,29)     109.37903        0.00000        0.45154     109.83057
	          B(18,19,20)     105.74899       -0.00001       -0.18330     105.56569
	          B(18,19,30)     108.43123       -0.00000        0.43952     108.87075
	          B(18,19,31)     110.91072        0.00001       -0.40206     110.50866
	          B(18,22,21)     103.60846       -0.00000        0.08006     103.68851
	          B(18,22,36)     113.35040        0.00000       -0.44029     112.91011
	          B(18,22,37)     108.29084       -0.00000        0.24642     108.53726
	          B(19,18,22)     103.49868        0.00001       -0.08075     103.41793
	          B(19,18,29)     112.16681       -0.00000        0.07638     112.24318
	          B(19,20,21)     105.90773        0.00001        0.02852     105.93626
	          B(19,20,32)     111.21535       -0.00000       -0.47251     110.74284
	          B(19,20,33)     110.55324        0.00000        0.37101     110.92425
	          B(20,19,30)     110.57327        0.00001        0.42458     110.99785
	          B(20,19,31)     113.37652        0.00000       -0.43408     112.94244
	          B(20,21,22)     105.31616       -0.00001        0.05583     105.37198
	          B(20,21,34)     110.10499        0.00000        0.14716     110.25215
	          B(20,21,35)     112.58183        0.00000       -0.08532     112.49650
	          B(21,20,32)     110.88067       -0.00000       -0.19820     110.68247
	          B(21,20,33)     111.36049        0.00000        0.10747     111.46796
	          B(21,22,36)     113.14967       -0.00000       -0.10143     113.04824
	          B(21,22,37)     110.70101        0.00000        0.15339     110.85440
	          B(22,18,29)     114.10697       -0.00000       -0.38062     113.72635
	          B(22,21,34)     109.51519        0.00000        0.37404     109.88923
	          B(22,21,35)     112.05065        0.00000       -0.47100     111.57965
	          B(30,19,31)     107.72270       -0.00000        0.18233     107.90504
	          B(32,20,33)     106.98816       -0.00000        0.15457     107.14273
	          B(34,21,35)     107.27339       -0.00000       -0.00048     107.27290
	          B(36,22,37)     107.65733        0.00000        0.07989     107.73722
	           D(1,2,3,4)       1.06183       -0.00000       -0.04509       1.01674
	          D(1,2,3,23)    -177.76979        0.00000       -0.04775    -177.81753
	         D(1,2,10,11)    -162.01665       -0.00000       -0.75320    -162.76985
	         D(1,2,10,15)      17.57610       -0.00000       -0.68810      16.88800
	           D(1,6,5,4)       0.70374        0.00000       -0.02726       0.67647
	           D(2,1,6,5)      -0.17912        0.00000       -0.06196      -0.24108
	          D(2,1,6,24)    -179.95755       -0.00000        0.00108    -179.95647
	           D(2,3,4,5)      -0.53127        0.00000       -0.04768      -0.57895
	           D(2,3,4,7)    -180.13563        0.00000        0.18081    -179.95482
	        D(2,10,11,12)     180.02206       -0.00000        0.02036     180.04242
	        D(2,10,11,26)       1.20846       -0.00000       -0.04201       1.16645
	        D(2,10,15,14)     179.60522        0.00000       -0.03366     179.57155
	        D(2,10,15,28)      -0.32098        0.00000        0.00587      -0.31511
	           D(3,2,1,6)      -0.73876       -0.00000        0.09575      -0.64301
	         D(3,2,10,11)      18.59741       -0.00000       -0.87276      17.72466
	         D(3,2,10,15)    -161.80983       -0.00000       -0.80766    -162.61749
	           D(3,4,5,6)      -0.30171       -0.00000        0.08199      -0.21972
	           D(3,4,7,8)     179.11877        0.00005        1.64266     180.76143
	           D(3,4,7,9)       0.04918       -0.00005       -1.90140      -1.85222
	          D(4,3,2,10)    -179.56770       -0.00000        0.07772    -179.48999
	          D(4,5,6,24)    -179.51836        0.00000       -0.09075    -179.60911
	          D(4,7,9,25)     179.36803        0.00005        1.75154     181.11957
	          D(5,4,3,23)     178.32272        0.00000       -0.04478     178.27793
	           D(5,4,7,8)      -0.51233        0.00005        1.85561       1.34328
	           D(5,4,7,9)    -179.58192       -0.00005       -1.68845    -181.27037
	          D(6,1,2,10)     179.85791        0.00000       -0.02040     179.83751
	           D(6,5,4,7)     179.32360       -0.00000       -0.13415     179.18946
	          D(7,4,3,23)      -1.28164        0.00000        0.18371      -1.09793
	          D(8,7,9,25)       0.27975       -0.00005       -1.72064      -1.44089
	         D(10,2,3,23)       1.60068       -0.00000        0.07506       1.67574
	       D(10,11,12,13)       0.03685       -0.00000       -0.01469       0.02216
	       D(10,11,12,27)    -179.87534       -0.00000       -0.10975    -179.98509
	       D(10,15,14,13)       0.69461        0.00000        0.04471       0.73932
	       D(10,15,14,16)    -179.46179        0.00000       -0.00583    -179.46763
	       D(11,10,15,14)      -0.78394        0.00000        0.02876      -0.75518
	       D(11,10,15,28)     179.28987        0.00000        0.06829     179.35816
	       D(11,12,13,14)      -0.14691        0.00000        0.08590      -0.06101
	       D(11,12,13,17)    -179.25200       -0.00000       -0.03051    -179.28252
	       D(12,11,10,15)       0.42304       -0.00000       -0.04373       0.37931
	       D(12,13,14,15)      -0.21634       -0.00000       -0.10120      -0.31755
	       D(12,13,14,16)     179.94076       -0.00000       -0.05044     179.89033
	       D(12,13,17,18)      -2.88348        0.00001        0.41839      -2.46508
	       D(13,12,11,26)     178.88234       -0.00000        0.04667     178.92901
	       D(13,14,15,28)    -179.37915        0.00000        0.00518    -179.37398
	       D(13,17,18,19)     167.82557        0.00001        1.10676     168.93233
	       D(13,17,18,22)     -80.26734        0.00001        0.98092     -79.28643
	       D(13,17,18,29)      46.44942        0.00001        0.72028      47.16970
	       D(14,13,12,27)     179.76406        0.00000        0.18227     179.94633
	       D(14,13,17,18)     178.00449        0.00001        0.30316     178.30764
	       D(15,10,11,26)    -178.39055       -0.00000       -0.10611    -178.49666
	       D(15,14,13,17)     178.96169        0.00000        0.00567     178.96736
	       D(16,14,13,17)      -0.88120        0.00000        0.05644      -0.82476
	       D(16,14,15,28)       0.46444        0.00000       -0.04537       0.41907
	       D(17,13,12,27)       0.65897        0.00000        0.06586       0.72482
	       D(17,18,19,20)      84.10483       -0.00000       -1.36918      82.73565
	       D(17,18,19,30)    -157.28577       -0.00000       -0.74846    -158.03424
	       D(17,18,19,31)     -39.19793       -0.00001       -0.49357     -39.69150
	       D(17,18,22,21)     -73.31638        0.00000        0.09288     -73.22351
	       D(17,18,22,36)      49.71396        0.00000       -0.22698      49.48698
	       D(17,18,22,37)     169.09802        0.00000       -0.23400     168.86402
	       D(18,19,20,21)      12.69173       -0.00000        1.81926      14.51099
	       D(18,19,20,32)    -107.85181       -0.00000        2.30288    -105.54893
	       D(18,19,20,33)     133.44526       -0.00000        2.17399     135.61925
	       D(18,22,21,20)     -32.50963        0.00000        1.08457     -31.42506
	       D(18,22,21,34)      85.86188        0.00000        1.47870      87.34058
	       D(18,22,21,35)    -155.22720        0.00000        1.42635    -153.80084
	       D(19,18,22,21)      40.44669        0.00000        0.06609      40.51278
	       D(19,18,22,36)     163.47704        0.00000       -0.25377     163.22327
	       D(19,18,22,37)     -77.13891        0.00000       -0.26079     -77.39970
	       D(19,20,21,22)      12.22961        0.00000       -1.80542      10.42419
	       D(19,20,21,34)    -105.74521        0.00000       -2.35347    -108.09868
	       D(19,20,21,35)     134.60556        0.00000       -2.39770     132.20786
	       D(20,19,18,22)     -32.85494        0.00000       -1.20241     -34.05735
	       D(20,19,18,29)    -156.31605       -0.00000       -0.73068    -157.04673
	       D(20,21,22,36)    -155.67229        0.00000        1.62809    -154.04419
	       D(20,21,22,37)      83.38211        0.00000        1.48442      84.86653
	       D(21,20,19,30)    -104.48432        0.00000        1.18491    -103.29941
	       D(21,20,19,31)     134.42021        0.00000        0.94392     135.36413
	       D(21,22,18,29)     162.62224        0.00001       -0.10777     162.51447
	       D(22,18,19,30)      85.75445        0.00000       -0.58169      85.17276
	       D(22,18,19,31)    -156.15770        0.00000       -0.32680    -156.48450
	       D(22,21,20,32)     132.99048       -0.00000       -2.46695     130.52353
	       D(22,21,20,33)    -107.99885       -0.00000       -2.33337    -110.33222
	       D(26,11,12,27)      -1.02985       -0.00000       -0.04838      -1.07823
	       D(29,18,19,30)     -37.70666       -0.00000       -0.10996     -37.81662
	       D(29,18,19,31)      80.38118       -0.00000        0.14493      80.52612
	       D(29,18,22,36)     -74.34741        0.00001       -0.42763     -74.77504
	       D(29,18,22,37)      45.03664        0.00001       -0.43464      44.60199
	       D(30,19,20,32)     134.97214        0.00001        1.66853     136.64067
	       D(30,19,20,33)      16.26921        0.00001        1.53964      17.80885
	       D(31,19,20,32)      13.87666        0.00000        1.42754      15.30420
	       D(31,19,20,33)    -104.82626        0.00000        1.29865    -103.52761
	       D(32,20,21,34)      15.01566       -0.00000       -3.01501      12.00065
	       D(32,20,21,35)    -104.63357       -0.00000       -3.05924    -107.69281
	       D(33,20,21,34)     134.02633       -0.00000       -2.88142     131.14491
	       D(33,20,21,35)      14.37710       -0.00000       -2.92565      11.45145
	       D(34,21,22,36)     -37.30078        0.00000        2.02223     -35.27855
	       D(34,21,22,37)    -158.24639        0.00000        1.87855    -156.36783
	       D(35,21,22,36)      81.61014        0.00000        1.96988      83.58002
	       D(35,21,22,37)     -39.33546       -0.00000        1.82620     -37.50926
	-------------------------------------------------------------------------------

	                                 ==> Convergence Check <==                                  
    
	Measures of convergence in internal coordinates in au.
    
	Criteria marked as inactive (o), active & met (*), and active & unmet ( ).

	----------------------------------------------------------------------------------------------
	   Step    Total Energy     Delta E     Max Force     RMS Force      Max Disp      RMS Disp   
	----------------------------------------------------------------------------------------------
	  Convergence Criteria     1.00e-06 *    3.00e-04 *             o    1.20e-03 *             o
	----------------------------------------------------------------------------------------------
	     4   -1407.64294237   -8.23e-05      6.81e-04      1.27e-04 o    5.34e-02      1.45e-02 o  ~
	----------------------------------------------------------------------------------------------

Next Geometry in Ang 
	Fragment 1 (Ang)

	    N  -2.1702883290   2.2241769356  -0.7804379510
	    C  -1.9881861139   0.9234281357  -0.6319172129
	    C  -3.0799372679   0.0526283130  -0.7059414595
	    C  -4.3081264625   0.6187880187  -0.9568955765
	    N  -4.4794580657   1.9209764145  -1.1131653490
	    C  -3.3971548777   2.6539446218  -1.0095326568
	    C  -5.5565847731  -0.2217462669  -1.0573541196
	    O  -6.6365303396   0.2003766825  -1.2828735332
	    O  -5.3003911753  -1.5193607355  -0.9167183172
	    C  -0.6044636948   0.4524695311  -0.3786013107
	    C  -0.2250440432  -0.8695888157  -0.5499842640
	    C   1.0718659950  -1.2860925674  -0.3066139459
	    C   2.0372882167  -0.3823686188   0.1203611603
	    C   1.6529899183   0.9529928673   0.2923004471
	    C   0.3661468630   1.3620320644   0.0418039006
	   Cl   2.8241665972   2.1217898439   0.8279335080
	    O   3.3109993620  -0.6822987316   0.3671374397
	    C   3.8171277824  -2.0082435396   0.2634877450
	    C   5.3375589872  -1.8991252512   0.3438364417
	    C   5.6686444727  -1.8231714302   1.8508057156
	    C   4.3809322803  -2.2615946416   2.5918018083
	    C   3.4547116874  -2.8241041763   1.5013139300
	    H  -2.9850435307  -1.0016550531  -0.5582758914
	    H  -3.5177107372   3.7157296985  -1.1271769572
	    H  -6.1166096180  -1.9930283381  -1.0064079005
	    H  -0.9306722804  -1.6020465855  -0.8952864840
	    H   1.3219764383  -2.3177260744  -0.4522123102
	    H   0.1041186152   2.3928122766   0.1727788338
	    H   3.4866941485  -2.4561287683  -0.6658775833
	    H   5.7775866841  -2.7838222681  -0.1072253091
	    H   5.6855259735  -1.0358054192  -0.2086475676
	    H   5.9474303877  -0.8148264963   2.1320427996
	    H   6.5064729816  -2.4667223414   2.0962324573
	    H   3.9130642123  -1.4075314029   3.0686925078
	    H   4.5770172489  -2.9951118901   3.3658264956
	    H   2.4047072814  -2.7549897716   1.7594797774
	    H   3.6792759607  -3.8697134077   1.3041597842


    Structure for next step:
    Molecular point group: c1
    Full point group: C1

    Geometry (in Angstrom), charge = 0, multiplicity = 1:

    N           -2.174346323135     2.224314859581    -0.777230198107
    C           -1.992244108014     0.923566059674    -0.628709459995
    C           -3.083995262012     0.052766236902    -0.702733706588
    C           -4.312184456605     0.618925942605    -0.953687823665
    N           -4.483516059760     1.921114338460    -1.109957596101
    C           -3.401212871764     2.654082545771    -1.006324903940
    C           -5.560642767239    -0.221608342949    -1.054146366688
    O           -6.640588333662     0.200514606417    -1.279665780336
    O           -5.304449169366    -1.519222811586    -0.913510564340
    C           -0.608521688910     0.452607455050    -0.375393557840
    C           -0.229102037273    -0.869450891704    -0.546776511136
    C            1.067808000934    -1.285954643460    -0.303406193037
    C            2.033230222642    -0.382230694818     0.123568913188
    C            1.648931924175     0.953130791253     0.295508199974
    C            0.362088868887     1.362169988334     0.045011653421
    CL           2.820108603061     2.121927767852     0.831141260838
    O            3.306941367895    -0.682160807601     0.370345192603
    C            3.813069788314    -2.008105615687     0.266695497816
    C            5.333500993072    -1.898987327287     0.347044194551
    C            5.664586478594    -1.823033506272     1.854013468426
    C            4.376874286186    -2.261456717640     2.595009561145
    C            3.450653693309    -2.823966252391     1.504521682832
    H           -2.989101524824    -1.001517129169    -0.555068138513
    H           -3.521768731279     3.715867622461    -1.123969204361
    H           -6.120667612136    -1.992890414099    -1.003200147680
    H           -0.934730274475    -1.601908661533    -0.892078731119
    H            1.317918444236    -2.317588150472    -0.449004557373
    H            0.100060621097     2.392950200594     0.175986586665
    H            3.482636154418    -2.455990844384    -0.662669830439
    H            5.773528689957    -2.783684344176    -0.104017556247
    H            5.681467979391    -1.035667495227    -0.205439814712
    H            5.943372393633    -0.814688572328     2.135250552429
    H            6.502414987454    -2.466584417495     2.099440210131
    H            3.909006218209    -1.407393478957     3.071900260681
    H            4.572959254782    -2.994973966103     3.369034248443
    H            2.400649287299    -2.754851847636     1.762687530243
    H            3.675217966652    -3.869575483755     1.307367537026


Scratch directory: /tmp/
gradient() will perform analytic gradient computation.
   => Libint2 <=

    Primary   basis highest AM E, G, H:  6, 6, 3
    Auxiliary basis highest AM E, G, H:  7, 7, 4
    Onebody   basis highest AM E, G, H:  -, -, -
    Solid Harmonics ordering:            Gaussian

*** tstart() called on gunsnroses
*** at Thu Jan 23 19:45:55 2025

   => Loading Basis Set <=

    Name: 6-31G**
    Role: ORBITAL
    Keyword: BASIS
    atoms 1, 5                   entry N          line   132 file /home/joaopedroval/miniforge3/envs/PubChem/share/psi4/basis/6-31gss.gbs 
    atoms 2-4, 6-7, 10-15, 18-22 entry C          line   115 file /home/joaopedroval/miniforge3/envs/PubChem/share/psi4/basis/6-31gss.gbs 
    atoms 8-9, 17                entry O          line   149 file /home/joaopedroval/miniforge3/envs/PubChem/share/psi4/basis/6-31gss.gbs 
    atoms 16                     entry CL         line   344 file /home/joaopedroval/miniforge3/envs/PubChem/share/psi4/basis/6-31gss.gbs 
    atoms 23-37                  entry H          line    44 file /home/joaopedroval/miniforge3/envs/PubChem/share/psi4/basis/6-31gss.gbs 


         ---------------------------------------------------------
                                   SCF
               by Justin Turney, Rob Parrish, Andy Simmonett
                          and Daniel G. A. Smith
                              RHF Reference
                        8 Threads,  22888 MiB Core
         ---------------------------------------------------------

  ==> Geometry <==

    Molecular point group: c1
    Full point group: C1

    Geometry (in Angstrom), charge = 0, multiplicity = 1:

       Center              X                  Y                   Z               Mass       
    ------------   -----------------  -----------------  -----------------  -----------------
         N           -2.174346323135     2.224314859581    -0.777230198107    14.003074004430
         C           -1.992244108014     0.923566059674    -0.628709459995    12.000000000000
         C           -3.083995262012     0.052766236902    -0.702733706588    12.000000000000
         C           -4.312184456605     0.618925942605    -0.953687823665    12.000000000000
         N           -4.483516059760     1.921114338460    -1.109957596101    14.003074004430
         C           -3.401212871764     2.654082545771    -1.006324903940    12.000000000000
         C           -5.560642767239    -0.221608342949    -1.054146366688    12.000000000000
         O           -6.640588333662     0.200514606417    -1.279665780336    15.994914619570
         O           -5.304449169366    -1.519222811586    -0.913510564340    15.994914619570
         C           -0.608521688910     0.452607455050    -0.375393557840    12.000000000000
         C           -0.229102037273    -0.869450891704    -0.546776511136    12.000000000000
         C            1.067808000934    -1.285954643460    -0.303406193037    12.000000000000
         C            2.033230222642    -0.382230694818     0.123568913188    12.000000000000
         C            1.648931924175     0.953130791253     0.295508199974    12.000000000000
         C            0.362088868887     1.362169988334     0.045011653421    12.000000000000
         CL           2.820108603061     2.121927767852     0.831141260838    34.968852682000
         O            3.306941367895    -0.682160807601     0.370345192603    15.994914619570
         C            3.813069788314    -2.008105615687     0.266695497816    12.000000000000
         C            5.333500993072    -1.898987327287     0.347044194551    12.000000000000
         C            5.664586478594    -1.823033506272     1.854013468426    12.000000000000
         C            4.376874286186    -2.261456717640     2.595009561145    12.000000000000
         C            3.450653693309    -2.823966252391     1.504521682832    12.000000000000
         H           -2.989101524824    -1.001517129169    -0.555068138513     1.007825032230
         H           -3.521768731279     3.715867622461    -1.123969204361     1.007825032230
         H           -6.120667612136    -1.992890414099    -1.003200147680     1.007825032230
         H           -0.934730274475    -1.601908661533    -0.892078731119     1.007825032230
         H            1.317918444236    -2.317588150472    -0.449004557373     1.007825032230
         H            0.100060621097     2.392950200594     0.175986586665     1.007825032230
         H            3.482636154418    -2.455990844384    -0.662669830439     1.007825032230
         H            5.773528689957    -2.783684344176    -0.104017556247     1.007825032230
         H            5.681467979391    -1.035667495227    -0.205439814712     1.007825032230
         H            5.943372393633    -0.814688572328     2.135250552429     1.007825032230
         H            6.502414987454    -2.466584417495     2.099440210131     1.007825032230
         H            3.909006218209    -1.407393478957     3.071900260681     1.007825032230
         H            4.572959254782    -2.994973966103     3.369034248443     1.007825032230
         H            2.400649287299    -2.754851847636     1.762687530243     1.007825032230
         H            3.675217966652    -3.869575483755     1.307367537026     1.007825032230

  Running in c1 symmetry.

  Rotational constants: A =      0.02075  B =      0.00339  C =      0.00300 [cm^-1]
  Rotational constants: A =    621.92285  B =    101.54875  C =     89.92064 [MHz]
  Nuclear repulsion = 1807.928218878415464

  Charge       = 0
  Multiplicity = 1
  Electrons    = 166
  Nalpha       = 83
  Nbeta        = 83

  ==> Algorithm <==

  SCF Algorithm Type is DF.
  DIIS enabled.
  MOM disabled.
  Fractional occupation disabled.
  Guess Type is READ.
  Energy threshold   = 1.00e-08
  Density threshold  = 1.00e-08
  Integral threshold = 1.00e-12

  ==> Primary Basis <==

  Basis Set: 6-31G**
    Blend: 6-31G**
    Number of shells: 179
    Number of basis functions: 409
    Number of Cartesian functions: 409
    Spherical Harmonics?: false
    Max angular momentum: 2

   => Loading Basis Set <=

    Name: (6-31G** AUX)
    Role: JKFIT
    Keyword: DF_BASIS_SCF
    atoms 1, 5                   entry N          line   171 file /home/joaopedroval/miniforge3/envs/PubChem/share/psi4/basis/cc-pvdz-jkfit.gbs 
    atoms 2-4, 6-7, 10-15, 18-22 entry C          line   121 file /home/joaopedroval/miniforge3/envs/PubChem/share/psi4/basis/cc-pvdz-jkfit.gbs 
    atoms 8-9, 17                entry O          line   221 file /home/joaopedroval/miniforge3/envs/PubChem/share/psi4/basis/cc-pvdz-jkfit.gbs 
    atoms 16                     entry CL         line   667 file /home/joaopedroval/miniforge3/envs/PubChem/share/psi4/basis/cc-pvdz-jkfit.gbs 
    atoms 23-37                  entry H          line    51 file /home/joaopedroval/miniforge3/envs/PubChem/share/psi4/basis/cc-pvdz-jkfit.gbs 

   => Loading Basis Set <=

    Name: 6-31G**
    Role: ORBITAL
    Keyword: BASIS
    atoms 1, 5                   entry N          line   132 file /home/joaopedroval/miniforge3/envs/PubChem/share/psi4/basis/6-31gss.gbs 
    atoms 2-4, 6-7, 10-15, 18-22 entry C          line   115 file /home/joaopedroval/miniforge3/envs/PubChem/share/psi4/basis/6-31gss.gbs 
    atoms 8-9, 17                entry O          line   149 file /home/joaopedroval/miniforge3/envs/PubChem/share/psi4/basis/6-31gss.gbs 
    atoms 16                     entry CL         line   344 file /home/joaopedroval/miniforge3/envs/PubChem/share/psi4/basis/6-31gss.gbs 
    atoms 23-37                  entry H          line    44 file /home/joaopedroval/miniforge3/envs/PubChem/share/psi4/basis/6-31gss.gbs 

  Reading orbitals from file /tmp/stdout.default.8009.180.npy, no projection.

  ==> Integral Setup <==

  DFHelper Memory: AOs need 1.744 GiB; user supplied 16.764 GiB. 
  Using in-core AOs.

  ==> MemDFJK: Density-Fitted J/K Matrices <==

    J tasked:                   Yes
    K tasked:                   Yes
    wK tasked:                   No
    OpenMP threads:               8
    Memory [MiB]:             17166
    Algorithm:                 Core
    Schwarz Cutoff:           1E-12
    Mask sparsity (%):      39.6184
    Fitting Condition:        1E-10

   => Auxiliary Basis Set <=

  Basis Set: (6-31G** AUX)
    Blend: CC-PVDZ-JKFIT
    Number of shells: 675
    Number of basis functions: 2206
    Number of Cartesian functions: 2206
    Spherical Harmonics?: false
    Max angular momentum: 3

  Minimum eigenvalue in the overlap matrix is 3.5449311449E-04.
  Reciprocal condition number of the overlap matrix is 4.4076162487E-05.
    Using symmetric orthogonalization.

  ==> Pre-Iterations <==

  SCF Guess: Orbitals guess was supplied from a previous computation.

   -------------------------------------------------------
    Irrep   Nso     Nmo     Nalpha   Nbeta   Ndocc  Nsocc
   -------------------------------------------------------
     A        409     409      83      83      83       0
   -------------------------------------------------------
    Total     409     409      83      83      83       0
   -------------------------------------------------------

  ==> Iterations <==

                           Total Energy        Delta E     RMS |[F,P]|

   @DF-RHF iter   0: -1407.63899544255128   -1.40764e+03   2.12365e-04 
   @DF-RHF iter   1: -1407.64255351261409   -3.55807e-03   3.31230e-05 DIIS
   @DF-RHF iter   2: -1407.64274506310403   -1.91550e-04   1.20682e-05 DIIS
   @DF-RHF iter   3: -1407.64277892964492   -3.38665e-05   3.94404e-06 DIIS
   @DF-RHF iter   4: -1407.64278134800043   -2.41836e-06   1.59522e-06 DIIS
   @DF-RHF iter   5: -1407.64278214909609   -8.01096e-07   7.76462e-07 DIIS
   @DF-RHF iter   6: -1407.64278233492269   -1.85827e-07   3.42812e-07 DIIS
   @DF-RHF iter   7: -1407.64278237636699   -4.14443e-08   1.30888e-07 DIIS
   @DF-RHF iter   8: -1407.64278238211000   -5.74300e-09   5.45010e-08 DIIS
   @DF-RHF iter   9: -1407.64278238290217   -7.92170e-10   2.01229e-08 DIIS
   @DF-RHF iter  10: -1407.64278238300790   -1.05729e-10   6.54771e-09 DIIS
  Energy and wave function converged.


  ==> Post-Iterations <==

    Orbital Energies [Eh]
    ---------------------

    Doubly Occupied:                                                      

       1A   -104.822780     2A    -20.630877     3A    -20.603807  
       4A    -20.567410     5A    -15.581722     6A    -15.580761  
       7A    -11.399226     8A    -11.330005     9A    -11.318162  
      10A    -11.318150    11A    -11.313524    12A    -11.299576  
      13A    -11.298137    14A    -11.263454    15A    -11.260080  
      16A    -11.258076    17A    -11.255759    18A    -11.249040  
      19A    -11.230100    20A    -11.226696    21A    -11.222937  
      22A    -11.221798    23A    -10.555753    24A     -8.025215  
      25A     -8.021792    26A     -8.021758    27A     -1.493708  
      28A     -1.438208    29A     -1.384814    30A     -1.336403  
      31A     -1.223541    32A     -1.193690    33A     -1.134474  
      34A     -1.128468    35A     -1.098063    36A     -1.040736  
      37A     -1.011389    38A     -0.980659    39A     -0.977969  
      40A     -0.948051    41A     -0.913974    42A     -0.874654  
      43A     -0.851624    44A     -0.817293    45A     -0.793635  
      46A     -0.788188    47A     -0.754239    48A     -0.735873  
      49A     -0.729883    50A     -0.706065    51A     -0.687630  
      52A     -0.675716    53A     -0.670652    54A     -0.664224  
      55A     -0.655284    56A     -0.648884    57A     -0.635657  
      58A     -0.628379    59A     -0.617026    60A     -0.597614  
      61A     -0.595469    62A     -0.590519    63A     -0.579283  
      64A     -0.562862    65A     -0.552815    66A     -0.532250  
      67A     -0.525259    68A     -0.506838    69A     -0.497749  
      70A     -0.489261    71A     -0.481173    72A     -0.479116  
      73A     -0.476926    74A     -0.474512    75A     -0.471834  
      76A     -0.465165    77A     -0.460224    78A     -0.447361  
      79A     -0.428573    80A     -0.421278    81A     -0.391303  
      82A     -0.349396    83A     -0.313134  

    Virtual:                                                              

      84A      0.059027    85A      0.090811    86A      0.123419  
      87A      0.169557    88A      0.203108    89A      0.214461  
      90A      0.221411    91A      0.238428    92A      0.242336  
      93A      0.243297    94A      0.265199    95A      0.290064  
      96A      0.291791    97A      0.295651    98A      0.310595  
      99A      0.318615   100A      0.322920   101A      0.323926  
     102A      0.333501   103A      0.337419   104A      0.344479  
     105A      0.352522   106A      0.363339   107A      0.381195  
     108A      0.388537   109A      0.396706   110A      0.403438  
     111A      0.414341   112A      0.419654   113A      0.430382  
     114A      0.447015   115A      0.450739   116A      0.467878  
     117A      0.484731   118A      0.494276   119A      0.505462  
     120A      0.509849   121A      0.519975   122A      0.525278  
     123A      0.540933   124A      0.568653   125A      0.583635  
     126A      0.595779   127A      0.628817   128A      0.638716  
     129A      0.642541   130A      0.656624   131A      0.667878  
     132A      0.694546   133A      0.709791   134A      0.711575  
     135A      0.724353   136A      0.735989   137A      0.738244  
     138A      0.744042   139A      0.749970   140A      0.751584  
     141A      0.755809   142A      0.771320   143A      0.778832  
     144A      0.791876   145A      0.802090   146A      0.806624  
     147A      0.813467   148A      0.825827   149A      0.829673  
     150A      0.839707   151A      0.852439   152A      0.859425  
     153A      0.877389   154A      0.884360   155A      0.891782  
     156A      0.894267   157A      0.906287   158A      0.916290  
     159A      0.917918   160A      0.923189   161A      0.933117  
     162A      0.938709   163A      0.951052   164A      0.958759  
     165A      0.965069   166A      0.970660   167A      0.981351  
     168A      0.989451   169A      1.012499   170A      1.023132  
     171A      1.023705   172A      1.033711   173A      1.039332  
     174A      1.050911   175A      1.060424   176A      1.068204  
     177A      1.071261   178A      1.076728   179A      1.083948  
     180A      1.096949   181A      1.103271   182A      1.110523  
     183A      1.115755   184A      1.125035   185A      1.129091  
     186A      1.135933   187A      1.142144   188A      1.151450  
     189A      1.154236   190A      1.157236   191A      1.162203  
     192A      1.165017   193A      1.174207   194A      1.177794  
     195A      1.189035   196A      1.195194   197A      1.199331  
     198A      1.206787   199A      1.213649   200A      1.217204  
     201A      1.223480   202A      1.242711   203A      1.262120  
     204A      1.270520   205A      1.296319   206A      1.305773  
     207A      1.310630   208A      1.332591   209A      1.351510  
     210A      1.364856   211A      1.375667   212A      1.404316  
     213A      1.422037   214A      1.434924   215A      1.445116  
     216A      1.448863   217A      1.465154   218A      1.472386  
     219A      1.501432   220A      1.504743   221A      1.508630  
     222A      1.532927   223A      1.540206   224A      1.553630  
     225A      1.566215   226A      1.590416   227A      1.615893  
     228A      1.620144   229A      1.631772   230A      1.641547  
     231A      1.654930   232A      1.657148   233A      1.670421  
     234A      1.680046   235A      1.695832   236A      1.708398  
     237A      1.731565   238A      1.736492   239A      1.773435  
     240A      1.787459   241A      1.792523   242A      1.804277  
     243A      1.818845   244A      1.823825   245A      1.829070  
     246A      1.841230   247A      1.856247   248A      1.899366  
     249A      1.923614   250A      1.926721   251A      1.940892  
     252A      1.952981   253A      1.988320   254A      2.013537  
     255A      2.025515   256A      2.031412   257A      2.041685  
     258A      2.052450   259A      2.054656   260A      2.073876  
     261A      2.079194   262A      2.088607   263A      2.093997  
     264A      2.117908   265A      2.145710   266A      2.149018  
     267A      2.163763   268A      2.168436   269A      2.180679  
     270A      2.187983   271A      2.209286   272A      2.217617  
     273A      2.227387   274A      2.239144   275A      2.250292  
     276A      2.264979   277A      2.272922   278A      2.277450  
     279A      2.290647   280A      2.298179   281A      2.311060  
     282A      2.322772   283A      2.325225   284A      2.340462  
     285A      2.348884   286A      2.369147   287A      2.377039  
     288A      2.392148   289A      2.404586   290A      2.411755  
     291A      2.416089   292A      2.440420   293A      2.471922  
     294A      2.489746   295A      2.503647   296A      2.513909  
     297A      2.524682   298A      2.547356   299A      2.558342  
     300A      2.579182   301A      2.588269   302A      2.595274  
     303A      2.597007   304A      2.609733   305A      2.614943  
     306A      2.627501   307A      2.634251   308A      2.653148  
     309A      2.660053   310A      2.662636   311A      2.681250  
     312A      2.686317   313A      2.704686   314A      2.712986  
     315A      2.725974   316A      2.735969   317A      2.737624  
     318A      2.752413   319A      2.759569   320A      2.783022  
     321A      2.804877   322A      2.819136   323A      2.833092  
     324A      2.837273   325A      2.850318   326A      2.860191  
     327A      2.864277   328A      2.881698   329A      2.886614  
     330A      2.890939   331A      2.896135   332A      2.899502  
     333A      2.915673   334A      2.922902   335A      2.940201  
     336A      2.964410   337A      2.971751   338A      2.977127  
     339A      3.000428   340A      3.014700   341A      3.036325  
     342A      3.045823   343A      3.065045   344A      3.074329  
     345A      3.085728   346A      3.091965   347A      3.096993  
     348A      3.114575   349A      3.127788   350A      3.130555  
     351A      3.134332   352A      3.145938   353A      3.174022  
     354A      3.199150   355A      3.204290   356A      3.222067  
     357A      3.248049   358A      3.261820   359A      3.274813  
     360A      3.287697   361A      3.324890   362A      3.352994  
     363A      3.377898   364A      3.413871   365A      3.440914  
     366A      3.469014   367A      3.544182   368A      3.565238  
     369A      3.572332   370A      3.597281   371A      3.622312  
     372A      3.660501   373A      3.673555   374A      3.679693  
     375A      3.693403   376A      3.741866   377A      3.765739  
     378A      3.776669   379A      3.823831   380A      3.831554  
     381A      3.857796   382A      3.863370   383A      3.876403  
     384A      3.911510   385A      3.978875   386A      4.061372  
     387A      4.184786   388A      4.373217   389A      4.467080  
     390A      4.491978   391A      4.524696   392A      4.552846  
     393A      4.555574   394A      4.576452   395A      4.660302  
     396A      4.708917   397A      4.762540   398A      4.782486  
     399A      4.808476   400A      4.823776   401A      4.844153  
     402A      4.873869   403A      4.910507   404A      5.016521  
     405A      5.082104   406A      5.157708   407A      5.194491  
     408A      5.229236   409A      5.293007  

    Final Occupation by Irrep:
              A 
    DOCC [    83 ]
    NA   [    83 ]
    NB   [    83 ]

  @DF-RHF Final Energy: -1407.64278238300790

   => Energetics <=

    Nuclear Repulsion Energy =           1807.9282188784154641
    One-Electron Energy =               -5521.5308798350106372
    Two-Electron Energy =                2305.9598785735870479
    Total Energy =                      -1407.6427823830081252

Computation Completed


Properties will be evaluated at   0.000000,   0.000000,   0.000000 [a0]

Properties computed using the SCF density matrix


 Multipole Moments:

 ------------------------------------------------------------------------------------
     Multipole            Electronic (a.u.)      Nuclear  (a.u.)        Total (a.u.)
 ------------------------------------------------------------------------------------

 L = 1.  Multiply by 2.5417464519 to convert [e a0] to [Debye]
 Dipole X            :        -24.3413188           25.3262054            0.9848866
 Dipole Y            :         19.7285804          -22.0152007           -2.2866203
 Dipole Z            :         -7.4558172            7.6039263            0.1481091
 Magnitude           :                                                    2.4941071

 ------------------------------------------------------------------------------------

*** tstop() called on gunsnroses at Thu Jan 23 19:46:15 2025
Module time:
	user time   =     124.45 seconds =       2.07 minutes
	system time =       6.60 seconds =       0.11 minutes
	total time  =         20 seconds =       0.33 minutes
Total time:
	user time   =     873.46 seconds =      14.56 minutes
	system time =      52.95 seconds =       0.88 minutes
	total time  =        154 seconds =       2.57 minutes

*** tstart() called on gunsnroses
*** at Thu Jan 23 19:46:15 2025


         ------------------------------------------------------------
                                   SCF GRAD                          
                          Rob Parrish, Justin Turney,                
                       Andy Simmonett, and Alex Sokolov              
         ------------------------------------------------------------

  ==> Geometry <==

    Molecular point group: c1
    Full point group: C1

    Geometry (in Angstrom), charge = 0, multiplicity = 1:

       Center              X                  Y                   Z               Mass       
    ------------   -----------------  -----------------  -----------------  -----------------
         N           -2.174346323135     2.224314859581    -0.777230198107    14.003074004430
         C           -1.992244108014     0.923566059674    -0.628709459995    12.000000000000
         C           -3.083995262012     0.052766236902    -0.702733706588    12.000000000000
         C           -4.312184456605     0.618925942605    -0.953687823665    12.000000000000
         N           -4.483516059760     1.921114338460    -1.109957596101    14.003074004430
         C           -3.401212871764     2.654082545771    -1.006324903940    12.000000000000
         C           -5.560642767239    -0.221608342949    -1.054146366688    12.000000000000
         O           -6.640588333662     0.200514606417    -1.279665780336    15.994914619570
         O           -5.304449169366    -1.519222811586    -0.913510564340    15.994914619570
         C           -0.608521688910     0.452607455050    -0.375393557840    12.000000000000
         C           -0.229102037273    -0.869450891704    -0.546776511136    12.000000000000
         C            1.067808000934    -1.285954643460    -0.303406193037    12.000000000000
         C            2.033230222642    -0.382230694818     0.123568913188    12.000000000000
         C            1.648931924175     0.953130791253     0.295508199974    12.000000000000
         C            0.362088868887     1.362169988334     0.045011653421    12.000000000000
         CL           2.820108603061     2.121927767852     0.831141260838    34.968852682000
         O            3.306941367895    -0.682160807601     0.370345192603    15.994914619570
         C            3.813069788314    -2.008105615687     0.266695497816    12.000000000000
         C            5.333500993072    -1.898987327287     0.347044194551    12.000000000000
         C            5.664586478594    -1.823033506272     1.854013468426    12.000000000000
         C            4.376874286186    -2.261456717640     2.595009561145    12.000000000000
         C            3.450653693309    -2.823966252391     1.504521682832    12.000000000000
         H           -2.989101524824    -1.001517129169    -0.555068138513     1.007825032230
         H           -3.521768731279     3.715867622461    -1.123969204361     1.007825032230
         H           -6.120667612136    -1.992890414099    -1.003200147680     1.007825032230
         H           -0.934730274475    -1.601908661533    -0.892078731119     1.007825032230
         H            1.317918444236    -2.317588150472    -0.449004557373     1.007825032230
         H            0.100060621097     2.392950200594     0.175986586665     1.007825032230
         H            3.482636154418    -2.455990844384    -0.662669830439     1.007825032230
         H            5.773528689957    -2.783684344176    -0.104017556247     1.007825032230
         H            5.681467979391    -1.035667495227    -0.205439814712     1.007825032230
         H            5.943372393633    -0.814688572328     2.135250552429     1.007825032230
         H            6.502414987454    -2.466584417495     2.099440210131     1.007825032230
         H            3.909006218209    -1.407393478957     3.071900260681     1.007825032230
         H            4.572959254782    -2.994973966103     3.369034248443     1.007825032230
         H            2.400649287299    -2.754851847636     1.762687530243     1.007825032230
         H            3.675217966652    -3.869575483755     1.307367537026     1.007825032230

  Nuclear repulsion = 1807.928218878415464

  ==> Basis Set <==

  Basis Set: 6-31G**
    Blend: 6-31G**
    Number of shells: 179
    Number of basis functions: 409
    Number of Cartesian functions: 409
    Spherical Harmonics?: false
    Max angular momentum: 2

  ==> DFJKGrad: Density-Fitted SCF Gradients <==

    Gradient:                    1
    J tasked:                  Yes
    K tasked:                  Yes
    wK tasked:                  No
    OpenMP threads:              8
    Integrals threads:           8
    Memory [MiB]:            17166
    Schwarz Cutoff:          1E-12
    Fitting Condition:       1E-10

   => Auxiliary Basis Set <=

  Basis Set: (6-31G** AUX)
    Blend: CC-PVDZ-JKFIT
    Number of shells: 675
    Number of basis functions: 2206
    Number of Cartesian functions: 2206
    Spherical Harmonics?: false
    Max angular momentum: 3


  -Total Gradient:
     Atom            X                  Y                   Z
    ------   -----------------  -----------------  -----------------
       1        0.000282121905    -0.000256748032    -0.000133988991
       2        0.000026207805     0.000420878941     0.000475785946
       3       -0.000287921033    -0.000035710072    -0.000066360374
       4        0.000573853500    -0.000647711510    -0.002607997002
       5        0.000191815186     0.000365020033    -0.000102943278
       6       -0.000568616475    -0.000063477182     0.000324127693
       7       -0.001142202127     0.000740907197     0.007264733340
       8        0.000524387102    -0.000318432525    -0.002712472317
       9        0.000290840176    -0.000152334915    -0.002217349560
      10        0.000033747992    -0.000061331581    -0.000164480037
      11        0.000167970424     0.000061418789     0.000051592453
      12       -0.000220390497    -0.000166047370    -0.000001456322
      13        0.000748713975    -0.000171189487     0.000097033907
      14       -0.000207170132     0.000130877930     0.000163525149
      15        0.000092309273     0.000015883025    -0.000077296159
      16       -0.000015134519     0.000017157401    -0.000007632537
      17       -0.001323996439     0.001084941060     0.000629955914
      18       -0.000692145128     0.001842193089    -0.000577451527
      19        0.000686711025    -0.002474625944     0.000815571314
      20        0.000372845157    -0.000115730344    -0.000689190244
      21        0.000007587333     0.001349223804    -0.000161314879
      22        0.000901420274    -0.001441940644    -0.001160938405
      23        0.000019844821    -0.000007945150     0.000014441208
      24        0.000047110234    -0.000012906645    -0.000074867552
      25        0.000033869918     0.000028932945    -0.000010290345
      26       -0.000040277904    -0.000015073962     0.000013596474
      27       -0.000086503226    -0.000055559454     0.000165232441
      28       -0.000015622541    -0.000005838945     0.000007323834
      29        0.000443409041    -0.001238128880     0.000845905046
      30        0.000721459956     0.000055122116    -0.000268923059
      31       -0.000840196309     0.000443037691     0.000677695515
      32       -0.000210950976     0.000307873178    -0.000287640522
      33       -0.000077200577    -0.000234207746     0.000209195151
      34        0.000004121332     0.000388371500     0.000447142207
      35       -0.000163647639    -0.000344205153    -0.000368009827
      36       -0.000023725697     0.000697763332    -0.000546991798
      37       -0.000254645217    -0.000130456491     0.000034737132


*** tstop() called on gunsnroses at Thu Jan 23 19:46:26 2025
Module time:
	user time   =      48.33 seconds =       0.81 minutes
	system time =       4.09 seconds =       0.07 minutes
	total time  =         11 seconds =       0.18 minutes
Total time:
	user time   =     921.80 seconds =      15.36 minutes
	system time =      57.04 seconds =       0.95 minutes
	total time  =        165 seconds =       2.75 minutes

    			-----------------------------------------

    			 OPTKING 3.0: for geometry optimizations 

    			     By R.A. King, Bethel University     

    			        with contributions from          

    			    A.V. Copan, J. Cayton, A. Heide      

    			-----------------------------------------

    
	                            ===> Fragment 1 <== 

	 Z (Atomic Numbers)          Masses                          Geom                  
	       7.000000            14.003074         -4.10891905  4.20334590 -1.46875221   
	       6.000000            12.000000         -3.76479574  1.74528691 -1.18808869   
	       6.000000            12.000000         -5.82790642  0.09971374 -1.32797424   
	       6.000000            12.000000         -8.14884763  1.16960052 -1.80220880   
	       7.000000            14.003074         -8.47261743  3.63037996 -2.09751587   
	       6.000000            12.000000         -6.42736082  5.01548913 -1.90167846   
	       6.000000            12.000000        -10.50809191  -0.41877908  -1.99204793 
	       8.000000            15.994915        -12.54889326   0.37891769  -2.41821786 
	       8.000000            15.994915        -10.02395618  -2.87091504  -1.72628478 
	       6.000000            12.000000         -1.14993933  0.85530413 -0.70939101   
	       6.000000            12.000000         -0.43294011 -1.64302406 -1.03325786   
	       6.000000            12.000000          2.01786468 -2.43010209 -0.57335461   
	       6.000000            12.000000          3.84224827 -0.72231133  0.23351140   
	       6.000000            12.000000          3.11602974  1.80115616  0.55842957   
	       6.000000            12.000000          0.68424880  2.57412821  0.08505970   
	      17.000000            34.968853          5.32923290  4.00986234  1.57062935   
	       8.000000            15.994915          6.24921350 -1.28909710  0.69985099   
	       6.000000            12.000000          7.20565760 -3.79476964  0.50398145   
	       6.000000            12.000000         10.07885617 -3.58856596  0.65581848   
	       6.000000            12.000000         10.70451706 -3.44503404  3.50357769   
	       6.000000            12.000000          8.27109369 -4.27353384  4.90385736   
	       6.000000            12.000000          6.52079043 -5.33652280  2.84313393   
	       1.000000             1.007825         -5.64858324 -1.89259308 -1.04892676   
	       1.000000             1.007825         -6.65517838  7.02197212 -2.12399397   
	       1.000000             1.007825        -11.56638549  -3.76601708  -1.89577353 
	       1.000000             1.007825         -1.76638422 -3.02716865 -1.68578448   
	       1.000000             1.007825          2.49050492 -4.37960688 -0.84849564   
	       1.000000             1.007825          0.18908717  4.52202051  0.33256645   
	       1.000000             1.007825          6.58122853 -4.64115006 -1.25226449   
	       1.000000             1.007825         10.91038800 -5.26040103 -0.19656469   
	       1.000000             1.007825         10.73641847 -1.95712792 -0.38822499   
	       1.000000             1.007825         11.23134609 -1.53953828  4.03503875   
	       1.000000             1.007825         12.28778348 -4.66116901  3.96736701   
	       1.000000             1.007825          7.38695118 -2.65958823  5.80505018   
	       1.000000             1.007825          8.64164057 -5.65968055  6.36655204   
	       1.000000             1.007825          4.53656968 -5.20591551  3.33099668   
	       1.000000             1.007825          6.94515541 -7.31243789  2.47056659   

	 - Coordinate -           - BOHR/RAD -       - ANG/DEG -
	 H(5,24)          =         3.847945           2.036245
	 H(8,25)          =         4.291708           2.271074
	 R(1,2)           =         2.497848           1.321804
	 R(1,6)           =         2.494429           1.319995
	 R(2,3)           =         2.642708           1.398461
	 R(2,10)          =         2.803336           1.483462
	 R(3,4)           =         2.599293           1.375487
	 R(3,23)          =         2.019730           1.068795
	 R(4,5)           =         2.499494           1.322675
	 R(4,7)           =         2.850442           1.508389
	 R(5,6)           =         2.477893           1.311245
	 R(6,24)          =         2.031576           1.075063
	 R(7,8)           =         2.232221           1.181241
	 R(7,9)           =         2.513561           1.330119
	 R(9,25)          =         1.791374           0.947955
	 R(10,11)         =         2.619279           1.386063
	 R(10,15)         =         2.636239           1.395037
	 R(11,12)         =         2.614851           1.383720
	 R(11,26)         =         2.029709           1.074076
	 R(12,13)         =         2.626016           1.389628
	 R(12,27)         =         2.024762           1.071458
	 R(13,14)         =         2.645913           1.400157
	 R(13,17)         =         2.516386           1.331614
	 R(14,15)         =         2.595212           1.373327
	 R(14,16)         =         3.286518           1.739150
	 R(15,28)         =         2.025026           1.071597
	 R(17,18)         =         2.689153           1.423039
	 R(18,19)         =         2.884587           1.526458
	 R(18,22)         =         2.884039           1.526168
	 R(18,29)         =         2.047113           1.083286
	 R(19,20)         =         2.919210           1.544779
	 R(19,30)         =         2.052568           1.086172
	 R(19,31)         =         2.045484           1.082424
	 R(20,21)         =         2.927242           1.549030
	 R(20,32)         =         2.047172           1.083317
	 R(20,33)         =         2.049590           1.084596
	 R(21,22)         =         2.905183           1.537357
	 R(21,34)         =         2.049067           1.084320
	 R(21,35)         =         2.048947           1.084256
	 R(22,36)         =         2.047486           1.083483
	 R(22,37)         =         2.055026           1.087473
	 B(1,2,3)         =         2.093547         119.951391
	 B(1,2,10)        =         2.048913         117.394055
	 B(1,6,5)         =         2.212908         126.790312
	 B(1,6,24)        =         2.031726         116.409308
	 B(2,1,6)         =         2.057761         117.901040
	 B(2,3,4)         =         2.038050         116.771640
	 B(2,3,23)        =         2.138388         122.520633
	 B(2,10,11)       =         2.137713         122.481909
	 B(2,10,15)       =         2.086847         119.567512
	 B(3,2,10)        =         2.140694         122.652713
	 B(3,4,5)         =         2.144147         122.850562
	 B(3,4,7)         =         2.119791         121.455086
	 B(4,3,23)        =         2.106566         120.697344
	 B(4,5,6)         =         2.019806         115.726343
	 B(4,7,8)         =         2.177647         124.769968
	 B(4,7,9)         =         1.957526         112.158006
	 B(5,4,7)         =         2.019200         115.691648
	 B(5,6,24)        =         2.038541         116.799812
	 B(7,9,25)        =         1.887690         108.156653
	 B(8,7,9)         =         2.147068         123.017931
	 B(10,11,12)      =         2.119899         121.461268
	 B(10,11,26)      =         2.106407         120.688259
	 B(10,15,14)      =         2.109144         120.845042
	 B(10,15,28)      =         2.087330         119.595212
	 B(11,10,15)      =         2.058611         117.949731
	 B(11,12,13)      =         2.105327         120.626368
	 B(11,12,27)      =         2.076817         118.992853
	 B(12,11,26)      =         2.056719         117.841326
	 B(12,13,14)      =         2.057018         117.858442
	 B(12,13,17)      =         2.183384         125.098677
	 B(13,12,27)      =         2.101041         120.380778
	 B(13,14,15)      =         2.116298         121.254937
	 B(13,14,16)      =         2.087410         119.599790
	 B(13,17,18)      =         2.137168         122.450688
	 B(14,13,17)      =         2.042709         117.038586
	 B(14,15,28)      =         2.086710         119.559650
	 B(15,14,16)      =         2.079472         119.144952
	 B(17,18,19)      =         1.858574         106.488445
	 B(17,18,22)      =         1.933252         110.767185
	 B(17,18,29)      =         1.916905         109.830571
	 B(18,19,20)      =         1.842469         105.565689
	 B(18,19,30)      =         1.900153         108.870752
	 B(18,19,31)      =         1.928740         110.508661
	 B(18,22,21)      =         1.809706         103.688514
	 B(18,22,36)      =         1.970653         112.910113
	 B(18,22,37)      =         1.894333         108.537258
	 B(19,18,22)      =         1.804983         103.417934
	 B(19,18,29)      =         1.959013         112.243183
	 B(19,20,21)      =         1.848936         105.936257
	 B(19,20,32)      =         1.932827         110.742838
	 B(19,20,33)      =         1.935993         110.924252
	 B(20,19,30)      =         1.937278         110.997854
	 B(20,19,31)      =         1.971218         112.942445
	 B(20,21,22)      =         1.839088         105.371984
	 B(20,21,34)      =         1.924263         110.252152
	 B(20,21,35)      =         1.963434         112.496504
	 B(21,20,32)      =         1.931774         110.682470
	 B(21,20,33)      =         1.945483         111.467961
	 B(21,22,36)      =         1.973064         113.048238
	 B(21,22,37)      =         1.934774         110.854395
	 B(22,18,29)      =         1.984899         113.726346
	 B(22,21,34)      =         1.917929         109.889225
	 B(22,21,35)      =         1.947432         111.579653
	 B(30,19,31)      =         1.883298         107.905035
	 B(32,20,33)      =         1.869993         107.142730
	 B(34,21,35)      =         1.872265         107.272903
	 B(36,22,37)      =         1.880369         107.737216
	 D(1,2,3,4)       =         0.017745           1.016740
	 D(1,2,3,23)      =        -3.103501        -177.817535
	 D(1,2,10,11)     =        -2.840870        -162.769848
	 D(1,2,10,15)     =         0.294751          16.888003
	 D(1,6,5,4)       =         0.011807           0.676474
	 D(2,1,6,5)       =        -0.004208          -0.241079
	 D(2,1,6,24)      =        -3.140833        -179.956470
	 D(2,3,4,5)       =        -0.010105          -0.578954
	 D(2,3,4,7)       =        -3.140804        -179.954819
	 D(2,10,11,12)    =         3.142333         180.042424
	 D(2,10,11,26)    =         0.020358           1.166450
	 D(2,10,15,14)    =         3.134115         179.571555
	 D(2,10,15,28)    =        -0.005500          -0.315109
	 D(3,2,1,6)       =        -0.011223          -0.643015
	 D(3,2,10,11)     =         0.309354          17.724655
	 D(3,2,10,15)     =        -2.838211        -162.617494
	 D(3,4,5,6)       =        -0.003835          -0.219718
	 D(3,4,7,8)       =         3.154882         180.761431
	 D(3,4,7,9)       =        -0.032327          -1.852220
	 D(4,3,2,10)      =        -3.132691        -179.489986
	 D(4,5,6,24)      =        -3.134770        -179.609108
	 D(4,7,9,25)      =         3.161133         181.119574
	 D(5,4,3,23)      =         3.111537         178.277934
	 D(5,4,7,8)       =         0.023445           1.343279
	 D(5,4,7,9)       =        -3.163765        -181.270372
	 D(6,1,2,10)      =         3.138757         179.837510
	 D(6,5,4,7)       =         3.127446         179.189457
	 D(7,4,3,23)      =        -0.019163          -1.097931
	 D(8,7,9,25)      =        -0.025148          -1.440889
	 D(10,2,3,23)     =         0.029247           1.675740
	 D(10,11,12,13)   =         0.000387           0.022155
	 D(10,11,12,27)   =        -3.141332        -179.985085
	 D(10,15,14,13)   =         0.012904           0.739317
	 D(10,15,14,16)   =        -3.132301        -179.467629
	 D(11,10,15,14)   =        -0.013180          -0.755179
	 D(11,10,15,28)   =         3.130390         179.358158
	 D(11,12,13,14)   =        -0.001065          -0.061011
	 D(11,12,13,17)   =        -3.129070        -179.282517
	 D(12,11,10,15)   =         0.006620           0.379311
	 D(12,13,14,15)   =        -0.005542          -0.317545
	 D(12,13,14,16)   =         3.139679         179.890328
	 D(12,13,17,18)   =        -0.043024          -2.465084
	 D(13,12,11,26)   =         3.122900         178.929006
	 D(13,14,15,28)   =        -3.130667        -179.373979
	 D(13,17,18,19)   =         2.948425         168.932332
	 D(13,17,18,22)   =        -1.383809         -79.286426
	 D(13,17,18,29)   =         0.823267          47.169698
	 D(14,13,12,27)   =         3.140656         179.946331
	 D(14,13,17,18)   =         3.112055         178.307645
	 D(15,10,11,26)   =        -3.115354        -178.496663
	 D(15,14,13,17)   =         3.123570         178.967364
	 D(16,14,13,17)   =        -0.014395          -0.824763
	 D(16,14,15,28)   =         0.007314           0.419074
	 D(17,13,12,27)   =         0.012651           0.724824
	 D(17,18,19,20)   =         1.444010          82.735652
	 D(17,18,19,30)   =        -2.758218        -158.034235
	 D(17,18,19,31)   =        -0.692747         -39.691501
	 D(17,18,22,21)   =        -1.277991         -73.223509
	 D(17,18,22,36)   =         0.863711          49.486983
	 D(17,18,22,37)   =         2.947233         168.864017
	 D(18,19,20,21)   =         0.253265          14.510990
	 D(18,19,20,32)   =        -1.842176        -105.548932
	 D(18,19,20,33)   =         2.367002         135.619252
	 D(18,22,21,20)   =        -0.548471         -31.425057
	 D(18,22,21,34)   =         1.524381          87.340580
	 D(18,22,21,35)   =        -2.684331        -153.800845
	 D(19,18,22,21)   =         0.707081          40.512776
	 D(19,18,22,36)   =         2.848783         163.223268
	 D(19,18,22,37)   =        -1.350880         -77.399698
	 D(19,20,21,22)   =         0.181937          10.424194
	 D(19,20,21,34)   =        -1.886678        -108.098680
	 D(19,20,21,35)   =         2.307462         132.207860
	 D(20,19,18,22)   =        -0.594413         -34.057350
	 D(20,19,18,29)   =        -2.740983        -157.046731
	 D(20,21,22,36)   =        -2.688578        -154.044191
	 D(20,21,22,37)   =         1.481200          84.866530
	 D(21,20,19,30)   =        -1.802915        -103.299412
	 D(21,20,19,31)   =         2.362550         135.364126
	 D(21,22,18,29)   =         2.836413         162.514468
	 D(22,18,19,30)   =         1.486545          85.172763
	 D(22,18,19,31)   =        -2.731170        -156.484503
	 D(22,21,20,32)   =         2.278065         130.523525
	 D(22,21,20,33)   =        -1.925660        -110.332216
	 D(26,11,12,27)   =        -0.018819          -1.078235
	 D(29,18,19,30)   =        -0.660025         -37.816619
	 D(29,18,19,31)   =         1.405446          80.526116
	 D(29,18,22,36)   =        -1.305071         -74.775040
	 D(29,18,22,37)   =         0.778452          44.601994
	 D(30,19,20,32)   =         2.384830         136.640666
	 D(30,19,20,33)   =         0.310823          17.808850
	 D(31,19,20,32)   =         0.267109          15.304204
	 D(31,19,20,33)   =        -1.806898        -103.527612
	 D(32,20,21,34)   =         0.209451          12.000652
	 D(32,20,21,35)   =        -1.879594        -107.692809
	 D(33,20,21,34)   =         2.288910         131.144911
	 D(33,20,21,35)   =         0.199866          11.451450
	 D(34,21,22,36)   =        -0.615727         -35.278554
	 D(34,21,22,37)   =        -2.729134        -156.367833
	 D(35,21,22,36)   =         1.458747          83.580021
	 D(35,21,22,37)   =        -0.654660         -37.509258


	        --- Internal Coordinate Step in ANG or DEG, aJ/ANG or AJ/DEG ---
	-------------------------------------------------------------------------------
	           Coordinate      Previous         Force          Change          New 
	           ----------      --------        ------          ------        ------
	              H(5,24)       2.03624        0.00054        0.00027       2.03651
	              H(8,25)       2.27107        0.00021        0.00037       2.27145
	               R(1,2)       1.32180        0.00157        0.00059       1.32240
	               R(1,6)       1.31999       -0.00213       -0.00068       1.31931
	               R(2,3)       1.39846       -0.00123       -0.00066       1.39780
	              R(2,10)       1.48346       -0.00001       -0.00006       1.48340
	               R(3,4)       1.37549        0.00172        0.00063       1.37611
	              R(3,23)       1.06880       -0.00010        0.00002       1.06882
	               R(4,5)       1.32268       -0.00186       -0.00066       1.32202
	               R(4,7)       1.50839        0.00065        0.00016       1.50855
	               R(5,6)       1.31124        0.00173        0.00070       1.31194
	              R(6,24)       1.07506       -0.00036        0.00001       1.07507
	               R(7,8)       1.18124        0.00050       -0.00000       1.18124
	               R(7,9)       1.33012        0.00023       -0.00005       1.33007
	              R(9,25)       0.94795        0.00029        0.00003       0.94798
	             R(10,11)       1.38606        0.00019        0.00000       1.38607
	             R(10,15)       1.39504        0.00033       -0.00002       1.39502
	             R(11,12)       1.38372        0.00094        0.00012       1.38384
	             R(11,26)       1.07408       -0.00027        0.00000       1.07408
	             R(12,13)       1.38963       -0.00160       -0.00020       1.38943
	             R(12,27)       1.07146       -0.00009       -0.00000       1.07145
	             R(13,14)       1.40016       -0.00178       -0.00020       1.39995
	             R(13,17)       1.33161        0.00450        0.00050       1.33212
	             R(14,15)       1.37333        0.00067        0.00010       1.37343
	             R(14,16)       1.73915        0.00001       -0.00003       1.73912
	             R(15,28)       1.07160        0.00001        0.00002       1.07161
	             R(17,18)       1.42304       -0.01006       -0.00071       1.42233
	             R(18,19)       1.52646       -0.00351       -0.00062       1.52584
	             R(18,22)       1.52617        0.01098        0.00150       1.52767
	             R(18,29)       1.08329        0.00288        0.00024       1.08353
	             R(19,20)       1.54478        0.00726        0.00151       1.54629
	             R(19,30)       1.08617       -0.00296       -0.00023       1.08594
	             R(19,31)       1.08242        0.00216        0.00010       1.08252
	             R(20,21)       1.54903        0.00129       -0.00045       1.54858
	             R(20,32)       1.08332       -0.00130       -0.00015       1.08317
	             R(20,33)       1.08460       -0.00104       -0.00001       1.08459
	             R(21,22)       1.53736       -0.00243       -0.00096       1.53640
	             R(21,34)       1.08432       -0.00413       -0.00038       1.08394
	             R(21,35)       1.08426        0.00049        0.00000       1.08426
	             R(22,36)       1.08348        0.00052        0.00011       1.08359
	             R(22,37)       1.08747       -0.00055        0.00015       1.08762
	             B(1,2,3)     119.95139       -0.00000        0.00700     119.95839
	            B(1,2,10)     117.39405       -0.00001       -0.02759     117.36646
	             B(1,6,5)     126.79031       -0.00000       -0.00617     126.78414
	            B(1,6,24)     116.40931        0.00001        0.03945     116.44876
	             B(2,1,6)     117.90104        0.00000       -0.00075     117.90029
	             B(2,3,4)     116.77164       -0.00000       -0.00547     116.76617
	            B(2,3,23)     122.52063        0.00000       -0.00202     122.51862
	           B(2,10,11)     122.48191        0.00001       -0.01932     122.46259
	           B(2,10,15)     119.56751       -0.00000        0.00758     119.57509
	            B(3,2,10)     122.65271        0.00001        0.01936     122.67207
	             B(3,4,5)     122.85056       -0.00000        0.00136     122.85192
	             B(3,4,7)     121.45509       -0.00000       -0.01356     121.44153
	            B(4,3,23)     120.69734       -0.00000        0.00747     120.70481
	             B(4,5,6)     115.72634        0.00000        0.00337     115.72971
	             B(4,7,8)     124.76997        0.00000        0.01385     124.78382
	             B(4,7,9)     112.15801        0.00001        0.01529     112.17329
	             B(5,4,7)     115.69165        0.00000        0.01390     115.70555
	            B(5,6,24)     116.79981       -0.00001       -0.03290     116.76691
	            B(7,9,25)     108.15665       -0.00000        0.00757     108.16423
	             B(8,7,9)     123.01793        0.00000        0.02461     123.04254
	          B(10,11,12)     121.46127       -0.00001       -0.01946     121.44181
	          B(10,11,26)     120.68826        0.00000       -0.00620     120.68206
	          B(10,15,14)     120.84504        0.00000       -0.00314     120.84190
	          B(10,15,28)     119.59521        0.00000        0.00913     119.60434
	          B(11,10,15)     117.94973       -0.00000        0.01141     117.96114
	          B(11,12,13)     120.62637        0.00000        0.00464     120.63101
	          B(11,12,27)     118.99285        0.00000        0.00297     118.99583
	          B(12,11,26)     117.84133        0.00000        0.02482     117.86615
	          B(12,13,14)     117.85844        0.00000        0.01635     117.87479
	          B(12,13,17)     125.09868       -0.00000       -0.01197     125.08671
	          B(13,12,27)     120.38078       -0.00001       -0.00765     120.37313
	          B(13,14,15)     121.25494       -0.00000       -0.00970     121.24524
	          B(13,14,16)     119.59979       -0.00000        0.00368     119.60347
	          B(13,17,18)     122.45069        0.00001       -0.01155     122.43914
	          B(14,13,17)     117.03859       -0.00000       -0.00556     117.03303
	          B(14,15,28)     119.55965       -0.00000       -0.00593     119.55372
	          B(15,14,16)     119.14495        0.00000        0.00616     119.15111
	          B(17,18,19)     106.48844       -0.00005       -0.11955     106.36890
	          B(17,18,22)     110.76719        0.00004        0.10614     110.87333
	          B(17,18,29)     109.83057       -0.00005       -0.38473     109.44584
	          B(18,19,20)     105.56569       -0.00000        0.04150     105.60719
	          B(18,19,30)     108.87075       -0.00003       -0.37844     108.49231
	          B(18,19,31)     110.50866        0.00003        0.37535     110.88401
	          B(18,22,21)     103.68851        0.00002        0.00289     103.69140
	          B(18,22,36)     112.91011        0.00005        0.35004     113.26016
	          B(18,22,37)     108.53726       -0.00003       -0.19938     108.33788
	          B(19,18,22)     103.41793        0.00001        0.05954     103.47747
	          B(19,18,29)     112.24318        0.00001       -0.01590     112.22728
	          B(19,20,21)     105.93626        0.00001        0.00778     105.94403
	          B(19,20,32)     110.74284        0.00000        0.31336     111.05620
	          B(19,20,33)     110.92425       -0.00001       -0.24659     110.67766
	          B(20,19,30)     110.99785       -0.00001       -0.29060     110.70725
	          B(20,19,31)     112.94244        0.00003        0.36669     113.30914
	          B(20,21,22)     105.37198        0.00000        0.01710     105.38908
	          B(20,21,34)     110.25215       -0.00000       -0.09412     110.15803
	          B(20,21,35)     112.49650       -0.00000        0.04204     112.53854
	          B(21,20,32)     110.68247        0.00001        0.12404     110.80651
	          B(21,20,33)     111.46796       -0.00001       -0.05763     111.41034
	          B(21,22,36)     113.04824       -0.00002        0.06974     113.11797
	          B(21,22,37)     110.85440       -0.00001       -0.15583     110.69856
	          B(22,18,29)     113.72635        0.00004        0.35507     114.08142
	          B(22,21,34)     109.88923       -0.00001       -0.28137     109.60785
	          B(22,21,35)     111.57965        0.00002        0.33027     111.90992
	          B(30,19,31)     107.90504       -0.00001       -0.13689     107.76815
	          B(32,20,33)     107.14273       -0.00001       -0.13358     107.00915
	          B(34,21,35)     107.27290       -0.00000       -0.02694     107.24596
	          B(36,22,37)     107.73722       -0.00000       -0.08067     107.65654
	           D(1,2,3,4)       1.01674        0.00000        0.03469       1.05143
	          D(1,2,3,23)    -177.81753       -0.00000        0.03585    -177.78168
	         D(1,2,10,11)    -162.76985       -0.00000        0.34824    -162.42161
	         D(1,2,10,15)      16.88800       -0.00000        0.28712      17.17512
	           D(1,6,5,4)       0.67647       -0.00001        0.00858       0.68506
	           D(2,1,6,5)      -0.24108        0.00001        0.09258      -0.14850
	          D(2,1,6,24)    -179.95647       -0.00000       -0.02563    -179.98210
	           D(2,3,4,5)      -0.57895        0.00000        0.07046      -0.50850
	           D(2,3,4,7)    -179.95482       -0.00002       -0.17440    -180.12922
	        D(2,10,11,12)     180.04242       -0.00000       -0.03056     180.01186
	        D(2,10,11,26)       1.16645        0.00000        0.01954       1.18599
	        D(2,10,15,14)     179.57155        0.00000        0.04915     179.62070
	        D(2,10,15,28)      -0.31511        0.00000        0.00835      -0.30676
	           D(3,2,1,6)      -0.64301       -0.00001       -0.10966      -0.75267
	         D(3,2,10,11)      17.72466        0.00001        0.49285      18.21751
	         D(3,2,10,15)    -162.61749        0.00000        0.43174    -162.18576
	           D(3,4,5,6)      -0.21972        0.00000       -0.09131      -0.31103
	           D(3,4,7,8)     180.76143       -0.00012       -1.07764     179.68379
	           D(3,4,7,9)      -1.85222        0.00014        1.32711      -0.52511
	          D(4,3,2,10)    -179.48999       -0.00001       -0.11371    -179.60369
	          D(4,5,6,24)    -179.60911        0.00001        0.12730    -179.48181
	          D(4,7,9,25)     181.11957       -0.00013       -1.18936     179.93022
	          D(5,4,3,23)     178.27793        0.00000        0.06920     178.34713
	           D(5,4,7,8)       1.34328       -0.00014       -1.30588       0.03740
	           D(5,4,7,9)    -181.27037        0.00013        1.09887    -180.17150
	          D(6,1,2,10)     179.83751        0.00000        0.03078     179.86829
	           D(6,5,4,7)     179.18946        0.00002        0.14039     179.32985
	          D(7,4,3,23)      -1.09793       -0.00001       -0.17566      -1.27359
	          D(8,7,9,25)      -1.44089        0.00013        1.16643      -0.27446
	         D(10,2,3,23)       1.67574       -0.00001       -0.11254       1.56320
	       D(10,11,12,13)       0.02216        0.00000        0.00985       0.03201
	       D(10,11,12,27)    -179.98509        0.00001        0.08474    -179.90035
	       D(10,15,14,13)       0.73932       -0.00000       -0.05068       0.68863
	       D(10,15,14,16)    -179.46763       -0.00000       -0.00192    -179.46955
	       D(11,10,15,14)      -0.75518        0.00000       -0.00934      -0.76452
	       D(11,10,15,28)     179.35816       -0.00000       -0.05014     179.30802
	       D(11,12,13,14)      -0.06101       -0.00001       -0.06769      -0.12870
	       D(11,12,13,17)    -179.28252        0.00000        0.03193    -179.25058
	       D(12,11,10,15)       0.37931        0.00000        0.02963       0.40894
	       D(12,13,14,15)      -0.31755        0.00001        0.08830      -0.22924
	       D(12,13,14,16)     179.89033        0.00000        0.03931     179.92964
	       D(12,13,17,18)      -2.46508       -0.00003       -0.26167      -2.72676
	       D(13,12,11,26)     178.92901       -0.00000       -0.03921     178.88980
	       D(13,14,15,28)    -179.37398       -0.00000       -0.00989    -179.38387
	       D(13,17,18,19)     168.93233       -0.00005       -0.78330     168.14903
	       D(13,17,18,22)     -79.28643       -0.00005       -0.72695     -80.01338
	       D(13,17,18,29)      47.16970       -0.00000       -0.47470      46.69499
	       D(14,13,12,27)     179.94633       -0.00001       -0.14361     179.80272
	       D(14,13,17,18)     178.30764       -0.00002       -0.16296     178.14468
	       D(15,10,11,26)    -178.49666        0.00000        0.07973    -178.41693
	       D(15,14,13,17)     178.96736       -0.00000       -0.00329     178.96408
	       D(16,14,13,17)      -0.82476       -0.00001       -0.05227      -0.87704
	       D(16,14,15,28)       0.41907        0.00000        0.03888       0.45795
	       D(17,13,12,27)       0.72482       -0.00000       -0.04399       0.68084
	       D(17,18,19,20)      82.73565        0.00007        0.51261      83.24827
	       D(17,18,19,30)    -158.03424        0.00004        0.00334    -158.03090
	       D(17,18,19,31)     -39.69150        0.00002       -0.17439     -39.86589
	       D(17,18,22,21)     -73.22351        0.00000       -0.06131     -73.28482
	       D(17,18,22,36)      49.48698        0.00002        0.22390      49.71089
	       D(17,18,22,37)     168.86402        0.00002        0.20580     169.06982
	       D(18,19,20,21)      14.51099       -0.00000       -0.50311      14.00788
	       D(18,19,20,32)    -105.54893       -0.00002       -0.83058    -106.37952
	       D(18,19,20,33)     135.61925       -0.00001       -0.70642     134.91283
	       D(18,22,21,20)     -31.42506        0.00004       -0.18220     -31.60725
	       D(18,22,21,34)      87.34058        0.00003       -0.42691      86.91367
	       D(18,22,21,35)    -153.80084        0.00003       -0.43635    -154.23719
	       D(19,18,22,21)      40.51278       -0.00003       -0.12265      40.39013
	       D(19,18,22,36)     163.22327       -0.00002        0.16256     163.38583
	       D(19,18,22,37)     -77.39970       -0.00001        0.14446     -77.25524
	       D(19,20,21,22)      10.42419       -0.00001        0.44233      10.86652
	       D(19,20,21,34)    -108.09868        0.00000        0.81325    -107.28543
	       D(19,20,21,35)     132.20786        0.00001        0.88431     133.09217
	       D(20,19,18,22)     -34.05735        0.00004        0.41642     -33.64093
	       D(20,19,18,29)    -157.04673       -0.00002       -0.04421    -157.09095
	       D(20,21,22,36)    -154.04419       -0.00002       -0.65240    -154.69659
	       D(20,21,22,37)      84.86653        0.00001       -0.48386      84.38267
	       D(21,20,19,30)    -103.29941        0.00004        0.07122    -103.22819
	       D(21,20,19,31)     135.36413        0.00004        0.20253     135.56665
	       D(21,22,18,29)     162.51447        0.00000        0.09690     162.61137
	       D(22,18,19,30)      85.17276        0.00001       -0.09286      85.07990
	       D(22,18,19,31)    -156.48450       -0.00001       -0.27059    -156.75509
	       D(22,21,20,32)     130.52353        0.00001        0.89272     131.41625
	       D(22,21,20,33)    -110.33222       -0.00000        0.76917    -109.56305
	       D(26,11,12,27)      -1.07823        0.00000        0.03568      -1.04256
	       D(29,18,19,30)     -37.81662       -0.00005       -0.55349     -38.37011
	       D(29,18,19,31)      80.52612       -0.00006       -0.73122      79.79490
	       D(29,18,22,36)     -74.77504        0.00001        0.38211     -74.39293
	       D(29,18,22,37)      44.60199        0.00002        0.36401      44.96601
	       D(30,19,20,32)     136.64067        0.00002       -0.25625     136.38442
	       D(30,19,20,33)      17.80885        0.00003       -0.13209      17.67676
	       D(31,19,20,32)      15.30420        0.00002       -0.12495      15.17926
	       D(31,19,20,33)    -103.52761        0.00003       -0.00078    -103.52840
	       D(32,20,21,34)      12.00065        0.00002        1.26365      13.26430
	       D(32,20,21,35)    -107.69281        0.00003        1.33470    -106.35811
	       D(33,20,21,34)     131.14491        0.00001        1.14010     132.28501
	       D(33,20,21,35)      11.45145        0.00002        1.21115      12.66260
	       D(34,21,22,36)     -35.27855       -0.00003       -0.89712     -36.17567
	       D(34,21,22,37)    -156.36783       -0.00000       -0.72858    -157.09641
	       D(35,21,22,36)      83.58002       -0.00003       -0.90655      82.67347
	       D(35,21,22,37)     -37.50926       -0.00000       -0.73802     -38.24728
	-------------------------------------------------------------------------------

	                                 ==> Convergence Check <==                                  
    
	Measures of convergence in internal coordinates in au.
    
	Criteria marked as inactive (o), active & met (*), and active & unmet ( ).

	----------------------------------------------------------------------------------------------
	   Step    Total Energy     Delta E     Max Force     RMS Force      Max Disp      RMS Disp   
	----------------------------------------------------------------------------------------------
	  Convergence Criteria     1.00e-06 *    3.00e-04 *             o    1.20e-03 *             o
	----------------------------------------------------------------------------------------------
	     5   -1407.64278238    1.60e-04      1.90e-03      4.02e-04 o    2.33e-02      6.50e-03 o  ~
	----------------------------------------------------------------------------------------------

Next Geometry in Ang 
	Fragment 1 (Ang)

	    N  -2.1758691275   2.2247577501  -0.7829428249
	    C  -1.9945990839   0.9231966952  -0.6352529518
	    C  -3.0860815440   0.0533200538  -0.7116426047
	    C  -4.3140527427   0.6205043397  -0.9647832553
	    N  -4.4841227877   1.9220671610  -1.1220910349
	    C  -3.4011911116   2.6549436991  -1.0155749527
	    C  -5.5621073093  -0.2201133231  -1.0717469028
	    O  -6.6444146864   0.2041338272  -1.2813846509
	    O  -5.3104557588  -1.5156340601  -0.9062663583
	    C  -0.6118224137   0.4522616285  -0.3771354114
	    C  -0.2301493002  -0.8682313371  -0.5554691942
	    C   1.0661267703  -1.2846795632  -0.3079941314
	    C   2.0279381998  -0.3828151155   0.1302544811
	    C   1.6417714253   0.9510339278   0.3080016063
	    C   0.3555878573   1.3602378177   0.0538689043
	   Cl   2.8090654223   2.1175341522   0.8568434236
	    O   3.3012851366  -0.6830662925   0.3812097944
	    C   3.8078526692  -2.0079278766   0.2756214044
	    C   5.3279364959  -1.8936964057   0.3425333668
	    C   5.6742269753  -1.8267921071   1.8480621902
	    C   4.3920595356  -2.2625315259   2.5992503602
	    C   3.4572164993  -2.8253390443   1.5176597694
	    H  -2.9918947108  -1.0010836370  -0.5642051509
	    H  -3.5218218296   3.7168541857  -1.1320769079
	    H  -6.1288731757  -1.9878248383  -0.9830585343
	    H  -0.9330799256  -1.5987927967  -0.9101744080
	    H   1.3187911171  -2.3146943341  -0.4604518386
	    H   0.0919720822   2.3900090116   0.1896392122
	    H   3.4705813640  -2.4500303343  -0.6543382205
	    H   5.7602965289  -2.7801650093  -0.1118986082
	    H   5.6752183180  -1.0335601985  -0.2155114869
	    H   5.9669137376  -0.8244244084   2.1358972516
	    H   6.5091923283  -2.4795752529   2.0783668022
	    H   3.9266823688  -1.4053848241   3.0721764116
	    H   4.5934659653  -2.9894353239   3.3781342615
	    H   2.4095185584  -2.7653871474   1.7876672578
	    H   3.6867911558  -3.8692234953   1.3163488391


    Structure for next step:
    Molecular point group: c1
    Full point group: C1

    Geometry (in Angstrom), charge = 0, multiplicity = 1:

    N           -2.173454103539     2.224841189289    -0.784882057843
    C           -1.992184059963     0.923280134412    -0.637192184773
    C           -3.083666520088     0.053403492973    -0.713581837607
    C           -4.311637718757     0.620587778937    -0.966722488228
    N           -4.481707763799     1.922150600224    -1.124030267802
    C           -3.398776087630     2.655027138262    -1.017514185626
    C           -5.559692285379    -0.220029883948    -1.073686135754
    O           -6.641999662506     0.204217266416    -1.283323883792
    O           -5.308040734818    -1.515550620894    -0.908205591260
    C           -0.609407389813     0.452345067729    -0.379074644368
    C           -0.227734276221    -0.868147897947    -0.557408427110
    C            1.068541794203    -1.284596123990    -0.309933364359
    C            2.030353223695    -0.382731676280     0.128315248136
    C            1.644186449195     0.951117367008     0.306062373405
    C            0.358002881187     1.360321256916     0.051929671344
    CL           2.811480446241     2.117617591445     0.854904190715
    O            3.303700160533    -0.682982853350     0.379270561438
    C            3.810267693116    -2.007844437432     0.273682171506
    C            5.330351519842    -1.893612966480     0.340594133890
    C            5.676641999195    -1.826708667938     1.846122957287
    C            4.394474559550    -2.262448086722     2.597311127286
    C            3.459631523198    -2.825255605125     1.515720536499
    H           -2.989479686822    -1.001000197836    -0.566144383843
    H           -3.519406805694     3.716937624926    -1.134016140870
    H           -6.126458151730    -1.987741399135    -0.984997767230
    H           -0.930664901636    -1.598709357474    -0.912113640950
    H            1.321206141077    -2.314610894856    -0.462391071495
    H            0.094387106105     2.390092450789     0.187699979297
    H            3.472996387983    -2.449946895130    -0.656277453447
    H            5.762711552811    -2.780081570075    -0.113837841104
    H            5.677633341983    -1.033476759289    -0.217450719794
    H            5.969328761560    -0.824340969204     2.133958018624
    H            6.511607352192    -2.479491813729     2.076427569312
    H            3.929097392739    -1.405301384917     3.070237178701
    H            4.595880989274    -2.989351884710     3.376195028554
    H            2.411933582288    -2.765303708191     1.785728024895
    H            3.689206179744    -3.869140056147     1.314409606203


Scratch directory: /tmp/
gradient() will perform analytic gradient computation.
   => Libint2 <=

    Primary   basis highest AM E, G, H:  6, 6, 3
    Auxiliary basis highest AM E, G, H:  7, 7, 4
    Onebody   basis highest AM E, G, H:  -, -, -
    Solid Harmonics ordering:            Gaussian

*** tstart() called on gunsnroses
*** at Thu Jan 23 19:46:27 2025

   => Loading Basis Set <=

    Name: 6-31G**
    Role: ORBITAL
    Keyword: BASIS
    atoms 1, 5                   entry N          line   132 file /home/joaopedroval/miniforge3/envs/PubChem/share/psi4/basis/6-31gss.gbs 
    atoms 2-4, 6-7, 10-15, 18-22 entry C          line   115 file /home/joaopedroval/miniforge3/envs/PubChem/share/psi4/basis/6-31gss.gbs 
    atoms 8-9, 17                entry O          line   149 file /home/joaopedroval/miniforge3/envs/PubChem/share/psi4/basis/6-31gss.gbs 
    atoms 16                     entry CL         line   344 file /home/joaopedroval/miniforge3/envs/PubChem/share/psi4/basis/6-31gss.gbs 
    atoms 23-37                  entry H          line    44 file /home/joaopedroval/miniforge3/envs/PubChem/share/psi4/basis/6-31gss.gbs 


         ---------------------------------------------------------
                                   SCF
               by Justin Turney, Rob Parrish, Andy Simmonett
                          and Daniel G. A. Smith
                              RHF Reference
                        8 Threads,  22888 MiB Core
         ---------------------------------------------------------

  ==> Geometry <==

    Molecular point group: c1
    Full point group: C1

    Geometry (in Angstrom), charge = 0, multiplicity = 1:

       Center              X                  Y                   Z               Mass       
    ------------   -----------------  -----------------  -----------------  -----------------
         N           -2.173454103539     2.224841189289    -0.784882057843    14.003074004430
         C           -1.992184059963     0.923280134412    -0.637192184773    12.000000000000
         C           -3.083666520088     0.053403492973    -0.713581837607    12.000000000000
         C           -4.311637718757     0.620587778937    -0.966722488228    12.000000000000
         N           -4.481707763799     1.922150600224    -1.124030267802    14.003074004430
         C           -3.398776087630     2.655027138262    -1.017514185626    12.000000000000
         C           -5.559692285379    -0.220029883948    -1.073686135754    12.000000000000
         O           -6.641999662506     0.204217266416    -1.283323883792    15.994914619570
         O           -5.308040734818    -1.515550620894    -0.908205591260    15.994914619570
         C           -0.609407389813     0.452345067729    -0.379074644368    12.000000000000
         C           -0.227734276221    -0.868147897947    -0.557408427110    12.000000000000
         C            1.068541794203    -1.284596123990    -0.309933364359    12.000000000000
         C            2.030353223695    -0.382731676280     0.128315248136    12.000000000000
         C            1.644186449195     0.951117367008     0.306062373405    12.000000000000
         C            0.358002881187     1.360321256916     0.051929671344    12.000000000000
         CL           2.811480446241     2.117617591445     0.854904190715    34.968852682000
         O            3.303700160533    -0.682982853350     0.379270561438    15.994914619570
         C            3.810267693116    -2.007844437432     0.273682171506    12.000000000000
         C            5.330351519842    -1.893612966480     0.340594133890    12.000000000000
         C            5.676641999195    -1.826708667938     1.846122957287    12.000000000000
         C            4.394474559550    -2.262448086722     2.597311127286    12.000000000000
         C            3.459631523198    -2.825255605125     1.515720536499    12.000000000000
         H           -2.989479686822    -1.001000197836    -0.566144383843     1.007825032230
         H           -3.519406805694     3.716937624926    -1.134016140870     1.007825032230
         H           -6.126458151730    -1.987741399135    -0.984997767230     1.007825032230
         H           -0.930664901636    -1.598709357474    -0.912113640950     1.007825032230
         H            1.321206141077    -2.314610894856    -0.462391071495     1.007825032230
         H            0.094387106105     2.390092450789     0.187699979297     1.007825032230
         H            3.472996387983    -2.449946895130    -0.656277453447     1.007825032230
         H            5.762711552811    -2.780081570075    -0.113837841104     1.007825032230
         H            5.677633341983    -1.033476759289    -0.217450719794     1.007825032230
         H            5.969328761560    -0.824340969204     2.133958018624     1.007825032230
         H            6.511607352192    -2.479491813729     2.076427569312     1.007825032230
         H            3.929097392739    -1.405301384917     3.070237178701     1.007825032230
         H            4.595880989274    -2.989351884710     3.376195028554     1.007825032230
         H            2.411933582288    -2.765303708191     1.785728024895     1.007825032230
         H            3.689206179744    -3.869140056147     1.314409606203     1.007825032230

  Running in c1 symmetry.

  Rotational constants: A =      0.02078  B =      0.00338  C =      0.00300 [cm^-1]
  Rotational constants: A =    622.89659  B =    101.39668  C =     89.84264 [MHz]
  Nuclear repulsion = 1807.512322400522407

  Charge       = 0
  Multiplicity = 1
  Electrons    = 166
  Nalpha       = 83
  Nbeta        = 83

  ==> Algorithm <==

  SCF Algorithm Type is DF.
  DIIS enabled.
  MOM disabled.
  Fractional occupation disabled.
  Guess Type is READ.
  Energy threshold   = 1.00e-08
  Density threshold  = 1.00e-08
  Integral threshold = 1.00e-12

  ==> Primary Basis <==

  Basis Set: 6-31G**
    Blend: 6-31G**
    Number of shells: 179
    Number of basis functions: 409
    Number of Cartesian functions: 409
    Spherical Harmonics?: false
    Max angular momentum: 2

   => Loading Basis Set <=

    Name: (6-31G** AUX)
    Role: JKFIT
    Keyword: DF_BASIS_SCF
    atoms 1, 5                   entry N          line   171 file /home/joaopedroval/miniforge3/envs/PubChem/share/psi4/basis/cc-pvdz-jkfit.gbs 
    atoms 2-4, 6-7, 10-15, 18-22 entry C          line   121 file /home/joaopedroval/miniforge3/envs/PubChem/share/psi4/basis/cc-pvdz-jkfit.gbs 
    atoms 8-9, 17                entry O          line   221 file /home/joaopedroval/miniforge3/envs/PubChem/share/psi4/basis/cc-pvdz-jkfit.gbs 
    atoms 16                     entry CL         line   667 file /home/joaopedroval/miniforge3/envs/PubChem/share/psi4/basis/cc-pvdz-jkfit.gbs 
    atoms 23-37                  entry H          line    51 file /home/joaopedroval/miniforge3/envs/PubChem/share/psi4/basis/cc-pvdz-jkfit.gbs 

   => Loading Basis Set <=

    Name: 6-31G**
    Role: ORBITAL
    Keyword: BASIS
    atoms 1, 5                   entry N          line   132 file /home/joaopedroval/miniforge3/envs/PubChem/share/psi4/basis/6-31gss.gbs 
    atoms 2-4, 6-7, 10-15, 18-22 entry C          line   115 file /home/joaopedroval/miniforge3/envs/PubChem/share/psi4/basis/6-31gss.gbs 
    atoms 8-9, 17                entry O          line   149 file /home/joaopedroval/miniforge3/envs/PubChem/share/psi4/basis/6-31gss.gbs 
    atoms 16                     entry CL         line   344 file /home/joaopedroval/miniforge3/envs/PubChem/share/psi4/basis/6-31gss.gbs 
    atoms 23-37                  entry H          line    44 file /home/joaopedroval/miniforge3/envs/PubChem/share/psi4/basis/6-31gss.gbs 

  Reading orbitals from file /tmp/stdout.default.8009.180.npy, no projection.

  ==> Integral Setup <==

  DFHelper Memory: AOs need 1.743 GiB; user supplied 16.764 GiB. 
  Using in-core AOs.

  ==> MemDFJK: Density-Fitted J/K Matrices <==

    J tasked:                   Yes
    K tasked:                   Yes
    wK tasked:                   No
    OpenMP threads:               8
    Memory [MiB]:             17166
    Algorithm:                 Core
    Schwarz Cutoff:           1E-12
    Mask sparsity (%):      39.6530
    Fitting Condition:        1E-10

   => Auxiliary Basis Set <=

  Basis Set: (6-31G** AUX)
    Blend: CC-PVDZ-JKFIT
    Number of shells: 675
    Number of basis functions: 2206
    Number of Cartesian functions: 2206
    Spherical Harmonics?: false
    Max angular momentum: 3

  Minimum eigenvalue in the overlap matrix is 3.5470872000E-04.
  Reciprocal condition number of the overlap matrix is 4.4117185519E-05.
    Using symmetric orthogonalization.

  ==> Pre-Iterations <==

  SCF Guess: Orbitals guess was supplied from a previous computation.

   -------------------------------------------------------
    Irrep   Nso     Nmo     Nalpha   Nbeta   Ndocc  Nsocc
   -------------------------------------------------------
     A        409     409      83      83      83       0
   -------------------------------------------------------
    Total     409     409      83      83      83       0
   -------------------------------------------------------

  ==> Iterations <==

                           Total Energy        Delta E     RMS |[F,P]|

   @DF-RHF iter   0: -1407.64179861576667   -1.40764e+03   1.30170e-04 
   @DF-RHF iter   1: -1407.64289638672062   -1.09777e-03   1.91374e-05 DIIS
   @DF-RHF iter   2: -1407.64296108407189   -6.46974e-05   7.02941e-06 DIIS
   @DF-RHF iter   3: -1407.64297291973617   -1.18357e-05   2.18545e-06 DIIS
   @DF-RHF iter   4: -1407.64297369364954   -7.73913e-07   9.75956e-07 DIIS
   @DF-RHF iter   5: -1407.64297398570375   -2.92054e-07   4.14085e-07 DIIS
   @DF-RHF iter   6: -1407.64297404801800   -6.23143e-08   1.74188e-07 DIIS
   @DF-RHF iter   7: -1407.64297405854222   -1.05242e-08   7.38432e-08 DIIS
   @DF-RHF iter   8: -1407.64297406024957   -1.70735e-09   3.12157e-08 DIIS
   @DF-RHF iter   9: -1407.64297406050287   -2.53294e-10   1.13496e-08 DIIS
   @DF-RHF iter  10: -1407.64297406053834   -3.54703e-11   3.39312e-09 DIIS
  Energy and wave function converged.


  ==> Post-Iterations <==

    Orbital Energies [Eh]
    ---------------------

    Doubly Occupied:                                                      

       1A   -104.822731     2A    -20.630926     3A    -20.603376  
       4A    -20.567412     5A    -15.581759     6A    -15.580824  
       7A    -11.399251     8A    -11.329813     9A    -11.318181  
      10A    -11.318072    11A    -11.313597    12A    -11.299513  
      13A    -11.298184    14A    -11.263406    15A    -11.260031  
      16A    -11.258052    17A    -11.255726    18A    -11.248978  
      19A    -11.230386    20A    -11.226700    21A    -11.222910  
      22A    -11.221921    23A    -10.555704    24A     -8.025166  
      25A     -8.021743    26A     -8.021709    27A     -1.493716  
      28A     -1.437940    29A     -1.384855    30A     -1.336434  
      31A     -1.223543    32A     -1.193677    33A     -1.134382  
      34A     -1.128407    35A     -1.098011    36A     -1.040688  
      37A     -1.011370    38A     -0.980716    39A     -0.977707  
      40A     -0.948101    41A     -0.913952    42A     -0.874664  
      43A     -0.851695    44A     -0.817226    45A     -0.793696  
      46A     -0.788259    47A     -0.754228    48A     -0.735882  
      49A     -0.729758    50A     -0.706019    51A     -0.687732  
      52A     -0.675453    53A     -0.670538    54A     -0.664144  
      55A     -0.655304    56A     -0.648796    57A     -0.635704  
      58A     -0.628350    59A     -0.617014    60A     -0.597600  
      61A     -0.595204    62A     -0.590711    63A     -0.578907  
      64A     -0.562714    65A     -0.552652    66A     -0.532428  
      67A     -0.524889    68A     -0.506906    69A     -0.497788  
      70A     -0.489868    71A     -0.481500    72A     -0.478901  
      73A     -0.476922    74A     -0.474416    75A     -0.471968  
      76A     -0.465240    77A     -0.459759    78A     -0.447281  
      79A     -0.428564    80A     -0.421279    81A     -0.391290  
      82A     -0.349337    83A     -0.313109  

    Virtual:                                                              

      84A      0.059110    85A      0.090864    86A      0.123371  
      87A      0.169514    88A      0.203172    89A      0.214342  
      90A      0.221490    91A      0.238715    92A      0.242600  
      93A      0.243366    94A      0.265344    95A      0.290097  
      96A      0.291745    97A      0.295540    98A      0.310517  
      99A      0.318527   100A      0.322446   101A      0.324123  
     102A      0.333465   103A      0.337539   104A      0.344412  
     105A      0.352347   106A      0.363079   107A      0.380762  
     108A      0.388508   109A      0.396933   110A      0.402795  
     111A      0.414380   112A      0.419793   113A      0.430325  
     114A      0.446712   115A      0.450303   116A      0.467781  
     117A      0.484700   118A      0.494116   119A      0.505523  
     120A      0.509874   121A      0.520119   122A      0.525231  
     123A      0.540807   124A      0.568688   125A      0.583670  
     126A      0.595424   127A      0.628863   128A      0.638849  
     129A      0.642731   130A      0.656627   131A      0.667486  
     132A      0.694496   133A      0.710091   134A      0.711846  
     135A      0.724113   136A      0.735737   137A      0.738207  
     138A      0.744334   139A      0.749763   140A      0.751073  
     141A      0.755657   142A      0.771437   143A      0.778634  
     144A      0.792132   145A      0.802290   146A      0.806722  
     147A      0.813542   148A      0.825822   149A      0.829531  
     150A      0.839591   151A      0.852329   152A      0.859569  
     153A      0.876867   154A      0.884212   155A      0.891691  
     156A      0.893624   157A      0.906165   158A      0.916244  
     159A      0.917916   160A      0.923271   161A      0.933082  
     162A      0.938506   163A      0.951238   164A      0.958433  
     165A      0.964874   166A      0.971604   167A      0.981831  
     168A      0.989404   169A      1.012562   170A      1.023292  
     171A      1.024490   172A      1.033859   173A      1.039713  
     174A      1.051342   175A      1.060345   176A      1.068170  
     177A      1.071626   178A      1.076567   179A      1.083866  
     180A      1.096987   181A      1.102803   182A      1.110380  
     183A      1.115615   184A      1.125018   185A      1.129271  
     186A      1.136068   187A      1.141773   188A      1.151393  
     189A      1.154711   190A      1.157129   191A      1.162278  
     192A      1.165406   193A      1.174352   194A      1.177678  
     195A      1.188824   196A      1.194924   197A      1.199274  
     198A      1.206462   199A      1.213396   200A      1.216937  
     201A      1.222947   202A      1.241969   203A      1.261922  
     204A      1.268787   205A      1.296203   206A      1.305617  
     207A      1.310087   208A      1.332054   209A      1.350118  
     210A      1.363790   211A      1.375014   212A      1.404074  
     213A      1.421127   214A      1.434328   215A      1.444679  
     216A      1.450214   217A      1.465242   218A      1.471986  
     219A      1.501055   220A      1.505437   221A      1.509033  
     222A      1.533214   223A      1.540448   224A      1.554843  
     225A      1.566465   226A      1.589678   227A      1.614687  
     228A      1.619239   229A      1.633127   230A      1.642312  
     231A      1.653457   232A      1.656774   233A      1.670779  
     234A      1.679933   235A      1.696183   236A      1.708082  
     237A      1.730388   238A      1.737080   239A      1.773417  
     240A      1.787185   241A      1.792221   242A      1.804530  
     243A      1.817925   244A      1.824454   245A      1.829779  
     246A      1.840174   247A      1.855757   248A      1.898641  
     249A      1.923318   250A      1.925420   251A      1.940845  
     252A      1.952315   253A      1.988631   254A      2.013881  
     255A      2.026804   256A      2.030991   257A      2.040656  
     258A      2.051919   259A      2.055139   260A      2.074820  
     261A      2.079442   262A      2.088243   263A      2.093813  
     264A      2.117754   265A      2.146278   266A      2.148792  
     267A      2.163291   268A      2.168014   269A      2.180992  
     270A      2.187372   271A      2.209954   272A      2.217116  
     273A      2.227671   274A      2.239617   275A      2.249642  
     276A      2.265372   277A      2.272888   278A      2.277925  
     279A      2.290680   280A      2.298535   281A      2.310985  
     282A      2.323390   283A      2.325042   284A      2.339358  
     285A      2.349178   286A      2.369620   287A      2.378239  
     288A      2.392194   289A      2.405189   290A      2.412443  
     291A      2.416814   292A      2.441344   293A      2.471959  
     294A      2.489610   295A      2.504091   296A      2.514005  
     297A      2.524248   298A      2.547639   299A      2.558120  
     300A      2.578944   301A      2.588442   302A      2.594996  
     303A      2.595964   304A      2.610005   305A      2.614001  
     306A      2.625089   307A      2.634265   308A      2.652769  
     309A      2.660321   310A      2.662752   311A      2.680880  
     312A      2.686332   313A      2.702945   314A      2.712086  
     315A      2.728030   316A      2.734670   317A      2.737765  
     318A      2.752407   319A      2.758741   320A      2.782618  
     321A      2.804128   322A      2.818843   323A      2.832907  
     324A      2.837868   325A      2.849837   326A      2.860882  
     327A      2.863367   328A      2.882353   329A      2.886395  
     330A      2.891423   331A      2.895937   332A      2.898385  
     333A      2.915845   334A      2.923528   335A      2.940494  
     336A      2.964969   337A      2.970090   338A      2.977269  
     339A      2.999924   340A      3.014184   341A      3.037525  
     342A      3.044723   343A      3.065245   344A      3.074195  
     345A      3.086638   346A      3.091970   347A      3.096398  
     348A      3.114821   349A      3.127717   350A      3.129355  
     351A      3.135003   352A      3.145786   353A      3.175742  
     354A      3.198898   355A      3.204142   356A      3.221627  
     357A      3.247388   358A      3.262302   359A      3.275508  
     360A      3.285273   361A      3.324725   362A      3.352949  
     363A      3.377762   364A      3.413086   365A      3.441155  
     366A      3.468797   367A      3.544051   368A      3.565296  
     369A      3.572276   370A      3.597527   371A      3.622352  
     372A      3.660345   373A      3.672922   374A      3.679695  
     375A      3.693289   376A      3.740814   377A      3.765984  
     378A      3.777345   379A      3.824543   380A      3.831476  
     381A      3.857932   382A      3.863387   383A      3.879703  
     384A      3.910112   385A      3.978175   386A      4.061447  
     387A      4.184806   388A      4.372884   389A      4.467243  
     390A      4.492166   391A      4.524429   392A      4.552971  
     393A      4.555242   394A      4.576658   395A      4.660389  
     396A      4.709217   397A      4.762295   398A      4.783077  
     399A      4.808895   400A      4.823491   401A      4.844146  
     402A      4.874443   403A      4.910883   404A      5.017143  
     405A      5.081786   406A      5.161303   407A      5.193508  
     408A      5.229116   409A      5.292771  

    Final Occupation by Irrep:
              A 
    DOCC [    83 ]
    NA   [    83 ]
    NB   [    83 ]

  @DF-RHF Final Energy: -1407.64297406053834

   => Energetics <=

    Nuclear Repulsion Energy =           1807.5123224005224074
    One-Electron Energy =               -5520.7040746096672592
    Two-Electron Energy =                2305.5487781486062886
    Total Energy =                      -1407.6429740605385632

Computation Completed


Properties will be evaluated at   0.000000,   0.000000,   0.000000 [a0]

Properties computed using the SCF density matrix


 Multipole Moments:

 ------------------------------------------------------------------------------------
     Multipole            Electronic (a.u.)      Nuclear  (a.u.)        Total (a.u.)
 ------------------------------------------------------------------------------------

 L = 1.  Multiply by 2.5417464519 to convert [e a0] to [Debye]
 Dipole X            :        -24.4207594           25.4062560            0.9854966
 Dipole Y            :         19.7282624          -22.0140122           -2.2857498
 Dipole Z            :         -7.4181702            7.5552947            0.1371244
 Magnitude           :                                                    2.4929218

 ------------------------------------------------------------------------------------

*** tstop() called on gunsnroses at Thu Jan 23 19:46:47 2025
Module time:
	user time   =     123.82 seconds =       2.06 minutes
	system time =       6.56 seconds =       0.11 minutes
	total time  =         20 seconds =       0.33 minutes
Total time:
	user time   =    1049.84 seconds =      17.50 minutes
	system time =      63.77 seconds =       1.06 minutes
	total time  =        186 seconds =       3.10 minutes

*** tstart() called on gunsnroses
*** at Thu Jan 23 19:46:47 2025


         ------------------------------------------------------------
                                   SCF GRAD                          
                          Rob Parrish, Justin Turney,                
                       Andy Simmonett, and Alex Sokolov              
         ------------------------------------------------------------

  ==> Geometry <==

    Molecular point group: c1
    Full point group: C1

    Geometry (in Angstrom), charge = 0, multiplicity = 1:

       Center              X                  Y                   Z               Mass       
    ------------   -----------------  -----------------  -----------------  -----------------
         N           -2.173454103539     2.224841189289    -0.784882057843    14.003074004430
         C           -1.992184059963     0.923280134412    -0.637192184773    12.000000000000
         C           -3.083666520088     0.053403492973    -0.713581837607    12.000000000000
         C           -4.311637718757     0.620587778937    -0.966722488228    12.000000000000
         N           -4.481707763799     1.922150600224    -1.124030267802    14.003074004430
         C           -3.398776087630     2.655027138262    -1.017514185626    12.000000000000
         C           -5.559692285379    -0.220029883948    -1.073686135754    12.000000000000
         O           -6.641999662506     0.204217266416    -1.283323883792    15.994914619570
         O           -5.308040734818    -1.515550620894    -0.908205591260    15.994914619570
         C           -0.609407389813     0.452345067729    -0.379074644368    12.000000000000
         C           -0.227734276221    -0.868147897947    -0.557408427110    12.000000000000
         C            1.068541794203    -1.284596123990    -0.309933364359    12.000000000000
         C            2.030353223695    -0.382731676280     0.128315248136    12.000000000000
         C            1.644186449195     0.951117367008     0.306062373405    12.000000000000
         C            0.358002881187     1.360321256916     0.051929671344    12.000000000000
         CL           2.811480446241     2.117617591445     0.854904190715    34.968852682000
         O            3.303700160533    -0.682982853350     0.379270561438    15.994914619570
         C            3.810267693116    -2.007844437432     0.273682171506    12.000000000000
         C            5.330351519842    -1.893612966480     0.340594133890    12.000000000000
         C            5.676641999195    -1.826708667938     1.846122957287    12.000000000000
         C            4.394474559550    -2.262448086722     2.597311127286    12.000000000000
         C            3.459631523198    -2.825255605125     1.515720536499    12.000000000000
         H           -2.989479686822    -1.001000197836    -0.566144383843     1.007825032230
         H           -3.519406805694     3.716937624926    -1.134016140870     1.007825032230
         H           -6.126458151730    -1.987741399135    -0.984997767230     1.007825032230
         H           -0.930664901636    -1.598709357474    -0.912113640950     1.007825032230
         H            1.321206141077    -2.314610894856    -0.462391071495     1.007825032230
         H            0.094387106105     2.390092450789     0.187699979297     1.007825032230
         H            3.472996387983    -2.449946895130    -0.656277453447     1.007825032230
         H            5.762711552811    -2.780081570075    -0.113837841104     1.007825032230
         H            5.677633341983    -1.033476759289    -0.217450719794     1.007825032230
         H            5.969328761560    -0.824340969204     2.133958018624     1.007825032230
         H            6.511607352192    -2.479491813729     2.076427569312     1.007825032230
         H            3.929097392739    -1.405301384917     3.070237178701     1.007825032230
         H            4.595880989274    -2.989351884710     3.376195028554     1.007825032230
         H            2.411933582288    -2.765303708191     1.785728024895     1.007825032230
         H            3.689206179744    -3.869140056147     1.314409606203     1.007825032230

  Nuclear repulsion = 1807.512322400522407

  ==> Basis Set <==

  Basis Set: 6-31G**
    Blend: 6-31G**
    Number of shells: 179
    Number of basis functions: 409
    Number of Cartesian functions: 409
    Spherical Harmonics?: false
    Max angular momentum: 2

  ==> DFJKGrad: Density-Fitted SCF Gradients <==

    Gradient:                    1
    J tasked:                  Yes
    K tasked:                  Yes
    wK tasked:                  No
    OpenMP threads:              8
    Integrals threads:           8
    Memory [MiB]:            17166
    Schwarz Cutoff:          1E-12
    Fitting Condition:       1E-10

   => Auxiliary Basis Set <=

  Basis Set: (6-31G** AUX)
    Blend: CC-PVDZ-JKFIT
    Number of shells: 675
    Number of basis functions: 2206
    Number of Cartesian functions: 2206
    Spherical Harmonics?: false
    Max angular momentum: 3


  -Total Gradient:
     Atom            X                  Y                   Z
    ------   -----------------  -----------------  -----------------
       1       -0.000022542569     0.000061302735     0.000012180717
       2       -0.000039657564    -0.000056992829    -0.000000528036
       3        0.000052344940     0.000001523608     0.000010716145
       4       -0.000001700633     0.000047348447    -0.000173468799
       5       -0.000031510968    -0.000064922421     0.000015362281
       6        0.000081335411     0.000004891508    -0.000039073488
       7       -0.000071077447     0.000049980045     0.000470152852
       8        0.000032620639    -0.000031341922    -0.000177010799
       9       -0.000002909259    -0.000021743346    -0.000149401425
      10        0.000021749608     0.000012476561     0.000003449837
      11        0.000032830223    -0.000000537612     0.000011428370
      12       -0.000044697319    -0.000017710972    -0.000024790698
      13        0.000127730188    -0.000061581883     0.000019765529
      14       -0.000017480442     0.000019542310     0.000033439395
      15       -0.000015455588    -0.000008378051    -0.000016198040
      16       -0.000004740534     0.000002939180    -0.000000163757
      17       -0.000191044529     0.000162818867     0.000034716167
      18       -0.000194651928     0.000390006733    -0.000133923423
      19        0.000242773181    -0.000674015151     0.000017357615
      20       -0.000129053111     0.000236815442    -0.000016967752
      21        0.000151310438     0.000048043422    -0.000084679411
      22        0.000136455368    -0.000166986775    -0.000066530808
      23        0.000013785601    -0.000003889198     0.000012176567
      24       -0.000006560309     0.000001215921     0.000023448768
      25        0.000009829154     0.000006335574     0.000001048325
      26       -0.000020323675     0.000005158651    -0.000006059730
      27       -0.000009424460    -0.000002178630     0.000012530059
      28       -0.000001538680     0.000006701677    -0.000001679342
      29        0.000079524671    -0.000221818302     0.000148884198
      30        0.000172717887     0.000125169144    -0.000116961880
      31       -0.000251268333     0.000145501998     0.000150699765
      32        0.000085448946     0.000022660887    -0.000001028222
      33       -0.000087495952    -0.000152258950     0.000041041162
      34       -0.000070927490     0.000060141063     0.000042411420
      35        0.000016739906    -0.000043207994    -0.000027331173
      36        0.000001097942     0.000146666112    -0.000092608224
      37       -0.000044233312    -0.000029675848     0.000067595831


*** tstop() called on gunsnroses at Thu Jan 23 19:46:57 2025
Module time:
	user time   =      48.17 seconds =       0.80 minutes
	system time =       4.14 seconds =       0.07 minutes
	total time  =         10 seconds =       0.17 minutes
Total time:
	user time   =    1098.02 seconds =      18.30 minutes
	system time =      67.92 seconds =       1.13 minutes
	total time  =        196 seconds =       3.27 minutes

    			-----------------------------------------

    			 OPTKING 3.0: for geometry optimizations 

    			     By R.A. King, Bethel University     

    			        with contributions from          

    			    A.V. Copan, J. Cayton, A. Heide      

    			-----------------------------------------

    
	                            ===> Fragment 1 <== 

	 Z (Atomic Numbers)          Masses                          Geom                  
	       7.000000            14.003074         -4.10723300  4.20434052 -1.48321213   
	       6.000000            12.000000         -3.76468226  1.74474659 -1.20411872   
	       6.000000            12.000000         -5.82728519  0.10091798 -1.34847424   
	       6.000000            12.000000         -8.14781444  1.17274094 -1.82684074   
	       7.000000            14.003074         -8.46920025  3.63233821 -2.12410936   
	       6.000000            12.000000         -6.42275597  5.01727415 -1.92282314   
	       6.000000            12.000000        -10.50629576  -0.41579622  -2.02897274 
	       8.000000            15.994915        -12.55156029   0.38591470  -2.42513067 
	       8.000000            15.994915        -10.03074325  -2.86397560  -1.71625983 
	       6.000000            12.000000         -1.15161307  0.85480829 -0.71634726   
	       6.000000            12.000000         -0.43035541 -1.64056176 -1.05334927   
	       6.000000            12.000000          2.01925134 -2.42753486 -0.58568918   
	       6.000000            12.000000          3.83681153 -0.72325805  0.24248068   
	       6.000000            12.000000          3.10706209  1.79735134  0.57837406   
	       6.000000            12.000000          0.67652740  2.57063462  0.09813286   
	      17.000000            34.968853          5.31292805  4.00171729  1.61553478   
	       8.000000            15.994915          6.24308850 -1.29065054  0.71671749   
	       6.000000            12.000000          7.20036240 -3.79427609  0.51718435   
	       6.000000            12.000000         10.07290452 -3.57840989  0.64362963   
	       6.000000            12.000000         10.72729869 -3.45197909  3.48866678   
	       6.000000            12.000000          8.30435338 -4.27540726  4.90820669   
	       6.000000            12.000000          6.53775607 -5.33895933  2.86429670   
	       1.000000             1.007825         -5.64929787 -1.89161623 -1.06985783   
	       1.000000             1.007825         -6.65071499  7.02399414 -2.14297993   
	       1.000000             1.007825        -11.57732803  -3.75628685  -1.86137601 
	       1.000000             1.007825         -1.75870178 -3.02112284 -1.72364498   
	       1.000000             1.007825          2.49671776 -4.37398068 -0.87379249   
	       1.000000             1.007825          0.17836578  4.51662015  0.35470155   
	       1.000000             1.007825          6.56301201 -4.62972865 -1.24018465   
	       1.000000             1.007825         10.88994657 -5.25359277 -0.21512234   
	       1.000000             1.007825         10.72917206 -1.95298803 -0.41092231   
	       1.000000             1.007825         11.28039651 -1.55777867  4.03259622   
	       1.000000             1.007825         12.30515453 -4.68556046  3.92387943   
	       1.000000             1.007825          7.42491799 -2.65563474  5.80190741   
	       1.000000             1.007825          8.68495637 -5.64905635  6.38008395   
	       1.000000             1.007825          4.55789390 -5.22566666  3.37453690   
	       1.000000             1.007825          6.97158930 -7.31161505  2.48387417   

	 - Coordinate -           - BOHR/RAD -       - ANG/DEG -
	 H(5,24)          =         3.848451           2.036513
	 H(8,25)          =         4.292410           2.271445
	 R(1,2)           =         2.498967           1.322396
	 R(1,6)           =         2.493144           1.319315
	 R(2,3)           =         2.641466           1.397804
	 R(2,10)          =         2.803220           1.483400
	 R(3,4)           =         2.600480           1.376115
	 R(3,23)          =         2.019777           1.068820
	 R(4,5)           =         2.498255           1.322019
	 R(4,7)           =         2.850744           1.508549
	 R(5,6)           =         2.479213           1.311943
	 R(6,24)          =         2.031590           1.075071
	 R(7,8)           =         2.232216           1.181238
	 R(7,9)           =         2.513468           1.330070
	 R(9,25)          =         1.791425           0.947981
	 R(10,11)         =         2.619285           1.386066
	 R(10,15)         =         2.636197           1.395015
	 R(11,12)         =         2.615073           1.383837
	 R(11,26)         =         2.029717           1.074080
	 R(12,13)         =         2.625633           1.389425
	 R(12,27)         =         2.024754           1.071454
	 R(13,14)         =         2.645530           1.399954
	 R(13,17)         =         2.517341           1.332119
	 R(14,15)         =         2.595399           1.373426
	 R(14,16)         =         3.286453           1.739116
	 R(15,28)         =         2.025056           1.071614
	 R(17,18)         =         2.687811           1.422328
	 R(18,19)         =         2.883415           1.525838
	 R(18,22)         =         2.886872           1.527667
	 R(18,29)         =         2.047570           1.083527
	 R(19,20)         =         2.922063           1.546289
	 R(19,30)         =         2.052133           1.085942
	 R(19,31)         =         2.045669           1.082522
	 R(20,21)         =         2.926396           1.548582
	 R(20,32)         =         2.046893           1.083169
	 R(20,33)         =         2.049576           1.084589
	 R(21,22)         =         2.903373           1.536399
	 R(21,34)         =         2.048358           1.083944
	 R(21,35)         =         2.048949           1.084257
	 R(22,36)         =         2.047690           1.083591
	 R(22,37)         =         2.055311           1.087624
	 B(1,2,3)         =         2.093669         119.958394
	 B(1,2,10)        =         2.048431         117.366462
	 B(1,6,5)         =         2.212801         126.784139
	 B(1,6,24)        =         2.032414         116.448757
	 B(2,1,6)         =         2.057748         117.900287
	 B(2,3,4)         =         2.037954         116.766165
	 B(2,3,23)        =         2.138353         122.518617
	 B(2,10,11)       =         2.137375         122.462588
	 B(2,10,15)       =         2.086979         119.575094
	 B(3,2,10)        =         2.141032         122.672069
	 B(3,4,5)         =         2.144170         122.851919
	 B(3,4,7)         =         2.119555         121.441531
	 B(4,3,23)        =         2.106696         120.704813
	 B(4,5,6)         =         2.019864         115.729711
	 B(4,7,8)         =         2.177889         124.783821
	 B(4,7,9)         =         1.957793         112.173295
	 B(5,4,7)         =         2.019443         115.705552
	 B(5,6,24)        =         2.037967         116.766910
	 B(7,9,25)        =         1.887822         108.164227
	 B(8,7,9)         =         2.147497         123.042539
	 B(10,11,12)      =         2.119559         121.441812
	 B(10,11,26)      =         2.106299         120.682055
	 B(10,15,14)      =         2.109089         120.841898
	 B(10,15,28)      =         2.087489         119.604337
	 B(11,10,15)      =         2.058810         117.961139
	 B(11,12,13)      =         2.105408         120.631011
	 B(11,12,27)      =         2.076869         118.995826
	 B(12,11,26)      =         2.057152         117.866148
	 B(12,13,14)      =         2.057303         117.874793
	 B(12,13,17)      =         2.183175         125.086712
	 B(13,12,27)      =         2.100907         120.373128
	 B(13,14,15)      =         2.116129         121.245235
	 B(13,14,16)      =         2.087474         119.603467
	 B(13,17,18)      =         2.136966         122.439141
	 B(14,13,17)      =         2.042612         117.033030
	 B(14,15,28)      =         2.086606         119.553725
	 B(15,14,16)      =         2.079579         119.151111
	 B(17,18,19)      =         1.856487         106.368898
	 B(17,18,22)      =         1.935105         110.873328
	 B(17,18,29)      =         1.910190         109.445839
	 B(18,19,20)      =         1.843193         105.607192
	 B(18,19,30)      =         1.893548         108.492314
	 B(18,19,31)      =         1.935291         110.884012
	 B(18,22,21)      =         1.809756         103.691404
	 B(18,22,36)      =         1.976763         113.260156
	 B(18,22,37)      =         1.890853         108.337882
	 B(19,18,22)      =         1.806023         103.477469
	 B(19,18,29)      =         1.958736         112.227285
	 B(19,20,21)      =         1.849072         105.944033
	 B(19,20,32)      =         1.938296         111.056198
	 B(19,20,33)      =         1.931690         110.677661
	 B(20,19,30)      =         1.932206         110.707250
	 B(20,19,31)      =         1.977618         113.309137
	 B(20,21,22)      =         1.839387         105.389085
	 B(20,21,34)      =         1.922620         110.158027
	 B(20,21,35)      =         1.964168         112.538542
	 B(21,20,32)      =         1.933939         110.806514
	 B(21,20,33)      =         1.944477         111.410336
	 B(21,22,36)      =         1.974281         113.117974
	 B(21,22,37)      =         1.932054         110.698563
	 B(22,18,29)      =         1.991096         114.081416
	 B(22,21,34)      =         1.913018         109.607853
	 B(22,21,35)      =         1.953197         111.909920
	 B(30,19,31)      =         1.880909         107.768145
	 B(32,20,33)      =         1.867662         107.009147
	 B(34,21,35)      =         1.871795         107.245962
	 B(36,22,37)      =         1.878961         107.656543
	 D(1,2,3,4)       =         0.018351           1.051431
	 D(1,2,3,23)      =        -3.102876        -177.781680
	 D(1,2,10,11)     =        -2.834792        -162.421608
	 D(1,2,10,15)     =         0.299762          17.175125
	 D(1,6,5,4)       =         0.011956           0.685056
	 D(2,1,6,5)       =        -0.002592          -0.148498
	 D(2,1,6,24)      =        -3.141280        -179.982099
	 D(2,3,4,5)       =        -0.008875          -0.508498
	 D(2,3,4,7)       =        -3.143848        -180.129224
	 D(2,10,11,12)    =         3.141800         180.011859
	 D(2,10,11,26)    =         0.020699           1.185988
	 D(2,10,15,14)    =         3.134973         179.620700
	 D(2,10,15,28)    =        -0.005354          -0.306762
	 D(3,2,1,6)       =        -0.013137          -0.752674
	 D(3,2,10,11)     =         0.317956          18.217509
	 D(3,2,10,15)     =        -2.830675        -162.185758
	 D(3,4,5,6)       =        -0.005428          -0.311025
	 D(3,4,7,8)       =         3.136074         179.683787
	 D(3,4,7,9)       =        -0.009165          -0.525113
	 D(4,3,2,10)      =        -3.134676        -179.603692
	 D(4,5,6,24)      =        -3.132548        -179.481807
	 D(4,7,9,25)      =         3.140375         179.930218
	 D(5,4,3,23)      =         3.112745         178.347135
	 D(5,4,7,8)       =         0.000653           0.037401
	 D(5,4,7,9)       =        -3.144586        -180.171500
	 D(6,1,2,10)      =         3.139294         179.868286
	 D(6,5,4,7)       =         3.129896         179.329848
	 D(7,4,3,23)      =        -0.022228          -1.273592
	 D(8,7,9,25)      =        -0.004790          -0.274457
	 D(10,2,3,23)     =         0.027283           1.563197
	 D(10,11,12,13)   =         0.000559           0.032006
	 D(10,11,12,27)   =        -3.139853        -179.900349
	 D(10,15,14,13)   =         0.012019           0.688634
	 D(10,15,14,16)   =        -3.132334        -179.469545
	 D(11,10,15,14)   =        -0.013343          -0.764521
	 D(11,10,15,28)   =         3.129515         179.308017
	 D(11,12,13,14)   =        -0.002246          -0.128702
	 D(11,12,13,17)   =        -3.128513        -179.250583
	 D(12,11,10,15)   =         0.007137           0.408937
	 D(12,13,14,15)   =        -0.004001          -0.229242
	 D(12,13,14,16)   =         3.140365         179.929641
	 D(12,13,17,18)   =        -0.047591          -2.726756
	 D(13,12,11,26)   =         3.122216         178.889797
	 D(13,14,15,28)   =        -3.130839        -179.383868
	 D(13,17,18,19)   =         2.934754         168.149028
	 D(13,17,18,22)   =        -1.396497         -80.013375
	 D(13,17,18,29)   =         0.814981          46.694993
	 D(14,13,12,27)   =         3.138149         179.802720
	 D(14,13,17,18)   =         3.109211         178.144685
	 D(15,10,11,26)   =        -3.113963        -178.416935
	 D(15,14,13,17)   =         3.123512         178.964079
	 D(16,14,13,17)   =        -0.015307          -0.877038
	 D(16,14,15,28)   =         0.007993           0.457953
	 D(17,13,12,27)   =         0.011883           0.680838
	 D(17,18,19,20)   =         1.452956          83.248267
	 D(17,18,19,30)   =        -2.758160        -158.030900
	 D(17,18,19,31)   =        -0.695791         -39.865891
	 D(17,18,22,21)   =        -1.279061         -73.284816
	 D(17,18,22,36)   =         0.867619          49.710887
	 D(17,18,22,37)   =         2.950825         169.069820
	 D(18,19,20,21)   =         0.244484          14.007879
	 D(18,19,20,32)   =        -1.856673        -106.379516
	 D(18,19,20,33)   =         2.354673         134.912829
	 D(18,22,21,20)   =        -0.551651         -31.607253
	 D(18,22,21,34)   =         1.516930          86.913669
	 D(18,22,21,35)   =        -2.691947        -154.237193
	 D(19,18,22,21)   =         0.704941          40.390128
	 D(19,18,22,36)   =         2.851621         163.385831
	 D(19,18,22,37)   =        -1.348358         -77.255236
	 D(19,20,21,22)   =         0.189657          10.866519
	 D(19,20,21,34)   =        -1.872484        -107.285427
	 D(19,20,21,35)   =         2.322897         133.092167
	 D(20,19,18,22)   =        -0.587145         -33.640930
	 D(20,19,18,29)   =        -2.741754        -157.090946
	 D(20,21,22,36)   =        -2.699965        -154.696592
	 D(20,21,22,37)   =         1.472755          84.382665
	 D(21,20,19,30)   =        -1.801672        -103.228188
	 D(21,20,19,31)   =         2.366084         135.566653
	 D(21,22,18,29)   =         2.838104         162.611370
	 D(22,18,19,30)   =         1.484924          85.079902
	 D(22,18,19,31)   =        -2.735892        -156.755088
	 D(22,21,20,32)   =         2.293646         131.416248
	 D(22,21,20,33)   =        -1.912236        -109.563047
	 D(26,11,12,27)   =        -0.018196          -1.042558
	 D(29,18,19,30)   =        -0.669685         -38.370113
	 D(29,18,19,31)   =         1.392684          79.794896
	 D(29,18,22,36)   =        -1.298402         -74.392927
	 D(29,18,22,37)   =         0.784805          44.966005
	 D(30,19,20,32)   =         2.380357         136.384417
	 D(30,19,20,33)   =         0.308518          17.676763
	 D(31,19,20,32)   =         0.264928          15.179258
	 D(31,19,20,33)   =        -1.806911        -103.528397
	 D(32,20,21,34)   =         0.231506          13.264302
	 D(32,20,21,35)   =        -1.856299        -106.358105
	 D(33,20,21,34)   =         2.308809         132.285007
	 D(33,20,21,35)   =         0.221004          12.662601
	 D(34,21,22,36)   =        -0.631385         -36.175670
	 D(34,21,22,37)   =        -2.741850        -157.096413
	 D(35,21,22,36)   =         1.442924          82.673468
	 D(35,21,22,37)   =        -0.667541         -38.247275


	        --- Internal Coordinate Step in ANG or DEG, aJ/ANG or AJ/DEG ---
	-------------------------------------------------------------------------------
	           Coordinate      Previous         Force          Change          New 
	           ----------      --------        ------          ------        ------
	              H(5,24)       2.03651       -0.00010       -0.00013       2.03639
	              H(8,25)       2.27145        0.00006       -0.00008       2.27136
	               R(1,2)       1.32240       -0.00030       -0.00028       1.32212
	               R(1,6)       1.31931        0.00029        0.00030       1.31962
	               R(2,3)       1.39780        0.00034        0.00033       1.39813
	              R(2,10)       1.48340        0.00013        0.00006       1.48346
	               R(3,4)       1.37611       -0.00024       -0.00028       1.37584
	              R(3,23)       1.06882       -0.00006       -0.00003       1.06879
	               R(4,5)       1.32202        0.00032        0.00030       1.32232
	               R(4,7)       1.50855       -0.00012       -0.00008       1.50847
	               R(5,6)       1.31194       -0.00033       -0.00033       1.31161
	              R(6,24)       1.07507        0.00008       -0.00000       1.07507
	               R(7,8)       1.18124        0.00005        0.00001       1.18125
	               R(7,9)       1.33007       -0.00004        0.00002       1.33009
	              R(9,25)       0.94798        0.00008        0.00001       0.94799
	             R(10,11)       1.38607        0.00008        0.00003       1.38609
	             R(10,15)       1.39502        0.00025        0.00008       1.39510
	             R(11,12)       1.38384        0.00018        0.00001       1.38384
	             R(11,26)       1.07408       -0.00010       -0.00003       1.07405
	             R(12,13)       1.38943       -0.00032       -0.00004       1.38938
	             R(12,27)       1.07145        0.00002        0.00002       1.07148
	             R(13,14)       1.39995       -0.00032       -0.00002       1.39993
	             R(13,17)       1.33212        0.00080       -0.00003       1.33209
	             R(14,15)       1.37343        0.00003       -0.00002       1.37340
	             R(14,16)       1.73912        0.00001        0.00002       1.73914
	             R(15,28)       1.07161       -0.00005       -0.00002       1.07159
	             R(17,18)       1.42233       -0.00123       -0.00031       1.42202
	             R(18,19)       1.52584       -0.00090       -0.00064       1.52519
	             R(18,22)       1.52767        0.00079       -0.00027       1.52739
	             R(18,29)       1.08353        0.00051        0.00003       1.08355
	             R(19,20)       1.54629        0.00019       -0.00039       1.54590
	             R(19,30)       1.08594       -0.00013       -0.00004       1.08590
	             R(19,31)       1.08252        0.00035        0.00011       1.08263
	             R(20,21)       1.54858        0.00094        0.00104       1.54962
	             R(20,32)       1.08317       -0.00036       -0.00007       1.08309
	             R(20,33)       1.08459       -0.00027       -0.00012       1.08447
	             R(21,22)       1.53640        0.00009        0.00066       1.53706
	             R(21,34)       1.08394       -0.00080       -0.00017       1.08377
	             R(21,35)       1.08426       -0.00010       -0.00000       1.08425
	             R(22,36)       1.08359        0.00013        0.00013       1.08372
	             R(22,37)       1.08762       -0.00005       -0.00010       1.08753
	             B(1,2,3)     119.95839       -0.00000       -0.01158     119.94681
	            B(1,2,10)     117.36646       -0.00000        0.00396     117.37042
	             B(1,6,5)     126.78414       -0.00000        0.00044     126.78458
	            B(1,6,24)     116.44876       -0.00000       -0.01585     116.43291
	             B(2,1,6)     117.90029        0.00000        0.00904     117.90933
	             B(2,3,4)     116.76617        0.00000        0.00430     116.77046
	            B(2,3,23)     122.51862        0.00000        0.00873     122.52734
	           B(2,10,11)     122.46259        0.00000        0.01997     122.48255
	           B(2,10,15)     119.57509       -0.00000       -0.00964     119.56546
	            B(3,2,10)     122.67207        0.00000        0.00801     122.68008
	             B(3,4,5)     122.85192        0.00000        0.00183     122.85375
	             B(3,4,7)     121.44153       -0.00000        0.00381     121.44534
	            B(4,3,23)     120.70481       -0.00000       -0.01267     120.69214
	             B(4,5,6)     115.72971       -0.00000       -0.00386     115.72585
	             B(4,7,8)     124.78382        0.00000        0.00159     124.78541
	             B(4,7,9)     112.17329       -0.00000       -0.00296     112.17033
	             B(5,4,7)     115.70555       -0.00000       -0.00567     115.69988
	            B(5,6,24)     116.76691        0.00000        0.01507     116.78198
	            B(7,9,25)     108.16423       -0.00000       -0.00740     108.15682
	             B(8,7,9)     123.04254        0.00000        0.00072     123.04325
	          B(10,11,12)     121.44181       -0.00000        0.00256     121.44437
	          B(10,11,26)     120.68206        0.00000        0.01662     120.69867
	          B(10,15,14)     120.84190        0.00000        0.00672     120.84862
	          B(10,15,28)     119.60434       -0.00000       -0.00549     119.59884
	          B(11,10,15)     117.96114       -0.00000       -0.01031     117.95083
	          B(11,12,13)     120.63101        0.00000        0.00338     120.63439
	          B(11,12,27)     118.99583       -0.00000        0.00002     118.99584
	          B(12,11,26)     117.86615       -0.00000       -0.01888     117.84727
	          B(12,13,14)     117.87479        0.00000       -0.00086     117.87394
	          B(12,13,17)     125.08671       -0.00000       -0.01535     125.07136
	          B(13,12,27)     120.37313       -0.00000       -0.00338     120.36975
	          B(13,14,15)     121.24524       -0.00000       -0.00128     121.24396
	          B(13,14,16)     119.60347       -0.00000       -0.00287     119.60060
	          B(13,17,18)     122.43914        0.00000       -0.01216     122.42698
	          B(14,13,17)     117.03303        0.00000        0.01675     117.04978
	          B(14,15,28)     119.55372       -0.00000       -0.00123     119.55250
	          B(15,14,16)     119.15111        0.00000        0.00415     119.15526
	          B(17,18,19)     106.36890       -0.00001       -0.04258     106.32632
	          B(17,18,22)     110.87333        0.00000       -0.03645     110.83688
	          B(17,18,29)     109.44584       -0.00001        0.02089     109.46673
	          B(18,19,20)     105.60719        0.00000       -0.22001     105.38718
	          B(18,19,30)     108.49231       -0.00001       -0.09013     108.40218
	          B(18,19,31)     110.88401        0.00001        0.18874     111.07275
	          B(18,22,21)     103.69140       -0.00000       -0.02347     103.66793
	          B(18,22,36)     113.26016        0.00001        0.04493     113.30509
	          B(18,22,37)     108.33788       -0.00001       -0.04706     108.29083
	          B(19,18,22)     103.47747        0.00000       -0.14155     103.33592
	          B(19,18,29)     112.22728        0.00000        0.09689     112.32418
	          B(19,20,21)     105.94403       -0.00000       -0.03964     105.90440
	          B(19,20,32)     111.05620       -0.00000       -0.11663     110.93957
	          B(19,20,33)     110.67766       -0.00000        0.10955     110.78721
	          B(20,19,30)     110.70725       -0.00000       -0.00732     110.69993
	          B(20,19,31)     113.30914        0.00000        0.10070     113.40984
	          B(20,21,22)     105.38908       -0.00000        0.03523     105.42432
	          B(20,21,34)     110.15803       -0.00000        0.00132     110.15934
	          B(20,21,35)     112.53854        0.00000       -0.00001     112.53853
	          B(21,20,32)     110.80651        0.00000       -0.08416     110.72235
	          B(21,20,33)     111.41034        0.00000        0.13801     111.54834
	          B(21,22,36)     113.11797       -0.00000        0.01970     113.13767
	          B(21,22,37)     110.69856        0.00000        0.00835     110.70691
	          B(22,18,29)     114.08142        0.00000        0.08751     114.16893
	          B(22,21,34)     109.60785        0.00000        0.05895     109.66680
	          B(22,21,35)     111.90992        0.00000       -0.05669     111.85323
	          B(30,19,31)     107.76815       -0.00000        0.01930     107.78744
	          B(32,20,33)     107.00915       -0.00000       -0.00726     107.00189
	          B(34,21,35)     107.24596       -0.00000       -0.03523     107.21074
	          B(36,22,37)     107.65654       -0.00000       -0.00536     107.65119
	           D(1,2,3,4)       1.05143       -0.00000       -0.02450       1.02693
	          D(1,2,3,23)    -177.78168       -0.00000       -0.04463    -177.82631
	         D(1,2,10,11)    -162.42161        0.00000       -0.27361    -162.69522
	         D(1,2,10,15)      17.17512       -0.00000       -0.26980      16.90532
	           D(1,6,5,4)       0.68506        0.00000        0.02979       0.71484
	           D(2,1,6,5)      -0.14850       -0.00000       -0.04856      -0.19706
	          D(2,1,6,24)    -179.98210        0.00000        0.05940    -179.92270
	           D(2,3,4,5)      -0.50850        0.00000        0.00607      -0.50243
	           D(2,3,4,7)    -180.12922       -0.00000        0.01154    -180.11769
	        D(2,10,11,12)     180.01186       -0.00000       -0.01039     180.00147
	        D(2,10,11,26)       1.18599       -0.00000       -0.02784       1.15815
	        D(2,10,15,14)     179.62070        0.00000        0.01925     179.63995
	        D(2,10,15,28)      -0.30676        0.00000        0.01906      -0.28770
	           D(3,2,1,6)      -0.75267        0.00000        0.04351      -0.70917
	         D(3,2,10,11)      18.21751       -0.00000       -0.31498      17.90253
	         D(3,2,10,15)    -162.18576       -0.00000       -0.31117    -162.49693
	           D(3,4,5,6)      -0.31103       -0.00000       -0.00756      -0.31859
	           D(3,4,7,8)     179.68379       -0.00001        0.09041     179.77420
	           D(3,4,7,9)      -0.52511        0.00001       -0.05717      -0.58228
	          D(4,3,2,10)    -179.60369        0.00000        0.01800    -179.58570
	          D(4,5,6,24)    -179.48181       -0.00000       -0.07855    -179.56036
	          D(4,7,9,25)     179.93022       -0.00001        0.08005     180.01027
	          D(5,4,3,23)     178.34713        0.00000        0.02607     178.37320
	           D(5,4,7,8)       0.03740       -0.00001        0.09548       0.13288
	           D(5,4,7,9)    -180.17150        0.00001       -0.05210    -180.22360
	          D(6,1,2,10)     179.86829        0.00000        0.00320     179.87148
	           D(6,5,4,7)     179.32985        0.00000       -0.01271     179.31714
	          D(7,4,3,23)      -1.27359       -0.00000        0.03153      -1.24206
	          D(8,7,9,25)      -0.27446        0.00001       -0.06454      -0.33900
	         D(10,2,3,23)       1.56320       -0.00000       -0.00213       1.56106
	       D(10,11,12,13)       0.03201       -0.00000       -0.01015       0.02186
	       D(10,11,12,27)    -179.90035        0.00000       -0.03463    -179.93498
	       D(10,15,14,13)       0.68863       -0.00000       -0.00790       0.68074
	       D(10,15,14,16)    -179.46955       -0.00000       -0.00466    -179.47420
	       D(11,10,15,14)      -0.76452        0.00000        0.02301      -0.74151
	       D(11,10,15,28)     179.30802       -0.00000        0.02282     179.33084
	       D(11,12,13,14)      -0.12870       -0.00000        0.02507      -0.10363
	       D(11,12,13,17)    -179.25058        0.00000       -0.02005    -179.27063
	       D(12,11,10,15)       0.40894        0.00000       -0.01414       0.39480
	       D(12,13,14,15)      -0.22924        0.00000       -0.01622      -0.24546
	       D(12,13,14,16)     179.92964        0.00000       -0.01949     179.91016
	       D(12,13,17,18)      -2.72676       -0.00000        0.33445      -2.39231
	       D(13,12,11,26)     178.88980       -0.00000        0.00722     178.89702
	       D(13,14,15,28)    -179.38387       -0.00000       -0.00772    -179.39158
	       D(13,17,18,19)     168.14903       -0.00000       -0.04611     168.10292
	       D(13,17,18,22)     -80.01338       -0.00000       -0.25090     -80.26428
	       D(13,17,18,29)      46.69499        0.00000       -0.14876      46.54624
	       D(14,13,12,27)     179.80272       -0.00000        0.04989     179.85261
	       D(14,13,17,18)     178.14468        0.00000        0.28981     178.43449
	       D(15,10,11,26)    -178.41693        0.00000       -0.03159    -178.44852
	       D(15,14,13,17)     178.96408        0.00000        0.02496     178.98904
	       D(16,14,13,17)      -0.87704       -0.00000        0.02170      -0.85534
	       D(16,14,15,28)       0.45795        0.00000       -0.00448       0.45348
	       D(17,13,12,27)       0.68084       -0.00000        0.00478       0.68561
	       D(17,18,19,20)      83.24827        0.00001       -1.39335      81.85491
	       D(17,18,19,30)    -158.03090        0.00000       -1.56371    -159.59461
	       D(17,18,19,31)     -39.86589       -0.00000       -1.48526     -41.35115
	       D(17,18,22,21)     -73.28482        0.00000        0.51674     -72.76808
	       D(17,18,22,36)      49.71089        0.00000        0.55079      50.26168
	       D(17,18,22,37)     169.06982        0.00000        0.54002     169.60984
	       D(18,19,20,21)      14.00788       -0.00000        1.65714      15.66501
	       D(18,19,20,32)    -106.37952       -0.00000        1.84756    -104.53195
	       D(18,19,20,33)     134.91283       -0.00000        1.86083     136.77366
	       D(18,22,21,20)     -31.60725        0.00000        0.67798     -30.92928
	       D(18,22,21,34)      86.91367        0.00000        0.72905      87.64272
	       D(18,22,21,35)    -154.23719        0.00000        0.68809    -153.54910
	       D(19,18,22,21)      40.39013       -0.00000        0.37854      40.76867
	       D(19,18,22,36)     163.38583       -0.00000        0.41260     163.79843
	       D(19,18,22,37)     -77.25524       -0.00000        0.40183     -76.85341
	       D(19,20,21,22)      10.86652        0.00000       -1.43135       9.43517
	       D(19,20,21,34)    -107.28543        0.00000       -1.52152    -108.80694
	       D(19,20,21,35)     133.09217        0.00000       -1.47778     131.61438
	       D(20,19,18,22)     -33.64093        0.00000       -1.27118     -34.91211
	       D(20,19,18,29)    -157.09095       -0.00000       -1.33967    -158.43061
	       D(20,21,22,36)    -154.69659       -0.00001        0.62731    -154.06928
	       D(20,21,22,37)      84.38267       -0.00000        0.61446      84.99712
	       D(21,20,19,30)    -103.22819        0.00001        1.89207    -101.33612
	       D(21,20,19,31)     135.56665        0.00001        1.80151     137.36816
	       D(21,22,18,29)     162.61137        0.00000        0.45111     163.06248
	       D(22,18,19,30)      85.07990       -0.00000       -1.44153      83.63837
	       D(22,18,19,31)    -156.75509       -0.00000       -1.36308    -158.11817
	       D(22,21,20,32)     131.41625        0.00000       -1.64250     129.77375
	       D(22,21,20,33)    -109.56305        0.00000       -1.61722    -111.18027
	       D(26,11,12,27)      -1.04256        0.00000       -0.01726      -1.05982
	       D(29,18,19,30)     -38.37011       -0.00001       -1.51002     -39.88013
	       D(29,18,19,31)      79.79490       -0.00001       -1.43157      78.36333
	       D(29,18,22,36)     -74.39293        0.00000        0.48517     -73.90776
	       D(29,18,22,37)      44.96601        0.00000        0.47440      45.44041
	       D(30,19,20,32)     136.38442        0.00001        2.08250     138.46691
	       D(30,19,20,33)      17.67676        0.00001        2.09576      19.77252
	       D(31,19,20,32)      15.17926        0.00001        1.99193      17.17119
	       D(31,19,20,33)    -103.52840        0.00001        2.00519    -101.52320
	       D(32,20,21,34)      13.26430       -0.00000       -1.73266      11.53164
	       D(32,20,21,35)    -106.35811        0.00000       -1.68893    -108.04704
	       D(33,20,21,34)     132.28501       -0.00000       -1.70739     130.57762
	       D(33,20,21,35)      12.66260        0.00000       -1.66365      10.99895
	       D(34,21,22,36)     -36.17567       -0.00001        0.67839     -35.49728
	       D(34,21,22,37)    -157.09641       -0.00000        0.66554    -156.43087
	       D(35,21,22,36)      82.67347       -0.00000        0.63743      83.31090
	       D(35,21,22,37)     -38.24728       -0.00000        0.62458     -37.62270
	-------------------------------------------------------------------------------

	                                 ==> Convergence Check <==                                  
    
	Measures of convergence in internal coordinates in au.
    
	Criteria marked as inactive (o), active & met (*), and active & unmet ( ).

	----------------------------------------------------------------------------------------------
	   Step    Total Energy     Delta E     Max Force     RMS Force      Max Disp      RMS Disp   
	----------------------------------------------------------------------------------------------
	  Convergence Criteria     1.00e-06 *    3.00e-04 *             o    1.20e-03 *             o
	----------------------------------------------------------------------------------------------
	     6   -1407.64297406   -1.92e-04      1.61e-04 *    4.66e-05 o    3.66e-02      1.09e-02 o  ~
	----------------------------------------------------------------------------------------------

Next Geometry in Ang 
	Fragment 1 (Ang)

	    N  -2.1705351974   2.2249434461  -0.7773072627
	    C  -1.9903926242   0.9231054575  -0.6332046066
	    C  -3.0827992932   0.0542244987  -0.7136375684
	    C  -4.3098056367   0.6230911492  -0.9661820272
	    N  -4.4787422698   1.9255743700  -1.1195736669
	    C  -3.3956000253   2.6570237957  -1.0094916378
	    C  -5.5584380506  -0.2160319349  -1.0769793993
	    O  -6.6399433588   0.2096532403  -1.2878785715
	    O  -5.3078512744  -1.5123992175  -0.9164636288
	    C  -0.6081210275   0.4502687302  -0.3755328188
	    C  -0.2283463198  -0.8710618218  -0.5519272395
	    C   1.0676163443  -1.2888342504  -0.3050135359
	    C   2.0311599008  -0.3875565998   0.1304916091
	    C   1.6469558133   0.9470517294   0.3066229374
	    C   0.3610565885   1.3575387520   0.0532419404
	   Cl   2.8164370424   2.1127725221   0.8525347026
	    O   3.3041540609  -0.6895781022   0.3809336607
	    C   3.8094474940  -2.0142263088   0.2708628617
	    C   5.3289203212  -1.9004266377   0.3376850643
	    C   5.6671391840  -1.8027213262   1.8429678981
	    C   4.3928952207  -2.2628400904   2.5952475467
	    C   3.4625210456  -2.8329963068   1.5127117427
	    H  -2.9897900064  -1.0007664541  -0.5698961861
	    H  -3.5147305244   3.7193212303  -1.1239906511
	    H  -6.1264757021  -1.9836700163  -0.9967141226
	    H  -0.9324146440  -1.6015752936  -0.9043653384
	    H   1.3186028427  -2.3195895660  -0.4553903916
	    H   0.0989229083   2.3878212983   0.1878464394
	    H   3.4701646309  -2.4539862785  -0.6595057933
	    H   5.7593086782  -2.7986484715  -0.0949102233
	    H   5.6816020986  -1.0542373344  -0.2382261729
	    H   5.9278398457  -0.7875514675   2.1160236799
	    H   6.5205509084  -2.4258200160   2.0869237223
	    H   3.9169799083  -1.4162790032   3.0762835573
	    H   4.6072482018  -2.9922928847   3.3682648637
	    H   2.4140059203  -2.7806500652   1.7816411845
	    H   3.6997678848  -3.8751175237   1.3116917218


    Structure for next step:
    Molecular point group: c1
    Full point group: C1

    Geometry (in Angstrom), charge = 0, multiplicity = 1:

    N           -2.171599827213     2.225537242838    -0.777477952984
    C           -1.991457254020     0.923699254182    -0.633375296912
    C           -3.083863923002     0.054818295437    -0.713808258695
    C           -4.310870266557     0.623684945898    -0.966352717483
    N           -4.479806899635     1.926168166669    -1.119744357169
    C           -3.396664655092     2.657617592379    -1.009662328053
    C           -5.559502680414    -0.215438138243    -1.077150089593
    O           -6.641007988685     0.210247037003    -1.288049261825
    O           -5.308915904213    -1.511805420832    -0.916634319072
    C           -0.609185657320     0.450862526890    -0.375703509107
    C           -0.229410949655    -0.870468025145    -0.552097929739
    C            1.066551714427    -1.288240453701    -0.305184226211
    C            2.030095270988    -0.386962803078     0.130320918820
    C            1.645891183487     0.947645526043     0.306452247162
    C            0.359991958616     1.358132548657     0.053071250069
    CL           2.815372412604     2.113366318776     0.852364012299
    O            3.303089431092    -0.688984305526     0.380762970367
    C            3.808382864181    -2.013632512072     0.270692171372
    C            5.327855691375    -1.899832841050     0.337514374049
    C            5.666074554210    -1.802127529482     1.842797207823
    C            4.391830590862    -2.262246293715     2.595076856449
    C            3.461456415713    -2.832402510103     1.512541052460
    H           -2.990854636208    -1.000172657401    -0.570066876408
    H           -3.515795154283     3.719915026969    -1.124161341400
    H           -6.127540331975    -1.983076219577    -0.996884812852
    H           -0.933479273841    -1.600981496928    -0.904536028711
    H            1.317538212890    -2.318995769353    -0.455561081870
    H            0.097858278472     2.388415094969     0.187675749081
    H            3.469100001052    -2.453392481799    -0.659676483596
    H            5.758244048408    -2.798054674797    -0.095080913551
    H            5.680537468801    -1.053643537754    -0.238396863148
    H            5.926775215891    -0.786957670778     2.115852989584
    H            6.519486278560    -2.425226219344     2.086753032015
    H            3.915915278452    -1.415685206470     3.076112866967
    H            4.606183571939    -2.991699088042     3.368094173462
    H            2.412941290414    -2.780056268520     1.781470494212
    H            3.698703254994    -3.874523726970     1.311521031496


Scratch directory: /tmp/
gradient() will perform analytic gradient computation.
   => Libint2 <=

    Primary   basis highest AM E, G, H:  6, 6, 3
    Auxiliary basis highest AM E, G, H:  7, 7, 4
    Onebody   basis highest AM E, G, H:  -, -, -
    Solid Harmonics ordering:            Gaussian

*** tstart() called on gunsnroses
*** at Thu Jan 23 19:46:58 2025

   => Loading Basis Set <=

    Name: 6-31G**
    Role: ORBITAL
    Keyword: BASIS
    atoms 1, 5                   entry N          line   132 file /home/joaopedroval/miniforge3/envs/PubChem/share/psi4/basis/6-31gss.gbs 
    atoms 2-4, 6-7, 10-15, 18-22 entry C          line   115 file /home/joaopedroval/miniforge3/envs/PubChem/share/psi4/basis/6-31gss.gbs 
    atoms 8-9, 17                entry O          line   149 file /home/joaopedroval/miniforge3/envs/PubChem/share/psi4/basis/6-31gss.gbs 
    atoms 16                     entry CL         line   344 file /home/joaopedroval/miniforge3/envs/PubChem/share/psi4/basis/6-31gss.gbs 
    atoms 23-37                  entry H          line    44 file /home/joaopedroval/miniforge3/envs/PubChem/share/psi4/basis/6-31gss.gbs 


         ---------------------------------------------------------
                                   SCF
               by Justin Turney, Rob Parrish, Andy Simmonett
                          and Daniel G. A. Smith
                              RHF Reference
                        8 Threads,  22888 MiB Core
         ---------------------------------------------------------

  ==> Geometry <==

    Molecular point group: c1
    Full point group: C1

    Geometry (in Angstrom), charge = 0, multiplicity = 1:

       Center              X                  Y                   Z               Mass       
    ------------   -----------------  -----------------  -----------------  -----------------
         N           -2.171599827213     2.225537242838    -0.777477952984    14.003074004430
         C           -1.991457254020     0.923699254182    -0.633375296912    12.000000000000
         C           -3.083863923002     0.054818295437    -0.713808258695    12.000000000000
         C           -4.310870266557     0.623684945898    -0.966352717483    12.000000000000
         N           -4.479806899635     1.926168166669    -1.119744357169    14.003074004430
         C           -3.396664655092     2.657617592379    -1.009662328053    12.000000000000
         C           -5.559502680414    -0.215438138243    -1.077150089593    12.000000000000
         O           -6.641007988685     0.210247037003    -1.288049261825    15.994914619570
         O           -5.308915904213    -1.511805420832    -0.916634319072    15.994914619570
         C           -0.609185657320     0.450862526890    -0.375703509107    12.000000000000
         C           -0.229410949655    -0.870468025145    -0.552097929739    12.000000000000
         C            1.066551714427    -1.288240453701    -0.305184226211    12.000000000000
         C            2.030095270988    -0.386962803078     0.130320918820    12.000000000000
         C            1.645891183487     0.947645526043     0.306452247162    12.000000000000
         C            0.359991958616     1.358132548657     0.053071250069    12.000000000000
         CL           2.815372412604     2.113366318776     0.852364012299    34.968852682000
         O            3.303089431092    -0.688984305526     0.380762970367    15.994914619570
         C            3.808382864181    -2.013632512072     0.270692171372    12.000000000000
         C            5.327855691375    -1.899832841050     0.337514374049    12.000000000000
         C            5.666074554210    -1.802127529482     1.842797207823    12.000000000000
         C            4.391830590862    -2.262246293715     2.595076856449    12.000000000000
         C            3.461456415713    -2.832402510103     1.512541052460    12.000000000000
         H           -2.990854636208    -1.000172657401    -0.570066876408     1.007825032230
         H           -3.515795154283     3.719915026969    -1.124161341400     1.007825032230
         H           -6.127540331975    -1.983076219577    -0.996884812852     1.007825032230
         H           -0.933479273841    -1.600981496928    -0.904536028711     1.007825032230
         H            1.317538212890    -2.318995769353    -0.455561081870     1.007825032230
         H            0.097858278472     2.388415094969     0.187675749081     1.007825032230
         H            3.469100001052    -2.453392481799    -0.659676483596     1.007825032230
         H            5.758244048408    -2.798054674797    -0.095080913551     1.007825032230
         H            5.680537468801    -1.053643537754    -0.238396863148     1.007825032230
         H            5.926775215891    -0.786957670778     2.115852989584     1.007825032230
         H            6.519486278560    -2.425226219344     2.086753032015     1.007825032230
         H            3.915915278452    -1.415685206470     3.076112866967     1.007825032230
         H            4.606183571939    -2.991699088042     3.368094173462     1.007825032230
         H            2.412941290414    -2.780056268520     1.781470494212     1.007825032230
         H            3.698703254994    -3.874523726970     1.311521031496     1.007825032230

  Running in c1 symmetry.

  Rotational constants: A =      0.02080  B =      0.00338  C =      0.00300 [cm^-1]
  Rotational constants: A =    623.70526  B =    101.45333  C =     89.88998 [MHz]
  Nuclear repulsion = 1807.916084484056455

  Charge       = 0
  Multiplicity = 1
  Electrons    = 166
  Nalpha       = 83
  Nbeta        = 83

  ==> Algorithm <==

  SCF Algorithm Type is DF.
  DIIS enabled.
  MOM disabled.
  Fractional occupation disabled.
  Guess Type is READ.
  Energy threshold   = 1.00e-08
  Density threshold  = 1.00e-08
  Integral threshold = 1.00e-12

  ==> Primary Basis <==

  Basis Set: 6-31G**
    Blend: 6-31G**
    Number of shells: 179
    Number of basis functions: 409
    Number of Cartesian functions: 409
    Spherical Harmonics?: false
    Max angular momentum: 2

   => Loading Basis Set <=

    Name: (6-31G** AUX)
    Role: JKFIT
    Keyword: DF_BASIS_SCF
    atoms 1, 5                   entry N          line   171 file /home/joaopedroval/miniforge3/envs/PubChem/share/psi4/basis/cc-pvdz-jkfit.gbs 
    atoms 2-4, 6-7, 10-15, 18-22 entry C          line   121 file /home/joaopedroval/miniforge3/envs/PubChem/share/psi4/basis/cc-pvdz-jkfit.gbs 
    atoms 8-9, 17                entry O          line   221 file /home/joaopedroval/miniforge3/envs/PubChem/share/psi4/basis/cc-pvdz-jkfit.gbs 
    atoms 16                     entry CL         line   667 file /home/joaopedroval/miniforge3/envs/PubChem/share/psi4/basis/cc-pvdz-jkfit.gbs 
    atoms 23-37                  entry H          line    51 file /home/joaopedroval/miniforge3/envs/PubChem/share/psi4/basis/cc-pvdz-jkfit.gbs 

   => Loading Basis Set <=

    Name: 6-31G**
    Role: ORBITAL
    Keyword: BASIS
    atoms 1, 5                   entry N          line   132 file /home/joaopedroval/miniforge3/envs/PubChem/share/psi4/basis/6-31gss.gbs 
    atoms 2-4, 6-7, 10-15, 18-22 entry C          line   115 file /home/joaopedroval/miniforge3/envs/PubChem/share/psi4/basis/6-31gss.gbs 
    atoms 8-9, 17                entry O          line   149 file /home/joaopedroval/miniforge3/envs/PubChem/share/psi4/basis/6-31gss.gbs 
    atoms 16                     entry CL         line   344 file /home/joaopedroval/miniforge3/envs/PubChem/share/psi4/basis/6-31gss.gbs 
    atoms 23-37                  entry H          line    44 file /home/joaopedroval/miniforge3/envs/PubChem/share/psi4/basis/6-31gss.gbs 

  Reading orbitals from file /tmp/stdout.default.8009.180.npy, no projection.

  ==> Integral Setup <==

  DFHelper Memory: AOs need 1.744 GiB; user supplied 16.764 GiB. 
  Using in-core AOs.

  ==> MemDFJK: Density-Fitted J/K Matrices <==

    J tasked:                   Yes
    K tasked:                   Yes
    wK tasked:                   No
    OpenMP threads:               8
    Memory [MiB]:             17166
    Algorithm:                 Core
    Schwarz Cutoff:           1E-12
    Mask sparsity (%):      39.6255
    Fitting Condition:        1E-10

   => Auxiliary Basis Set <=

  Basis Set: (6-31G** AUX)
    Blend: CC-PVDZ-JKFIT
    Number of shells: 675
    Number of basis functions: 2206
    Number of Cartesian functions: 2206
    Spherical Harmonics?: false
    Max angular momentum: 3

  Minimum eigenvalue in the overlap matrix is 3.5454310490E-04.
  Reciprocal condition number of the overlap matrix is 4.4072681372E-05.
    Using symmetric orthogonalization.

  ==> Pre-Iterations <==

  SCF Guess: Orbitals guess was supplied from a previous computation.

   -------------------------------------------------------
    Irrep   Nso     Nmo     Nalpha   Nbeta   Ndocc  Nsocc
   -------------------------------------------------------
     A        409     409      83      83      83       0
   -------------------------------------------------------
    Total     409     409      83      83      83       0
   -------------------------------------------------------

  ==> Iterations <==

                           Total Energy        Delta E     RMS |[F,P]|

   @DF-RHF iter   0: -1407.64196970780108   -1.40764e+03   8.82993e-05 
   @DF-RHF iter   1: -1407.64293599902567   -9.66291e-04   1.77053e-05 DIIS
   @DF-RHF iter   2: -1407.64298574843474   -4.97494e-05   5.85391e-06 DIIS
   @DF-RHF iter   3: -1407.64299252077444   -6.77234e-06   1.57284e-06 DIIS
   @DF-RHF iter   4: -1407.64299280015530   -2.79381e-07   4.09546e-07 DIIS
   @DF-RHF iter   5: -1407.64299284045433   -4.02990e-08   1.89499e-07 DIIS
   @DF-RHF iter   6: -1407.64299284823323   -7.77891e-09   8.85462e-08 DIIS
   @DF-RHF iter   7: -1407.64299285125117   -3.01793e-09   3.43206e-08 DIIS
   @DF-RHF iter   8: -1407.64299285175184   -5.00677e-10   1.53551e-08 DIIS
   @DF-RHF iter   9: -1407.64299285182233   -7.04858e-11   5.77250e-09 DIIS
  Energy and wave function converged.


  ==> Post-Iterations <==

    Orbital Energies [Eh]
    ---------------------

    Doubly Occupied:                                                      

       1A   -104.822766     2A    -20.630924     3A    -20.603446  
       4A    -20.567410     5A    -15.581739     6A    -15.580799  
       7A    -11.399246     8A    -11.329870     9A    -11.318174  
      10A    -11.318136    11A    -11.313561    12A    -11.299544  
      13A    -11.298113    14A    -11.263458    15A    -11.260068  
      16A    -11.258073    17A    -11.255771    18A    -11.248995  
      19A    -11.230389    20A    -11.226738    21A    -11.222923  
      22A    -11.221803    23A    -10.555738    24A     -8.025201  
      25A     -8.021777    26A     -8.021743    27A     -1.493711  
      28A     -1.438138    29A     -1.384850    30A     -1.336428  
      31A     -1.223551    32A     -1.193726    33A     -1.134441  
      34A     -1.128458    35A     -1.098031    36A     -1.040668  
      37A     -1.011347    38A     -0.980598    39A     -0.977594  
      40A     -0.948097    41A     -0.913986    42A     -0.874791  
      43A     -0.851714    44A     -0.817252    45A     -0.793666  
      46A     -0.788241    47A     -0.754250    48A     -0.736021  
      49A     -0.729748    50A     -0.706016    51A     -0.687763  
      52A     -0.675543    53A     -0.670434    54A     -0.664172  
      55A     -0.655302    56A     -0.648748    57A     -0.635710  
      58A     -0.628433    59A     -0.616776    60A     -0.597633  
      61A     -0.595248    62A     -0.590694    63A     -0.578974  
      64A     -0.562707    65A     -0.552629    66A     -0.532344  
      67A     -0.525232    68A     -0.506717    69A     -0.497795  
      70A     -0.490064    71A     -0.481433    72A     -0.478901  
      73A     -0.476878    74A     -0.474436    75A     -0.471897  
      76A     -0.465210    77A     -0.459679    78A     -0.447313  
      79A     -0.428562    80A     -0.421277    81A     -0.391307  
      82A     -0.349365    83A     -0.313133  

    Virtual:                                                              

      84A      0.059066    85A      0.090808    86A      0.123396  
      87A      0.169590    88A      0.203112    89A      0.214591  
      90A      0.221484    91A      0.238975    92A      0.242630  
      93A      0.243325    94A      0.265234    95A      0.290285  
      96A      0.291637    97A      0.295345    98A      0.310504  
      99A      0.318579   100A      0.321996   101A      0.324627  
     102A      0.334016   103A      0.337752   104A      0.344682  
     105A      0.352095   106A      0.362594   107A      0.380809  
     108A      0.388895   109A      0.396809   110A      0.403643  
     111A      0.414624   112A      0.418536   113A      0.430445  
     114A      0.447071   115A      0.450539   116A      0.467733  
     117A      0.484657   118A      0.494186   119A      0.505606  
     120A      0.509335   121A      0.519389   122A      0.524821  
     123A      0.540855   124A      0.568702   125A      0.583790  
     126A      0.595381   127A      0.628824   128A      0.638749  
     129A      0.642646   130A      0.656554   131A      0.667762  
     132A      0.694205   133A      0.710022   134A      0.711877  
     135A      0.724259   136A      0.735877   137A      0.738163  
     138A      0.744449   139A      0.750148   140A      0.751052  
     141A      0.755877   142A      0.770344   143A      0.779065  
     144A      0.792170   145A      0.802158   146A      0.806706  
     147A      0.813471   148A      0.825804   149A      0.829252  
     150A      0.839830   151A      0.852319   152A      0.859471  
     153A      0.876469   154A      0.884437   155A      0.891604  
     156A      0.893930   157A      0.905849   158A      0.917493  
     159A      0.918143   160A      0.923206   161A      0.933407  
     162A      0.938609   163A      0.950917   164A      0.958542  
     165A      0.964953   166A      0.969756   167A      0.981763  
     168A      0.989422   169A      1.012765   170A      1.023234  
     171A      1.024871   172A      1.033724   173A      1.039642  
     174A      1.050942   175A      1.060457   176A      1.068947  
     177A      1.071496   178A      1.076644   179A      1.083909  
     180A      1.096249   181A      1.102606   182A      1.110777  
     183A      1.116802   184A      1.125484   185A      1.129557  
     186A      1.136120   187A      1.141969   188A      1.151370  
     189A      1.154714   190A      1.157118   191A      1.162287  
     192A      1.165546   193A      1.174072   194A      1.177847  
     195A      1.189034   196A      1.195015   197A      1.199330  
     198A      1.206623   199A      1.213787   200A      1.217261  
     201A      1.223167   202A      1.241963   203A      1.261536  
     204A      1.270043   205A      1.297406   206A      1.305778  
     207A      1.310831   208A      1.332108   209A      1.350787  
     210A      1.364327   211A      1.375355   212A      1.404261  
     213A      1.422263   214A      1.435016   215A      1.444829  
     216A      1.452211   217A      1.465672   218A      1.472820  
     219A      1.501022   220A      1.505779   221A      1.509045  
     222A      1.533140   223A      1.540661   224A      1.554810  
     225A      1.566364   226A      1.589036   227A      1.615001  
     228A      1.620872   229A      1.632716   230A      1.642314  
     231A      1.653923   232A      1.656549   233A      1.669854  
     234A      1.680109   235A      1.696634   236A      1.708066  
     237A      1.730764   238A      1.736061   239A      1.773345  
     240A      1.786309   241A      1.792431   242A      1.803601  
     243A      1.817679   244A      1.821236   245A      1.830179  
     246A      1.840200   247A      1.856957   248A      1.898885  
     249A      1.923049   250A      1.925895   251A      1.940873  
     252A      1.952618   253A      1.988209   254A      2.013531  
     255A      2.026709   256A      2.030939   257A      2.041074  
     258A      2.053226   259A      2.055003   260A      2.073665  
     261A      2.079571   262A      2.090754   263A      2.093694  
     264A      2.118039   265A      2.145950   266A      2.149183  
     267A      2.163698   268A      2.168455   269A      2.180808  
     270A      2.186445   271A      2.209960   272A      2.216280  
     273A      2.227073   274A      2.239399   275A      2.250418  
     276A      2.265134   277A      2.273041   278A      2.277984  
     279A      2.290551   280A      2.298055   281A      2.311037  
     282A      2.323407   283A      2.325233   284A      2.339205  
     285A      2.349045   286A      2.369838   287A      2.379203  
     288A      2.392585   289A      2.405427   290A      2.412416  
     291A      2.417896   292A      2.442243   293A      2.473075  
     294A      2.489900   295A      2.504084   296A      2.512989  
     297A      2.524337   298A      2.547789   299A      2.558487  
     300A      2.578931   301A      2.588331   302A      2.594695  
     303A      2.597060   304A      2.610025   305A      2.614240  
     306A      2.625163   307A      2.634697   308A      2.652095  
     309A      2.660217   310A      2.662750   311A      2.680960  
     312A      2.685938   313A      2.702553   314A      2.710689  
     315A      2.726634   316A      2.735229   317A      2.737922  
     318A      2.751559   319A      2.759072   320A      2.783062  
     321A      2.805196   322A      2.818875   323A      2.832053  
     324A      2.836840   325A      2.850454   326A      2.860947  
     327A      2.863446   328A      2.882332   329A      2.886468  
     330A      2.890658   331A      2.895671   332A      2.898783  
     333A      2.915670   334A      2.922248   335A      2.940825  
     336A      2.965199   337A      2.970284   338A      2.977532  
     339A      3.000290   340A      3.014174   341A      3.038652  
     342A      3.043608   343A      3.065849   344A      3.074395  
     345A      3.086756   346A      3.092315   347A      3.096524  
     348A      3.117559   349A      3.127610   350A      3.129842  
     351A      3.134955   352A      3.146369   353A      3.175761  
     354A      3.199101   355A      3.205031   356A      3.221887  
     357A      3.247133   358A      3.261674   359A      3.276194  
     360A      3.283748   361A      3.324584   362A      3.352992  
     363A      3.377178   364A      3.413364   365A      3.442241  
     366A      3.469802   367A      3.544146   368A      3.565469  
     369A      3.572489   370A      3.597706   371A      3.622818  
     372A      3.660710   373A      3.673214   374A      3.678777  
     375A      3.693419   376A      3.741069   377A      3.766072  
     378A      3.776277   379A      3.829256   380A      3.831642  
     381A      3.858485   382A      3.863392   383A      3.878231  
     384A      3.909971   385A      3.977607   386A      4.061416  
     387A      4.184848   388A      4.372970   389A      4.467066  
     390A      4.492036   391A      4.524711   392A      4.552891  
     393A      4.555066   394A      4.576840   395A      4.660581  
     396A      4.709140   397A      4.763866   398A      4.783607  
     399A      4.809457   400A      4.825084   401A      4.844028  
     402A      4.875494   403A      4.911123   404A      5.016695  
     405A      5.081383   406A      5.161396   407A      5.194795  
     408A      5.229730   409A      5.292761  

    Final Occupation by Irrep:
              A 
    DOCC [    83 ]
    NA   [    83 ]
    NB   [    83 ]

  @DF-RHF Final Energy: -1407.64299285182233

   => Energetics <=

    Nuclear Repulsion Energy =           1807.9160844840564550
    One-Electron Energy =               -5521.5100714313139179
    Two-Electron Energy =                2305.9509940954353624
    Total Energy =                      -1407.6429928518223278

Computation Completed


Properties will be evaluated at   0.000000,   0.000000,   0.000000 [a0]

Properties computed using the SCF density matrix


 Multipole Moments:

 ------------------------------------------------------------------------------------
     Multipole            Electronic (a.u.)      Nuclear  (a.u.)        Total (a.u.)
 ------------------------------------------------------------------------------------

 L = 1.  Multiply by 2.5417464519 to convert [e a0] to [Debye]
 Dipole X            :        -24.3875343           25.3704631            0.9829288
 Dipole Y            :         19.7082003          -21.9938678           -2.2856675
 Dipole Z            :         -7.4101945            7.5441144            0.1339199
 Magnitude           :                                                    2.4916580

 ------------------------------------------------------------------------------------

*** tstop() called on gunsnroses at Thu Jan 23 19:47:17 2025
Module time:
	user time   =     118.13 seconds =       1.97 minutes
	system time =       6.15 seconds =       0.10 minutes
	total time  =         19 seconds =       0.32 minutes
Total time:
	user time   =    1220.61 seconds =      20.34 minutes
	system time =      74.24 seconds =       1.24 minutes
	total time  =        216 seconds =       3.60 minutes

*** tstart() called on gunsnroses
*** at Thu Jan 23 19:47:17 2025


         ------------------------------------------------------------
                                   SCF GRAD                          
                          Rob Parrish, Justin Turney,                
                       Andy Simmonett, and Alex Sokolov              
         ------------------------------------------------------------

  ==> Geometry <==

    Molecular point group: c1
    Full point group: C1

    Geometry (in Angstrom), charge = 0, multiplicity = 1:

       Center              X                  Y                   Z               Mass       
    ------------   -----------------  -----------------  -----------------  -----------------
         N           -2.171599827213     2.225537242838    -0.777477952984    14.003074004430
         C           -1.991457254020     0.923699254182    -0.633375296912    12.000000000000
         C           -3.083863923002     0.054818295437    -0.713808258695    12.000000000000
         C           -4.310870266557     0.623684945898    -0.966352717483    12.000000000000
         N           -4.479806899635     1.926168166669    -1.119744357169    14.003074004430
         C           -3.396664655092     2.657617592379    -1.009662328053    12.000000000000
         C           -5.559502680414    -0.215438138243    -1.077150089593    12.000000000000
         O           -6.641007988685     0.210247037003    -1.288049261825    15.994914619570
         O           -5.308915904213    -1.511805420832    -0.916634319072    15.994914619570
         C           -0.609185657320     0.450862526890    -0.375703509107    12.000000000000
         C           -0.229410949655    -0.870468025145    -0.552097929739    12.000000000000
         C            1.066551714427    -1.288240453701    -0.305184226211    12.000000000000
         C            2.030095270988    -0.386962803078     0.130320918820    12.000000000000
         C            1.645891183487     0.947645526043     0.306452247162    12.000000000000
         C            0.359991958616     1.358132548657     0.053071250069    12.000000000000
         CL           2.815372412604     2.113366318776     0.852364012299    34.968852682000
         O            3.303089431092    -0.688984305526     0.380762970367    15.994914619570
         C            3.808382864181    -2.013632512072     0.270692171372    12.000000000000
         C            5.327855691375    -1.899832841050     0.337514374049    12.000000000000
         C            5.666074554210    -1.802127529482     1.842797207823    12.000000000000
         C            4.391830590862    -2.262246293715     2.595076856449    12.000000000000
         C            3.461456415713    -2.832402510103     1.512541052460    12.000000000000
         H           -2.990854636208    -1.000172657401    -0.570066876408     1.007825032230
         H           -3.515795154283     3.719915026969    -1.124161341400     1.007825032230
         H           -6.127540331975    -1.983076219577    -0.996884812852     1.007825032230
         H           -0.933479273841    -1.600981496928    -0.904536028711     1.007825032230
         H            1.317538212890    -2.318995769353    -0.455561081870     1.007825032230
         H            0.097858278472     2.388415094969     0.187675749081     1.007825032230
         H            3.469100001052    -2.453392481799    -0.659676483596     1.007825032230
         H            5.758244048408    -2.798054674797    -0.095080913551     1.007825032230
         H            5.680537468801    -1.053643537754    -0.238396863148     1.007825032230
         H            5.926775215891    -0.786957670778     2.115852989584     1.007825032230
         H            6.519486278560    -2.425226219344     2.086753032015     1.007825032230
         H            3.915915278452    -1.415685206470     3.076112866967     1.007825032230
         H            4.606183571939    -2.991699088042     3.368094173462     1.007825032230
         H            2.412941290414    -2.780056268520     1.781470494212     1.007825032230
         H            3.698703254994    -3.874523726970     1.311521031496     1.007825032230

  Nuclear repulsion = 1807.916084484056455

  ==> Basis Set <==

  Basis Set: 6-31G**
    Blend: 6-31G**
    Number of shells: 179
    Number of basis functions: 409
    Number of Cartesian functions: 409
    Spherical Harmonics?: false
    Max angular momentum: 2

  ==> DFJKGrad: Density-Fitted SCF Gradients <==

    Gradient:                    1
    J tasked:                  Yes
    K tasked:                  Yes
    wK tasked:                  No
    OpenMP threads:              8
    Integrals threads:           8
    Memory [MiB]:            17166
    Schwarz Cutoff:          1E-12
    Fitting Condition:       1E-10

   => Auxiliary Basis Set <=

  Basis Set: (6-31G** AUX)
    Blend: CC-PVDZ-JKFIT
    Number of shells: 675
    Number of basis functions: 2206
    Number of Cartesian functions: 2206
    Spherical Harmonics?: false
    Max angular momentum: 3


  -Total Gradient:
     Atom            X                  Y                   Z
    ------   -----------------  -----------------  -----------------
       1        0.000107195791    -0.000115917815    -0.000045823690
       2        0.000042122825     0.000146065314     0.000069524904
       3       -0.000120424080    -0.000019389040    -0.000035296451
       4        0.000114192803    -0.000166223593    -0.000299849651
       5        0.000082645168     0.000137631155    -0.000063199905
       6       -0.000224958130    -0.000010975515     0.000173425370
       7       -0.000136886417     0.000099844575     0.000894218260
       8        0.000048190852    -0.000033206508    -0.000337298545
       9        0.000057795704    -0.000033334632    -0.000267524483
      10       -0.000016261809    -0.000010309914    -0.000025929023
      11        0.000028096293    -0.000009020936     0.000018762892
      12       -0.000003226366     0.000006134511    -0.000008674752
      13        0.000142964224    -0.000039507891    -0.000019974213
      14       -0.000044484560     0.000014223803     0.000029143555
      15        0.000018322355     0.000011144689    -0.000017834057
      16        0.000003253388     0.000005898780     0.000006692527
      17       -0.000060249592    -0.000060160525     0.000230894262
      18       -0.000306250397     0.000427948512    -0.000061077350
      19        0.000329442909    -0.000681993539    -0.000189210399
      20       -0.000093328270     0.000178976303     0.000033693994
      21       -0.000044540921     0.000212129374     0.000027045387
      22        0.000245801191    -0.000211191087    -0.000165245427
      23        0.000002700929     0.000003392061     0.000000582464
      24        0.000019879608    -0.000006648355    -0.000064570005
      25       -0.000001175975     0.000015419683    -0.000004112737
      26        0.000003625267    -0.000000839831    -0.000000780099
      27        0.000002946581    -0.000033367257     0.000038120177
      28       -0.000001984977    -0.000001169573     0.000002090324
      29        0.000022523776    -0.000118524043     0.000114526245
      30        0.000092048983     0.000198202140    -0.000060331588
      31       -0.000206352596     0.000079137929    -0.000005746732
      32        0.000123632987    -0.000033586889     0.000019736412
      33       -0.000073933844    -0.000058613843     0.000056316570
      34       -0.000046254259     0.000017292045     0.000028886939
      35       -0.000019245407    -0.000006104195     0.000022735363
      36       -0.000110505914     0.000086060333    -0.000118605231
      37        0.000022681873     0.000010583775     0.000024688694


*** tstop() called on gunsnroses at Thu Jan 23 19:47:28 2025
Module time:
	user time   =      48.33 seconds =       0.81 minutes
	system time =       4.08 seconds =       0.07 minutes
	total time  =         11 seconds =       0.18 minutes
Total time:
	user time   =    1268.96 seconds =      21.15 minutes
	system time =      78.32 seconds =       1.31 minutes
	total time  =        227 seconds =       3.78 minutes

    			-----------------------------------------

    			 OPTKING 3.0: for geometry optimizations 

    			     By R.A. King, Bethel University     

    			        with contributions from          

    			    A.V. Copan, J. Cayton, A. Heide      

    			-----------------------------------------

    
	                            ===> Fragment 1 <== 

	 Z (Atomic Numbers)          Masses                          Geom                  
	       7.000000            14.003074         -4.10372893  4.20565587 -1.46922040   
	       6.000000            12.000000         -3.76330880  1.74553861 -1.19690585   
	       6.000000            12.000000         -5.82765822  0.10359157 -1.34890212   
	       6.000000            12.000000         -8.14636417  1.17859374 -1.82614198   
	       7.000000            14.003074         -8.46560814  3.63993031 -2.11601017   
	       6.000000            12.000000         -6.41876594  5.02216940 -1.90798528   
	       6.000000            12.000000        -10.50593746  -0.40711908  -2.03551867 
	       8.000000            15.994915        -12.54968630   0.39730932  -2.43406034 
	       8.000000            15.994915        -10.03239708  -2.85689820  -1.73218782 
	       6.000000            12.000000         -1.15119405  0.85200670 -0.70997674   
	       6.000000            12.000000         -0.43352387 -1.64494617 -1.04331388   
	       6.000000            12.000000          2.01549064 -2.43442164 -0.57671461   
	       6.000000            12.000000          3.83632407 -0.73125372  0.24627084   
	       6.000000            12.000000          3.11028357  1.79079051  0.57911082   
	       6.000000            12.000000          0.68028621  2.56649856  0.10029013   
	      17.000000            34.968853          5.32028280  3.99368355  1.61073454   
	       8.000000            15.994915          6.24193439 -1.30199164  0.71953773   
	       6.000000            12.000000          7.19680059 -3.80521397  0.51153407   
	       6.000000            12.000000         10.06818809 -3.59016375  0.63780973   
	       6.000000            12.000000         10.70732911 -3.40552747  3.48238203   
	       6.000000            12.000000          8.29935701 -4.27502592  4.90398453   
	       6.000000            12.000000          6.54120462 -5.35246502  2.85828834   
	       1.000000             1.007825         -5.65189614 -1.89005240 -1.07727027   
	       1.000000             1.007825         -6.64388995  7.02962061 -2.12435706   
	       1.000000             1.007825        -11.57937305  -3.74747094  -1.88383927 
	       1.000000             1.007825         -1.76402017 -3.02541656 -1.70932536   
	       1.000000             1.007825          2.48978638 -4.38226689 -0.86088568   
	       1.000000             1.007825          0.18492535  4.51345040  0.35465577   
	       1.000000             1.007825          6.55564890 -4.63623987 -1.24660789   
	       1.000000             1.007825         10.88150422 -5.28755702 -0.17967689   
	       1.000000             1.007825         10.73466006 -1.99109772 -0.45050478   
	       1.000000             1.007825         11.19998197 -1.48713447  3.99838267   
	       1.000000             1.007825         12.32004355 -4.58301335  3.94339172   
	       1.000000             1.007825          7.40000741 -2.67525732  5.81301085   
	       1.000000             1.007825          8.70442543 -5.65349193  6.36477555   
	       1.000000             1.007825          4.55979820 -5.25354496  3.36649133   
	       1.000000             1.007825          6.98953617 -7.32178871  2.47841556   

	 - Coordinate -           - BOHR/RAD -       - ANG/DEG -
	 H(5,24)          =         3.848211           2.036386
	 H(8,25)          =         4.292255           2.271364
	 R(1,2)           =         2.498443           1.322119
	 R(1,6)           =         2.493713           1.319616
	 R(2,3)           =         2.642088           1.398133
	 R(2,10)          =         2.803327           1.483457
	 R(3,4)           =         2.599959           1.375839
	 R(3,23)          =         2.019726           1.068793
	 R(4,5)           =         2.498823           1.322320
	 R(4,7)           =         2.850598           1.508472
	 R(5,6)           =         2.478593           1.311615
	 R(6,24)          =         2.031590           1.075071
	 R(7,8)           =         2.232230           1.181245
	 R(7,9)           =         2.513497           1.330085
	 R(9,25)          =         1.791439           0.947989
	 R(10,11)         =         2.619339           1.386095
	 R(10,15)         =         2.636349           1.395096
	 R(11,12)         =         2.615083           1.383842
	 R(11,26)         =         2.029653           1.074046
	 R(12,13)         =         2.625551           1.389382
	 R(12,27)         =         2.024799           1.071477
	 R(13,14)         =         2.645491           1.399934
	 R(13,17)         =         2.517277           1.332086
	 R(14,15)         =         2.595357           1.373404
	 R(14,16)         =         3.286500           1.739141
	 R(15,28)         =         2.025020           1.071594
	 R(17,18)         =         2.687221           1.422016
	 R(18,19)         =         2.882197           1.525193
	 R(18,22)         =         2.886355           1.527394
	 R(18,29)         =         2.047619           1.083553
	 R(19,20)         =         2.921332           1.545903
	 R(19,30)         =         2.052051           1.085898
	 R(19,31)         =         2.045880           1.082633
	 R(20,21)         =         2.928363           1.549623
	 R(20,32)         =         2.046752           1.083095
	 R(20,33)         =         2.049354           1.084471
	 R(21,22)         =         2.904625           1.537061
	 R(21,34)         =         2.048028           1.083770
	 R(21,35)         =         2.048941           1.084253
	 R(22,36)         =         2.047932           1.083719
	 R(22,37)         =         2.055125           1.087526
	 B(1,2,3)         =         2.093467         119.946810
	 B(1,2,10)        =         2.048500         117.370425
	 B(1,6,5)         =         2.212808         126.784580
	 B(1,6,24)        =         2.032138         116.432907
	 B(2,1,6)         =         2.057906         117.909325
	 B(2,3,4)         =         2.038029         116.770465
	 B(2,3,23)        =         2.138506         122.527345
	 B(2,10,11)       =         2.137724         122.482555
	 B(2,10,15)       =         2.086811         119.565455
	 B(3,2,10)        =         2.141171         122.680075
	 B(3,4,5)         =         2.144202         122.853751
	 B(3,4,7)         =         2.119621         121.445338
	 B(4,3,23)        =         2.106475         120.692145
	 B(4,5,6)         =         2.019797         115.725852
	 B(4,7,8)         =         2.177916         124.785408
	 B(4,7,9)         =         1.957742         112.170331
	 B(5,4,7)         =         2.019344         115.699883
	 B(5,6,24)        =         2.038230         116.781985
	 B(7,9,25)        =         1.887693         108.156823
	 B(8,7,9)         =         2.147510         123.043255
	 B(10,11,12)      =         2.119604         121.444372
	 B(10,11,26)      =         2.106589         120.698672
	 B(10,15,14)      =         2.109206         120.848616
	 B(10,15,28)      =         2.087394         119.598845
	 B(11,10,15)      =         2.058630         117.950834
	 B(11,12,13)      =         2.105467         120.634390
	 B(11,12,27)      =         2.076869         118.995843
	 B(12,11,26)      =         2.056823         117.847269
	 B(12,13,14)      =         2.057288         117.873935
	 B(12,13,17)      =         2.182907         125.071362
	 B(13,12,27)      =         2.100849         120.369753
	 B(13,14,15)      =         2.116106         121.243960
	 B(13,14,16)      =         2.087424         119.600596
	 B(13,17,18)      =         2.136754         122.426978
	 B(14,13,17)      =         2.042904         117.049784
	 B(14,15,28)      =         2.086585         119.552500
	 B(15,14,16)      =         2.079652         119.155264
	 B(17,18,19)      =         1.855744         106.326322
	 B(17,18,22)      =         1.934468         110.836877
	 B(17,18,29)      =         1.910555         109.466734
	 B(18,19,20)      =         1.839353         105.387182
	 B(18,19,30)      =         1.891975         108.402179
	 B(18,19,31)      =         1.938585         111.072751
	 B(18,22,21)      =         1.809347         103.667932
	 B(18,22,36)      =         1.977547         113.305087
	 B(18,22,37)      =         1.890031         108.290827
	 B(19,18,22)      =         1.803552         103.335918
	 B(19,18,29)      =         1.960427         112.324179
	 B(19,20,21)      =         1.848380         105.904397
	 B(19,20,32)      =         1.936261         110.939569
	 B(19,20,33)      =         1.933602         110.787213
	 B(20,19,30)      =         1.932078         110.699930
	 B(20,19,31)      =         1.979375         113.409839
	 B(20,21,22)      =         1.840001         105.424317
	 B(20,21,34)      =         1.922643         110.159345
	 B(20,21,35)      =         1.964168         112.538533
	 B(21,20,32)      =         1.932470         110.722354
	 B(21,20,33)      =         1.946886         111.548344
	 B(21,22,36)      =         1.974625         113.137674
	 B(21,22,37)      =         1.932200         110.706913
	 B(22,18,29)      =         1.992624         114.168927
	 B(22,21,34)      =         1.914047         109.666803
	 B(22,21,35)      =         1.952207         111.853231
	 B(30,19,31)      =         1.881246         107.787442
	 B(32,20,33)      =         1.867535         107.001888
	 B(34,21,35)      =         1.871180         107.210735
	 B(36,22,37)      =         1.878868         107.651187
	 D(1,2,3,4)       =         0.017923           1.026931
	 D(1,2,3,23)      =        -3.103655        -177.826309
	 D(1,2,10,11)     =        -2.839567        -162.695221
	 D(1,2,10,15)     =         0.295054          16.905322
	 D(1,6,5,4)       =         0.012476           0.714843
	 D(2,1,6,5)       =        -0.003439          -0.197060
	 D(2,1,6,24)      =        -3.140243        -179.922695
	 D(2,3,4,5)       =        -0.008769          -0.502430
	 D(2,3,4,7)       =        -3.143647        -180.117688
	 D(2,10,11,12)    =         3.141618         180.001472
	 D(2,10,11,26)    =         0.020214           1.158150
	 D(2,10,15,14)    =         3.135309         179.639946
	 D(2,10,15,28)    =        -0.005021          -0.287699
	 D(3,2,1,6)       =        -0.012377          -0.709166
	 D(3,2,10,11)     =         0.312458          17.902530
	 D(3,2,10,15)     =        -2.836106        -162.496927
	 D(3,4,5,6)       =        -0.005560          -0.318590
	 D(3,4,7,8)       =         3.137652         179.774196
	 D(3,4,7,9)       =        -0.010163          -0.582283
	 D(4,3,2,10)      =        -3.134362        -179.585696
	 D(4,5,6,24)      =        -3.133919        -179.560360
	 D(4,7,9,25)      =         3.141772         180.010269
	 D(5,4,3,23)      =         3.113200         178.373200
	 D(5,4,7,8)       =         0.002319           0.132884
	 D(5,4,7,9)       =        -3.145495        -180.223596
	 D(6,1,2,10)      =         3.139350         179.871483
	 D(6,5,4,7)       =         3.129674         179.317138
	 D(7,4,3,23)      =        -0.021678          -1.242058
	 D(8,7,9,25)      =        -0.005917          -0.338996
	 D(10,2,3,23)     =         0.027246           1.561064
	 D(10,11,12,13)   =         0.000382           0.021859
	 D(10,11,12,27)   =        -3.140458        -179.934978
	 D(10,15,14,13)   =         0.011881           0.680737
	 D(10,15,14,16)   =        -3.132416        -179.474204
	 D(11,10,15,14)   =        -0.012942          -0.741515
	 D(11,10,15,28)   =         3.129914         179.330840
	 D(11,12,13,14)   =        -0.001809          -0.103633
	 D(11,12,13,17)   =        -3.128863        -179.270629
	 D(12,11,10,15)   =         0.006891           0.394798
	 D(12,13,14,15)   =        -0.004284          -0.245465
	 D(12,13,14,16)   =         3.140025         179.910156
	 D(12,13,17,18)   =        -0.041754          -2.392305
	 D(13,12,11,26)   =         3.122342         178.897015
	 D(13,14,15,28)   =        -3.130974        -179.391584
	 D(13,17,18,19)   =         2.933949         168.102921
	 D(13,17,18,22)   =        -1.400876         -80.264276
	 D(13,17,18,29)   =         0.812385          46.546236
	 D(14,13,12,27)   =         3.139020         179.852610
	 D(14,13,17,18)   =         3.114269         178.434494
	 D(15,10,11,26)   =        -3.114514        -178.448524
	 D(15,14,13,17)   =         3.123948         178.989041
	 D(16,14,13,17)   =        -0.014928          -0.855338
	 D(16,14,15,28)   =         0.007915           0.453475
	 D(17,13,12,27)   =         0.011966           0.685614
	 D(17,18,19,20)   =         1.428638          81.854913
	 D(17,18,19,30)   =        -2.785451        -159.594608
	 D(17,18,19,31)   =        -0.721714         -41.351148
	 D(17,18,22,21)   =        -1.270043         -72.768080
	 D(17,18,22,36)   =         0.877232          50.261677
	 D(17,18,22,37)   =         2.960250         169.609840
	 D(18,19,20,21)   =         0.273406          15.665015
	 D(18,19,20,32)   =        -1.824427        -104.531951
	 D(18,19,20,33)   =         2.387151         136.773655
	 D(18,22,21,20)   =        -0.539818         -30.929278
	 D(18,22,21,34)   =         1.529654          87.642724
	 D(18,22,21,35)   =        -2.679937        -153.549100
	 D(19,18,22,21)   =         0.711548          40.768671
	 D(19,18,22,36)   =         2.858822         163.798428
	 D(19,18,22,37)   =        -1.341345         -76.853409
	 D(19,20,21,22)   =         0.164675           9.435165
	 D(19,20,21,34)   =        -1.899039        -108.806943
	 D(19,20,21,35)   =         2.297104         131.614383
	 D(20,19,18,22)   =        -0.609331         -34.912110
	 D(20,19,18,29)   =        -2.765136        -158.430612
	 D(20,21,22,36)   =        -2.689016        -154.069281
	 D(20,21,22,37)   =         1.483480          84.997125
	 D(21,20,19,30)   =        -1.768649        -101.336120
	 D(21,20,19,31)   =         2.397527         137.368158
	 D(21,22,18,29)   =         2.845977         163.062485
	 D(22,18,19,30)   =         1.459765          83.638369
	 D(22,18,19,31)   =        -2.759683        -158.118171
	 D(22,21,20,32)   =         2.264979         129.773747
	 D(22,21,20,33)   =        -1.940462        -111.180270
	 D(26,11,12,27)   =        -0.018497          -1.059821
	 D(29,18,19,30)   =        -0.696040         -39.880133
	 D(29,18,19,31)   =         1.367698          78.363326
	 D(29,18,22,36)   =        -1.289934         -73.907758
	 D(29,18,22,37)   =         0.793085          45.440405
	 D(30,19,20,32)   =         2.416704         138.466913
	 D(30,19,20,33)   =         0.345096          19.772520
	 D(31,19,20,32)   =         0.299694          17.171192
	 D(31,19,20,33)   =        -1.771914        -101.523202
	 D(32,20,21,34)   =         0.201265          11.531639
	 D(32,20,21,35)   =        -1.885777        -108.047035
	 D(33,20,21,34)   =         2.279009         130.577622
	 D(33,20,21,35)   =         0.191968          10.998947
	 D(34,21,22,36)   =        -0.619544         -35.497279
	 D(34,21,22,37)   =        -2.730234        -156.430874
	 D(35,21,22,36)   =         1.454049          83.310897
	 D(35,21,22,37)   =        -0.656640         -37.622698


	        --- Internal Coordinate Step in ANG or DEG, aJ/ANG or AJ/DEG ---
	-------------------------------------------------------------------------------
	           Coordinate      Previous         Force          Change          New 
	           ----------      --------        ------          ------        ------
	              H(5,24)       2.03639        0.00021       -0.00017       2.03622
	              H(8,25)       2.27136        0.00005       -0.00008       2.27129
	               R(1,2)       1.32212        0.00065       -0.00040       1.32172
	               R(1,6)       1.31962       -0.00084        0.00043       1.32004
	               R(2,3)       1.39813       -0.00061        0.00046       1.39860
	              R(2,10)       1.48346       -0.00008        0.00007       1.48353
	               R(3,4)       1.37584        0.00057       -0.00039       1.37544
	              R(3,23)       1.06879        0.00002       -0.00004       1.06876
	               R(4,5)       1.32232       -0.00070        0.00044       1.32276
	               R(4,7)       1.50847        0.00018       -0.00008       1.50839
	               R(5,6)       1.31161        0.00069       -0.00046       1.31115
	              R(6,24)       1.07507       -0.00016       -0.00000       1.07507
	               R(7,8)       1.18125       -0.00006        0.00000       1.18125
	               R(7,9)       1.33009       -0.00001        0.00003       1.33011
	              R(9,25)       0.94799        0.00004        0.00001       0.94800
	             R(10,11)       1.38609       -0.00014        0.00001       1.38611
	             R(10,15)       1.39510       -0.00010        0.00010       1.39520
	             R(11,12)       1.38384        0.00014        0.00002       1.38386
	             R(11,26)       1.07405        0.00001       -0.00004       1.07400
	             R(12,13)       1.38938        0.00008       -0.00002       1.38937
	             R(12,27)       1.07148       -0.00023       -0.00001       1.07146
	             R(13,14)       1.39993       -0.00027       -0.00003       1.39990
	             R(13,17)       1.33209        0.00112        0.00002       1.33210
	             R(14,15)       1.37340        0.00002       -0.00005       1.37336
	             R(14,16)       1.73914       -0.00007        0.00002       1.73916
	             R(15,28)       1.07159        0.00000       -0.00003       1.07157
	             R(17,18)       1.42202        0.00078       -0.00003       1.42199
	             R(18,19)       1.52519       -0.00097       -0.00135       1.52384
	             R(18,22)       1.52739        0.00178        0.00021       1.52761
	             R(18,29)       1.08355        0.00047        0.00017       1.08373
	             R(19,20)       1.54590       -0.00127       -0.00162       1.54428
	             R(19,30)       1.08590        0.00085        0.00023       1.08613
	             R(19,31)       1.08263        0.00002        0.00011       1.08274
	             R(20,21)       1.54962       -0.00020        0.00136       1.55099
	             R(20,32)       1.08309       -0.00003       -0.00008       1.08301
	             R(20,33)       1.08447        0.00010       -0.00016       1.08431
	             R(21,22)       1.53706       -0.00016        0.00142       1.53848
	             R(21,34)       1.08377       -0.00038       -0.00024       1.08353
	             R(21,35)       1.08425       -0.00014       -0.00005       1.08420
	             R(22,36)       1.08372       -0.00067       -0.00010       1.08362
	             R(22,37)       1.08753        0.00008       -0.00010       1.08743
	             B(1,2,3)     119.94681        0.00000       -0.01544     119.93137
	            B(1,2,10)     117.37042       -0.00000        0.00571     117.37614
	             B(1,6,5)     126.78458        0.00000        0.00121     126.78579
	            B(1,6,24)     116.43291        0.00000       -0.02331     116.40959
	             B(2,1,6)     117.90933       -0.00000        0.01201     117.92133
	             B(2,3,4)     116.77046       -0.00000        0.00650     116.77696
	            B(2,3,23)     122.52734        0.00000        0.01451     122.54186
	           B(2,10,11)     122.48255       -0.00000        0.02784     122.51039
	           B(2,10,15)     119.56546        0.00000       -0.01369     119.55176
	            B(3,2,10)     122.68008        0.00000        0.00984     122.68991
	             B(3,4,5)     122.85375       -0.00000        0.00152     122.85527
	             B(3,4,7)     121.44534       -0.00000        0.00670     121.45204
	            B(4,3,23)     120.69214       -0.00000       -0.02083     120.67131
	             B(4,5,6)     115.72585        0.00000       -0.00458     115.72127
	             B(4,7,8)     124.78541       -0.00000        0.00206     124.78747
	             B(4,7,9)     112.17033        0.00000        0.00253     112.17287
	             B(5,4,7)     115.69988        0.00000       -0.00839     115.69149
	            B(5,6,24)     116.78198       -0.00000        0.02261     116.80460
	            B(7,9,25)     108.15682        0.00000       -0.00251     108.15432
	             B(8,7,9)     123.04325       -0.00000       -0.00394     123.03932
	          B(10,11,12)     121.44437       -0.00000        0.00333     121.44771
	          B(10,11,26)     120.69867        0.00000        0.02507     120.72374
	          B(10,15,14)     120.84862        0.00000        0.00983     120.85844
	          B(10,15,28)     119.59884        0.00000       -0.00854     119.59031
	          B(11,10,15)     117.95083        0.00000       -0.01428     117.93655
	          B(11,12,13)     120.63439        0.00000        0.00583     120.64022
	          B(11,12,27)     118.99584       -0.00000       -0.00275     118.99309
	          B(12,11,26)     117.84727        0.00000       -0.02812     117.81915
	          B(12,13,14)     117.87394       -0.00000       -0.00538     117.86856
	          B(12,13,17)     125.07136        0.00001       -0.00126     125.07010
	          B(13,12,27)     120.36975        0.00000       -0.00310     120.36665
	          B(13,14,15)     121.24396        0.00000        0.00091     121.24487
	          B(13,14,16)     119.60060       -0.00000       -0.00443     119.59616
	          B(13,17,18)     122.42698        0.00001        0.03943     122.46641
	          B(14,13,17)     117.04978       -0.00001        0.00582     117.05561
	          B(14,15,28)     119.55250       -0.00000       -0.00127     119.55123
	          B(15,14,16)     119.15526        0.00000        0.00357     119.15883
	          B(17,18,19)     106.32632       -0.00001       -0.06356     106.26276
	          B(17,18,22)     110.83688        0.00001        0.09883     110.93570
	          B(17,18,29)     109.46673       -0.00001       -0.04373     109.42300
	          B(18,19,20)     105.38718        0.00001       -0.30908     105.07810
	          B(18,19,30)     108.40218       -0.00001       -0.20660     108.19558
	          B(18,19,31)     111.07275        0.00000        0.39371     111.46646
	          B(18,22,21)     103.66793        0.00000        0.12166     103.78960
	          B(18,22,36)     113.30509        0.00001        0.10036     113.40545
	          B(18,22,37)     108.29083       -0.00000       -0.08771     108.20311
	          B(19,18,22)     103.33592       -0.00001       -0.23208     103.10384
	          B(19,18,29)     112.32418        0.00001        0.10267     112.42685
	          B(19,20,21)     105.90440       -0.00000       -0.11422     105.79018
	          B(19,20,32)     110.93957       -0.00000       -0.23109     110.70848
	          B(19,20,33)     110.78721       -0.00000        0.20381     110.99102
	          B(20,19,30)     110.69993       -0.00001       -0.07844     110.62149
	          B(20,19,31)     113.40984       -0.00000        0.14034     113.55018
	          B(20,21,22)     105.42432        0.00000        0.15580     105.58012
	          B(20,21,34)     110.15934       -0.00000       -0.03525     110.12410
	          B(20,21,35)     112.53853       -0.00000       -0.01980     112.51873
	          B(21,20,32)     110.72235        0.00000       -0.19295     110.52941
	          B(21,20,33)     111.54834        0.00000        0.30976     111.85810
	          B(21,22,36)     113.13767       -0.00000       -0.06504     113.07263
	          B(21,22,37)     110.70691       -0.00000        0.00635     110.71326
	          B(22,18,29)     114.16893        0.00001        0.12198     114.29091
	          B(22,21,34)     109.66680        0.00000        0.11379     109.78059
	          B(22,21,35)     111.85323       -0.00000       -0.12552     111.72771
	          B(30,19,31)     107.78744        0.00000        0.04106     107.82850
	          B(32,20,33)     107.00189        0.00000        0.02063     107.02251
	          B(34,21,35)     107.21074        0.00000       -0.08275     107.12798
	          B(36,22,37)     107.65119       -0.00000       -0.07246     107.57873
	           D(1,2,3,4)       1.02693        0.00000       -0.03804       0.98889
	          D(1,2,3,23)    -177.82631        0.00000       -0.04827    -177.87457
	         D(1,2,10,11)    -162.69522        0.00000       -0.42268    -163.11790
	         D(1,2,10,15)      16.90532       -0.00000       -0.44498      16.46034
	           D(1,6,5,4)       0.71484       -0.00000       -0.12006       0.59478
	           D(2,1,6,5)      -0.19706        0.00000        0.09705      -0.10001
	          D(2,1,6,24)    -179.92270       -0.00000       -0.12824    -180.05094
	           D(2,3,4,5)      -0.50243        0.00000        0.01253      -0.48990
	           D(2,3,4,7)    -180.11769       -0.00000        0.04460    -180.07309
	        D(2,10,11,12)     180.00147        0.00000       -0.01057     179.99090
	        D(2,10,11,26)       1.15815        0.00000       -0.02723       1.13092
	        D(2,10,15,14)     179.63995        0.00000        0.03569     179.67564
	        D(2,10,15,28)      -0.28770       -0.00000        0.01868      -0.26902
	           D(3,2,1,6)      -0.70917       -0.00000       -0.01092      -0.72009
	         D(3,2,10,11)      17.90253        0.00000       -0.43439      17.46814
	         D(3,2,10,15)    -162.49693        0.00000       -0.45669    -162.95362
	           D(3,4,5,6)      -0.31859        0.00000        0.05989      -0.25870
	           D(3,4,7,8)     179.77420       -0.00002       -0.04683     179.72736
	           D(3,4,7,9)      -0.58228        0.00002        0.09938      -0.48290
	          D(4,3,2,10)    -179.58570       -0.00000       -0.02592    -179.61161
	          D(4,5,6,24)    -179.56036        0.00000        0.10590    -179.45446
	          D(4,7,9,25)     180.01027       -0.00002       -0.06268     179.94759
	          D(5,4,3,23)     178.37320        0.00000        0.02298     178.39618
	           D(5,4,7,8)       0.13288       -0.00002       -0.01698       0.11591
	           D(5,4,7,9)    -180.22360        0.00002        0.12924    -180.09435
	          D(6,1,2,10)     179.87148       -0.00000       -0.02245     179.84904
	           D(6,5,4,7)     179.31714        0.00000        0.02959     179.34673
	          D(7,4,3,23)      -1.24206       -0.00000        0.05504      -1.18702
	          D(8,7,9,25)      -0.33900        0.00002        0.08060      -0.25840
	         D(10,2,3,23)       1.56106       -0.00000       -0.03614       1.52493
	       D(10,11,12,13)       0.02186        0.00000        0.00278       0.02464
	       D(10,11,12,27)    -179.93498        0.00000        0.03118    -179.90380
	       D(10,15,14,13)       0.68074       -0.00000       -0.05515       0.62559
	       D(10,15,14,16)    -179.47420       -0.00000       -0.03348    -179.50768
	       D(11,10,15,14)      -0.74151       -0.00000        0.01457      -0.72694
	       D(11,10,15,28)     179.33084       -0.00000       -0.00244     179.32840
	       D(11,12,13,14)      -0.10363       -0.00000       -0.04154      -0.14517
	       D(11,12,13,17)    -179.27063        0.00000        0.02487    -179.24576
	       D(12,11,10,15)       0.39480        0.00000        0.01139       0.40619
	       D(12,13,14,15)      -0.24546        0.00000        0.06779      -0.17768
	       D(12,13,14,16)     179.91016        0.00000        0.04601     179.95617
	       D(12,13,17,18)      -2.39231       -0.00000        0.16756      -2.22474
	       D(13,12,11,26)     178.89702       -0.00000        0.01955     178.91657
	       D(13,14,15,28)    -179.39158       -0.00000       -0.03815    -179.42973
	       D(13,17,18,19)     168.10292       -0.00000        0.03032     168.13324
	       D(13,17,18,22)     -80.26428       -0.00001       -0.22795     -80.49223
	       D(13,17,18,29)      46.54624        0.00000       -0.03055      46.51568
	       D(14,13,12,27)     179.85261       -0.00000       -0.07033     179.78227
	       D(14,13,17,18)     178.43449       -0.00000        0.23357     178.66807
	       D(15,10,11,26)    -178.44852        0.00000       -0.00527    -178.45379
	       D(15,14,13,17)     178.98904        0.00000        0.00670     178.99574
	       D(16,14,13,17)      -0.85534       -0.00000       -0.01507      -0.87041
	       D(16,14,15,28)       0.45348        0.00000       -0.01648       0.43700
	       D(17,13,12,27)       0.68561       -0.00000       -0.00392       0.68169
	       D(17,18,19,20)      81.85491        0.00001       -2.09076      79.76416
	       D(17,18,19,30)    -159.59461        0.00001       -2.44428    -162.03889
	       D(17,18,19,31)     -41.35115        0.00001       -2.29177     -43.64292
	       D(17,18,22,21)     -72.76808       -0.00000        0.17000     -72.59808
	       D(17,18,22,36)      50.26168       -0.00000        0.22946      50.49113
	       D(17,18,22,37)     169.60984        0.00000        0.14123     169.75107
	       D(18,19,20,21)      15.66501       -0.00000        3.28063      18.94564
	       D(18,19,20,32)    -104.53195       -0.00000        3.70780    -100.82415
	       D(18,19,20,33)     136.77366       -0.00000        3.69976     140.47341
	       D(18,22,21,20)     -30.92928        0.00001        2.01549     -28.91378
	       D(18,22,21,34)      87.64272        0.00000        2.11937      89.76210
	       D(18,22,21,35)    -153.54910        0.00001        2.01160    -151.53750
	       D(19,18,22,21)      40.76867       -0.00001        0.01836      40.78703
	       D(19,18,22,36)     163.79843       -0.00001        0.07781     163.87624
	       D(19,18,22,37)     -76.85341       -0.00001       -0.01042     -76.86383
	       D(19,20,21,22)       9.43517       -0.00000       -3.24050       6.19467
	       D(19,20,21,34)    -108.80694       -0.00000       -3.44518    -112.25213
	       D(19,20,21,35)     131.61438        0.00000       -3.30331     128.31107
	       D(20,19,18,22)     -34.91211        0.00001       -2.07187     -36.98398
	       D(20,19,18,29)    -158.43061        0.00000       -2.12631    -160.55692
	       D(20,21,22,36)    -154.06928       -0.00000        1.84788    -152.22141
	       D(20,21,22,37)      84.99712        0.00000        1.98204      86.97916
	       D(21,20,19,30)    -101.33612        0.00001        3.73585     -97.60027
	       D(21,20,19,31)     137.36816        0.00001        3.64133     141.00949
	       D(21,22,18,29)     163.06248       -0.00001        0.05545     163.11794
	       D(22,18,19,30)      83.63837       -0.00000       -2.42539      81.21298
	       D(22,18,19,31)    -158.11817        0.00000       -2.27288    -160.39105
	       D(22,21,20,32)     129.77375       -0.00000       -3.69178     126.08197
	       D(22,21,20,33)    -111.18027        0.00000       -3.59208    -114.77235
	       D(26,11,12,27)      -1.05982        0.00000        0.04796      -1.01186
	       D(29,18,19,30)     -39.88013       -0.00001       -2.47983     -42.35996
	       D(29,18,19,31)      78.36333       -0.00001       -2.32732      76.03601
	       D(29,18,22,36)     -73.90776       -0.00000        0.11491     -73.79285
	       D(29,18,22,37)      45.44041       -0.00000        0.02668      45.46708
	       D(30,19,20,32)     138.46691        0.00001        4.16302     142.62993
	       D(30,19,20,33)      19.77252        0.00001        4.15497      23.92749
	       D(31,19,20,32)      17.17119        0.00001        4.06850      21.23969
	       D(31,19,20,33)    -101.52320        0.00001        4.06046     -97.46274
	       D(32,20,21,34)      11.53164       -0.00000       -3.89646       7.63518
	       D(32,20,21,35)    -108.04704       -0.00000       -3.75459    -111.80163
	       D(33,20,21,34)     130.57762        0.00000       -3.79677     126.78085
	       D(33,20,21,35)      10.99895        0.00000       -3.65490       7.34405
	       D(34,21,22,36)     -35.49728       -0.00001        1.95176     -33.54552
	       D(34,21,22,37)    -156.43087       -0.00000        2.08592    -154.34495
	       D(35,21,22,36)      83.31090       -0.00000        1.84399      85.15488
	       D(35,21,22,37)     -37.62270        0.00000        1.97815     -35.64455
	-------------------------------------------------------------------------------

	                                 ==> Convergence Check <==                                  
    
	Measures of convergence in internal coordinates in au.
    
	Criteria marked as inactive (o), active & met (*), and active & unmet ( ).

	----------------------------------------------------------------------------------------------
	   Step    Total Energy     Delta E     Max Force     RMS Force      Max Disp      RMS Disp   
	----------------------------------------------------------------------------------------------
	  Convergence Criteria     1.00e-06 *    3.00e-04 *             o    1.20e-03 *             o
	----------------------------------------------------------------------------------------------
	     7   -1407.64299285   -1.88e-05      2.32e-04 *    6.60e-05 o    7.27e-02      2.21e-02 o  ~
	----------------------------------------------------------------------------------------------

Next Geometry in Ang 
	Fragment 1 (Ang)

	    N  -2.1678991279   2.2263549729  -0.7678615270
	    C  -1.9894602096   0.9239934902  -0.6301787442
	    C  -3.0832842076   0.0567485134  -0.7168148643
	    C  -4.3089594567   0.6283628577  -0.9674603004
	    N  -4.4761936564   1.9323022151  -1.1139739608
	    C  -3.3923966208   2.6613504818  -1.0000153107
	    C  -5.5586671573  -0.2083138737  -1.0834519329
	    O  -6.6395116344   0.2200448982  -1.2923399846
	    O  -5.3104943671  -1.5056795531  -0.9270820548
	    C  -0.6080495777   0.4481367089  -0.3730501255
	    C  -0.2311262682  -0.8743101774  -0.5472906121
	    C   1.0642589455  -1.2942952361  -0.3009946478
	    C   2.0302162686  -0.3943035314   0.1317620734
	    C   1.6491950124   0.9415682030   0.3049415990
	    C   0.3637858312   1.3541391157   0.0527079129
	   Cl   2.8220947856   2.1060501680   0.8462060003
	    O   3.3029561756  -0.6985427055   0.3809032910
	    C   3.8070645711  -2.0234644578   0.2690871592
	    C   5.3251675994  -1.9095034937   0.3359709815
	    C   5.6510093303  -1.7600317394   1.8380643241
	    C   4.3982440414  -2.2733435822   2.5947999503
	    C   3.4662538996  -2.8438509640   1.5118259969
	    H  -2.9920788501  -0.9991727781  -0.5791535057
	    H  -3.5098744920   3.7246091985  -1.1070438759
	    H  -6.1299255404  -1.9751939295  -1.0095064454
	    H  -0.9367589532  -1.6044410882  -0.8972501526
	    H   1.3130184244  -2.3257525895  -0.4501548706
	    H   0.1039925053   2.3852094722   0.1855753105
	    H   3.4659424167  -2.4614921790  -0.6616288723
	    H   5.7518689534  -2.8270829925  -0.0585537762
	    H   5.6879127029  -1.0882182793  -0.2692045799
	    H   5.8467030272  -0.7241674060   2.0862579366
	    H   6.5399374124  -2.3227384525   2.1005615431
	    H   3.9083879417  -1.4523788898   3.1047996841
	    H   4.6422822641  -3.0159120313   3.3461514560
	    H   2.4187107904  -2.7963612333   1.7850203253
	    H   3.7055968056  -3.8848154061   1.3078433488


    Structure for next step:
    Molecular point group: c1
    Full point group: C1

    Geometry (in Angstrom), charge = 0, multiplicity = 1:

    N           -2.169115557865     2.226974729541    -0.767309746840
    C           -1.990676639587     0.924613246884    -0.629626963946
    C           -3.084500637610     0.057368270072    -0.716263084051
    C           -4.310175886687     0.628982614403    -0.966908520191
    N           -4.477410086402     1.932921971822    -1.113422180620
    C           -3.393613050771     2.661970238441    -0.999463530509
    C           -5.559883587249    -0.207694117060    -1.082900152721
    O           -6.640728064408     0.220664654851    -1.291788204400
    O           -5.311710797048    -1.505059796419    -0.926530274580
    C           -0.609266007715     0.448756465624    -0.372498345245
    C           -0.232342698179    -0.873690420753    -0.546738831917
    C            1.063042515562    -1.293675479375    -0.300442867640
    C            2.028999838635    -0.393683774675     0.132313853652
    C            1.647978582397     0.942187959679     0.305493379239
    C            0.362569401180     1.354758872340     0.053259693129
    CL           2.820878355584     2.106669924686     0.846757780554
    O            3.301739745659    -0.697922948852     0.381455071168
    C            3.805848141128    -2.022844701151     0.269638939386
    C            5.323951169428    -1.908883737026     0.336522761678
    C            5.649792900324    -1.759411982696     1.838616104301
    C            4.397027611396    -2.272723825483     2.595351730525
    C            3.465037469583    -2.843231207343     1.512377777134
    H           -2.993295280134    -0.998553021405    -0.578601725509
    H           -3.511090921953     3.725228955190    -1.106492095698
    H           -6.131141970361    -1.974574172794    -1.008954665211
    H           -0.937975383163    -1.603821331512    -0.896698372378
    H            1.311801994433    -2.325132832835    -0.449603090350
    H            0.102776075325     2.385829228883     0.186127090736
    H            3.464725986692    -2.460872422363    -0.661077092116
    H            5.750652523378    -2.826463235809    -0.058001995972
    H            5.686696272892    -1.087598522641    -0.268652799674
    H            5.845486597179    -0.723547649353     2.086809716801
    H            6.538720982404    -2.322118695826     2.101113323302
    H            3.907171511713    -1.451759133108     3.105351464301
    H            4.641065834071    -3.015292274663     3.346703236197
    H            2.417494360433    -2.795741476616     1.785572105504
    H            3.704380375571    -3.884195649437     1.308395128996


Scratch directory: /tmp/
gradient() will perform analytic gradient computation.
   => Libint2 <=

    Primary   basis highest AM E, G, H:  6, 6, 3
    Auxiliary basis highest AM E, G, H:  7, 7, 4
    Onebody   basis highest AM E, G, H:  -, -, -
    Solid Harmonics ordering:            Gaussian

*** tstart() called on gunsnroses
*** at Thu Jan 23 19:47:29 2025

   => Loading Basis Set <=

    Name: 6-31G**
    Role: ORBITAL
    Keyword: BASIS
    atoms 1, 5                   entry N          line   132 file /home/joaopedroval/miniforge3/envs/PubChem/share/psi4/basis/6-31gss.gbs 
    atoms 2-4, 6-7, 10-15, 18-22 entry C          line   115 file /home/joaopedroval/miniforge3/envs/PubChem/share/psi4/basis/6-31gss.gbs 
    atoms 8-9, 17                entry O          line   149 file /home/joaopedroval/miniforge3/envs/PubChem/share/psi4/basis/6-31gss.gbs 
    atoms 16                     entry CL         line   344 file /home/joaopedroval/miniforge3/envs/PubChem/share/psi4/basis/6-31gss.gbs 
    atoms 23-37                  entry H          line    44 file /home/joaopedroval/miniforge3/envs/PubChem/share/psi4/basis/6-31gss.gbs 


         ---------------------------------------------------------
                                   SCF
               by Justin Turney, Rob Parrish, Andy Simmonett
                          and Daniel G. A. Smith
                              RHF Reference
                        8 Threads,  22888 MiB Core
         ---------------------------------------------------------

  ==> Geometry <==

    Molecular point group: c1
    Full point group: C1

    Geometry (in Angstrom), charge = 0, multiplicity = 1:

       Center              X                  Y                   Z               Mass       
    ------------   -----------------  -----------------  -----------------  -----------------
         N           -2.169115557865     2.226974729541    -0.767309746840    14.003074004430
         C           -1.990676639587     0.924613246884    -0.629626963946    12.000000000000
         C           -3.084500637610     0.057368270072    -0.716263084051    12.000000000000
         C           -4.310175886687     0.628982614403    -0.966908520191    12.000000000000
         N           -4.477410086402     1.932921971822    -1.113422180620    14.003074004430
         C           -3.393613050771     2.661970238441    -0.999463530509    12.000000000000
         C           -5.559883587249    -0.207694117060    -1.082900152721    12.000000000000
         O           -6.640728064408     0.220664654851    -1.291788204400    15.994914619570
         O           -5.311710797048    -1.505059796419    -0.926530274580    15.994914619570
         C           -0.609266007715     0.448756465624    -0.372498345245    12.000000000000
         C           -0.232342698179    -0.873690420753    -0.546738831917    12.000000000000
         C            1.063042515562    -1.293675479375    -0.300442867640    12.000000000000
         C            2.028999838635    -0.393683774675     0.132313853652    12.000000000000
         C            1.647978582397     0.942187959679     0.305493379239    12.000000000000
         C            0.362569401180     1.354758872340     0.053259693129    12.000000000000
         CL           2.820878355584     2.106669924686     0.846757780554    34.968852682000
         O            3.301739745659    -0.697922948852     0.381455071168    15.994914619570
         C            3.805848141128    -2.022844701151     0.269638939386    12.000000000000
         C            5.323951169428    -1.908883737026     0.336522761678    12.000000000000
         C            5.649792900324    -1.759411982696     1.838616104301    12.000000000000
         C            4.397027611396    -2.272723825483     2.595351730525    12.000000000000
         C            3.465037469583    -2.843231207343     1.512377777134    12.000000000000
         H           -2.993295280134    -0.998553021405    -0.578601725509     1.007825032230
         H           -3.511090921953     3.725228955190    -1.106492095698     1.007825032230
         H           -6.131141970361    -1.974574172794    -1.008954665211     1.007825032230
         H           -0.937975383163    -1.603821331512    -0.896698372378     1.007825032230
         H            1.311801994433    -2.325132832835    -0.449603090350     1.007825032230
         H            0.102776075325     2.385829228883     0.186127090736     1.007825032230
         H            3.464725986692    -2.460872422363    -0.661077092116     1.007825032230
         H            5.750652523378    -2.826463235809    -0.058001995972     1.007825032230
         H            5.686696272892    -1.087598522641    -0.268652799674     1.007825032230
         H            5.845486597179    -0.723547649353     2.086809716801     1.007825032230
         H            6.538720982404    -2.322118695826     2.101113323302     1.007825032230
         H            3.907171511713    -1.451759133108     3.105351464301     1.007825032230
         H            4.641065834071    -3.015292274663     3.346703236197     1.007825032230
         H            2.417494360433    -2.795741476616     1.785572105504     1.007825032230
         H            3.704380375571    -3.884195649437     1.308395128996     1.007825032230

  Running in c1 symmetry.

  Rotational constants: A =      0.02084  B =      0.00339  C =      0.00300 [cm^-1]
  Rotational constants: A =    624.71251  B =    101.48661  C =     89.91912 [MHz]
  Nuclear repulsion = 1808.227918118689104

  Charge       = 0
  Multiplicity = 1
  Electrons    = 166
  Nalpha       = 83
  Nbeta        = 83

  ==> Algorithm <==

  SCF Algorithm Type is DF.
  DIIS enabled.
  MOM disabled.
  Fractional occupation disabled.
  Guess Type is READ.
  Energy threshold   = 1.00e-08
  Density threshold  = 1.00e-08
  Integral threshold = 1.00e-12

  ==> Primary Basis <==

  Basis Set: 6-31G**
    Blend: 6-31G**
    Number of shells: 179
    Number of basis functions: 409
    Number of Cartesian functions: 409
    Spherical Harmonics?: false
    Max angular momentum: 2

   => Loading Basis Set <=

    Name: (6-31G** AUX)
    Role: JKFIT
    Keyword: DF_BASIS_SCF
    atoms 1, 5                   entry N          line   171 file /home/joaopedroval/miniforge3/envs/PubChem/share/psi4/basis/cc-pvdz-jkfit.gbs 
    atoms 2-4, 6-7, 10-15, 18-22 entry C          line   121 file /home/joaopedroval/miniforge3/envs/PubChem/share/psi4/basis/cc-pvdz-jkfit.gbs 
    atoms 8-9, 17                entry O          line   221 file /home/joaopedroval/miniforge3/envs/PubChem/share/psi4/basis/cc-pvdz-jkfit.gbs 
    atoms 16                     entry CL         line   667 file /home/joaopedroval/miniforge3/envs/PubChem/share/psi4/basis/cc-pvdz-jkfit.gbs 
    atoms 23-37                  entry H          line    51 file /home/joaopedroval/miniforge3/envs/PubChem/share/psi4/basis/cc-pvdz-jkfit.gbs 

   => Loading Basis Set <=

    Name: 6-31G**
    Role: ORBITAL
    Keyword: BASIS
    atoms 1, 5                   entry N          line   132 file /home/joaopedroval/miniforge3/envs/PubChem/share/psi4/basis/6-31gss.gbs 
    atoms 2-4, 6-7, 10-15, 18-22 entry C          line   115 file /home/joaopedroval/miniforge3/envs/PubChem/share/psi4/basis/6-31gss.gbs 
    atoms 8-9, 17                entry O          line   149 file /home/joaopedroval/miniforge3/envs/PubChem/share/psi4/basis/6-31gss.gbs 
    atoms 16                     entry CL         line   344 file /home/joaopedroval/miniforge3/envs/PubChem/share/psi4/basis/6-31gss.gbs 
    atoms 23-37                  entry H          line    44 file /home/joaopedroval/miniforge3/envs/PubChem/share/psi4/basis/6-31gss.gbs 

  Reading orbitals from file /tmp/stdout.default.8009.180.npy, no projection.

  ==> Integral Setup <==

  DFHelper Memory: AOs need 1.744 GiB; user supplied 16.764 GiB. 
  Using in-core AOs.

  ==> MemDFJK: Density-Fitted J/K Matrices <==

    J tasked:                   Yes
    K tasked:                   Yes
    wK tasked:                   No
    OpenMP threads:               8
    Memory [MiB]:             17166
    Algorithm:                 Core
    Schwarz Cutoff:           1E-12
    Mask sparsity (%):      39.6148
    Fitting Condition:        1E-10

   => Auxiliary Basis Set <=

  Basis Set: (6-31G** AUX)
    Blend: CC-PVDZ-JKFIT
    Number of shells: 675
    Number of basis functions: 2206
    Number of Cartesian functions: 2206
    Spherical Harmonics?: false
    Max angular momentum: 3

  Minimum eigenvalue in the overlap matrix is 3.5443920654E-04.
  Reciprocal condition number of the overlap matrix is 4.4037734031E-05.
    Using symmetric orthogonalization.

  ==> Pre-Iterations <==

  SCF Guess: Orbitals guess was supplied from a previous computation.

   -------------------------------------------------------
    Irrep   Nso     Nmo     Nalpha   Nbeta   Ndocc  Nsocc
   -------------------------------------------------------
     A        409     409      83      83      83       0
   -------------------------------------------------------
    Total     409     409      83      83      83       0
   -------------------------------------------------------

  ==> Iterations <==

                           Total Energy        Delta E     RMS |[F,P]|

   @DF-RHF iter   0: -1407.63827253380464   -1.40764e+03   1.60365e-04 
   @DF-RHF iter   1: -1407.64281770287243   -4.54517e-03   3.35200e-05 DIIS
   @DF-RHF iter   2: -1407.64299385810341   -1.76155e-04   1.12214e-05 DIIS
   @DF-RHF iter   3: -1407.64301721358197   -2.33555e-05   3.84323e-06 DIIS
   @DF-RHF iter   4: -1407.64301880264293   -1.58906e-06   6.90300e-07 DIIS
   @DF-RHF iter   5: -1407.64301890676961   -1.04127e-07   3.46661e-07 DIIS
   @DF-RHF iter   6: -1407.64301892686831   -2.00987e-08   1.26595e-07 DIIS
   @DF-RHF iter   7: -1407.64301893284164   -5.97333e-09   5.28468e-08 DIIS
   @DF-RHF iter   8: -1407.64301893400602   -1.16438e-09   2.33577e-08 DIIS
   @DF-RHF iter   9: -1407.64301893419724   -1.91221e-10   9.10706e-09 DIIS
  Energy and wave function converged.


  ==> Post-Iterations <==

    Orbital Energies [Eh]
    ---------------------

    Doubly Occupied:                                                      

       1A   -104.822782     2A    -20.630903     3A    -20.603485  
       4A    -20.567392     5A    -15.581700     6A    -15.580756  
       7A    -11.399232     8A    -11.329931     9A    -11.318217  
      10A    -11.318154    11A    -11.313511    12A    -11.299549  
      13A    -11.298134    14A    -11.263510    15A    -11.260111  
      16A    -11.258068    17A    -11.255809    18A    -11.249007  
      19A    -11.230500    20A    -11.226739    21A    -11.223021  
      22A    -11.221525    23A    -10.555753    24A     -8.025215  
      25A     -8.021792    26A     -8.021758    27A     -1.493687  
      28A     -1.438164    29A     -1.384825    30A     -1.336409  
      31A     -1.223553    32A     -1.193758    33A     -1.134524  
      34A     -1.128536    35A     -1.098047    36A     -1.040625  
      37A     -1.011302    38A     -0.980489    39A     -0.977487  
      40A     -0.948077    41A     -0.914015    42A     -0.874968  
      43A     -0.851705    44A     -0.817228    45A     -0.793608  
      46A     -0.788208    47A     -0.754272    48A     -0.736178  
      49A     -0.729700    50A     -0.705994    51A     -0.687830  
      52A     -0.675639    53A     -0.670207    54A     -0.664175  
      55A     -0.655281    56A     -0.648467    57A     -0.635748  
      58A     -0.628507    59A     -0.616608    60A     -0.597663  
      61A     -0.595195    62A     -0.590758    63A     -0.579108  
      64A     -0.562638    65A     -0.552527    66A     -0.532353  
      67A     -0.525662    68A     -0.506440    69A     -0.497799  
      70A     -0.490358    71A     -0.481391    72A     -0.478855  
      73A     -0.476778    74A     -0.474460    75A     -0.471969  
      76A     -0.465148    77A     -0.459453    78A     -0.447310  
      79A     -0.428552    80A     -0.421256    81A     -0.391319  
      82A     -0.349379    83A     -0.313138  

    Virtual:                                                              

      84A      0.059013    85A      0.090745    86A      0.123469  
      87A      0.169702    88A      0.203063    89A      0.214693  
      90A      0.221486    91A      0.239160    92A      0.242637  
      93A      0.243315    94A      0.265137    95A      0.290339  
      96A      0.291498    97A      0.295097    98A      0.310620  
      99A      0.318645   100A      0.321162   101A      0.325336  
     102A      0.335122   103A      0.338045   104A      0.345027  
     105A      0.351514   106A      0.361795   107A      0.380804  
     108A      0.389383   109A      0.396655   110A      0.405206  
     111A      0.414842   112A      0.416768   113A      0.430796  
     114A      0.447744   115A      0.451179   116A      0.467700  
     117A      0.484865   118A      0.494479   119A      0.505899  
     120A      0.508140   121A      0.518249   122A      0.524153  
     123A      0.540854   124A      0.568690   125A      0.584166  
     126A      0.595298   127A      0.628729   128A      0.638622  
     129A      0.642446   130A      0.656520   131A      0.668167  
     132A      0.693823   133A      0.710010   134A      0.711809  
     135A      0.724865   136A      0.736077   137A      0.738118  
     138A      0.744799   139A      0.750667   140A      0.750851  
     141A      0.756455   142A      0.768083   143A      0.779751  
     144A      0.791732   145A      0.801931   146A      0.806757  
     147A      0.813369   148A      0.825743   149A      0.828705  
     150A      0.840499   151A      0.852346   152A      0.859358  
     153A      0.875716   154A      0.884876   155A      0.891478  
     156A      0.894195   157A      0.904838   158A      0.917386  
     159A      0.922433   160A      0.923292   161A      0.934574  
     162A      0.938771   163A      0.950118   164A      0.958485  
     165A      0.963589   166A      0.966546   167A      0.981795  
     168A      0.989557   169A      1.013297   170A      1.023032  
     171A      1.025863   172A      1.033497   173A      1.039471  
     174A      1.050050   175A      1.060595   176A      1.070460  
     177A      1.071401   178A      1.077126   179A      1.083715  
     180A      1.093369   181A      1.102447   182A      1.111693  
     183A      1.119171   184A      1.126126   185A      1.129981  
     186A      1.135984   187A      1.142285   188A      1.151420  
     189A      1.154719   190A      1.157020   191A      1.162363  
     192A      1.165667   193A      1.172993   194A      1.177921  
     195A      1.189366   196A      1.195163   197A      1.199373  
     198A      1.206586   199A      1.214258   200A      1.217504  
     201A      1.223103   202A      1.241262   203A      1.260348  
     204A      1.272048   205A      1.299544   206A      1.305915  
     207A      1.312095   208A      1.332008   209A      1.351526  
     210A      1.365053   211A      1.375714   212A      1.404394  
     213A      1.423516   214A      1.435682   215A      1.444995  
     216A      1.455394   217A      1.466336   218A      1.473983  
     219A      1.500972   220A      1.505989   221A      1.508881  
     222A      1.532990   223A      1.540666   224A      1.554925  
     225A      1.565842   226A      1.588555   227A      1.615130  
     228A      1.623848   229A      1.633063   230A      1.642670  
     231A      1.654581   232A      1.656012   233A      1.669308  
     234A      1.680561   235A      1.697535   236A      1.707872  
     237A      1.731387   238A      1.734446   239A      1.773345  
     240A      1.784294   241A      1.792589   242A      1.801471  
     243A      1.813390   244A      1.819926   245A      1.830973  
     246A      1.840211   247A      1.859913   248A      1.899148  
     249A      1.922506   250A      1.926601   251A      1.940589  
     252A      1.952233   253A      1.986881   254A      2.012481  
     255A      2.026645   256A      2.030544   257A      2.041573  
     258A      2.054583   259A      2.056247   260A      2.071222  
     261A      2.078956   262A      2.093842   263A      2.095347  
     264A      2.118726   265A      2.145073   266A      2.150227  
     267A      2.164377   268A      2.169098   269A      2.180563  
     270A      2.185410   271A      2.209997   272A      2.214700  
     273A      2.226011   274A      2.238631   275A      2.252253  
     276A      2.264874   277A      2.273477   278A      2.277994  
     279A      2.289912   280A      2.297529   281A      2.311066  
     282A      2.323507   283A      2.325580   284A      2.339076  
     285A      2.349056   286A      2.370010   287A      2.380735  
     288A      2.392822   289A      2.405621   290A      2.412011  
     291A      2.419990   292A      2.442916   293A      2.474060  
     294A      2.490033   295A      2.504042   296A      2.510855  
     297A      2.524521   298A      2.547966   299A      2.559217  
     300A      2.579017   301A      2.587996   302A      2.594267  
     303A      2.599714   304A      2.610104   305A      2.614381  
     306A      2.624653   307A      2.635151   308A      2.650667  
     309A      2.660040   310A      2.662704   311A      2.680688  
     312A      2.685275   313A      2.701280   314A      2.707996  
     315A      2.724778   316A      2.736134   317A      2.738529  
     318A      2.749781   319A      2.760160   320A      2.783809  
     321A      2.806906   322A      2.819013   323A      2.830447  
     324A      2.835249   325A      2.851154   326A      2.860840  
     327A      2.863672   328A      2.882201   329A      2.886136  
     330A      2.889562   331A      2.895361   332A      2.899516  
     333A      2.915302   334A      2.920332   335A      2.942370  
     336A      2.965638   337A      2.970452   338A      2.978067  
     339A      3.000849   340A      3.014458   341A      3.040478  
     342A      3.041962   343A      3.066600   344A      3.074687  
     345A      3.086993   346A      3.092192   347A      3.096669  
     348A      3.121965   349A      3.127299   350A      3.131157  
     351A      3.134730   352A      3.147063   353A      3.175436  
     354A      3.199024   355A      3.205810   356A      3.222046  
     357A      3.247460   358A      3.260461   359A      3.277615  
     360A      3.281762   361A      3.324231   362A      3.353036  
     363A      3.375844   364A      3.413189   365A      3.443709  
     366A      3.471985   367A      3.544279   368A      3.565778  
     369A      3.572841   370A      3.598046   371A      3.623323  
     372A      3.661045   373A      3.673479   374A      3.677727  
     375A      3.693583   376A      3.741704   377A      3.765233  
     378A      3.775262   379A      3.831448   380A      3.837955  
     381A      3.860270   382A      3.863422   383A      3.873161  
     384A      3.910595   385A      3.976179   386A      4.061375  
     387A      4.184936   388A      4.373105   389A      4.466800  
     390A      4.491643   391A      4.525110   392A      4.552798  
     393A      4.554673   394A      4.577119   395A      4.660516  
     396A      4.709032   397A      4.765234   398A      4.784330  
     399A      4.810243   400A      4.826902   401A      4.843805  
     402A      4.876821   403A      4.911429   404A      5.016345  
     405A      5.080856   406A      5.161566   407A      5.195476  
     408A      5.230872   409A      5.292726  

    Final Occupation by Irrep:
              A 
    DOCC [    83 ]
    NA   [    83 ]
    NB   [    83 ]

  @DF-RHF Final Energy: -1407.64301893419724

   => Energetics <=

    Nuclear Repulsion Energy =           1808.2279181186891037
    One-Electron Energy =               -5522.1340987917956227
    Two-Electron Energy =                2306.2631617389092753
    Total Energy =                      -1407.6430189341972437

Computation Completed


Properties will be evaluated at   0.000000,   0.000000,   0.000000 [a0]

Properties computed using the SCF density matrix


 Multipole Moments:

 ------------------------------------------------------------------------------------
     Multipole            Electronic (a.u.)      Nuclear  (a.u.)        Total (a.u.)
 ------------------------------------------------------------------------------------

 L = 1.  Multiply by 2.5417464519 to convert [e a0] to [Debye]
 Dipole X            :        -24.3492321           25.3296307            0.9803985
 Dipole Y            :         19.6858233          -21.9731700           -2.2873467
 Dipole Z            :         -7.4275295            7.5574558            0.1299263
 Magnitude           :                                                    2.4919905

 ------------------------------------------------------------------------------------

*** tstop() called on gunsnroses at Thu Jan 23 19:47:48 2025
Module time:
	user time   =     118.20 seconds =       1.97 minutes
	system time =       6.11 seconds =       0.10 minutes
	total time  =         19 seconds =       0.32 minutes
Total time:
	user time   =    1391.45 seconds =      23.19 minutes
	system time =      84.60 seconds =       1.41 minutes
	total time  =        247 seconds =       4.12 minutes

*** tstart() called on gunsnroses
*** at Thu Jan 23 19:47:48 2025


         ------------------------------------------------------------
                                   SCF GRAD                          
                          Rob Parrish, Justin Turney,                
                       Andy Simmonett, and Alex Sokolov              
         ------------------------------------------------------------

  ==> Geometry <==

    Molecular point group: c1
    Full point group: C1

    Geometry (in Angstrom), charge = 0, multiplicity = 1:

       Center              X                  Y                   Z               Mass       
    ------------   -----------------  -----------------  -----------------  -----------------
         N           -2.169115557865     2.226974729541    -0.767309746840    14.003074004430
         C           -1.990676639587     0.924613246884    -0.629626963946    12.000000000000
         C           -3.084500637610     0.057368270072    -0.716263084051    12.000000000000
         C           -4.310175886687     0.628982614403    -0.966908520191    12.000000000000
         N           -4.477410086402     1.932921971822    -1.113422180620    14.003074004430
         C           -3.393613050771     2.661970238441    -0.999463530509    12.000000000000
         C           -5.559883587249    -0.207694117060    -1.082900152721    12.000000000000
         O           -6.640728064408     0.220664654851    -1.291788204400    15.994914619570
         O           -5.311710797048    -1.505059796419    -0.926530274580    15.994914619570
         C           -0.609266007715     0.448756465624    -0.372498345245    12.000000000000
         C           -0.232342698179    -0.873690420753    -0.546738831917    12.000000000000
         C            1.063042515562    -1.293675479375    -0.300442867640    12.000000000000
         C            2.028999838635    -0.393683774675     0.132313853652    12.000000000000
         C            1.647978582397     0.942187959679     0.305493379239    12.000000000000
         C            0.362569401180     1.354758872340     0.053259693129    12.000000000000
         CL           2.820878355584     2.106669924686     0.846757780554    34.968852682000
         O            3.301739745659    -0.697922948852     0.381455071168    15.994914619570
         C            3.805848141128    -2.022844701151     0.269638939386    12.000000000000
         C            5.323951169428    -1.908883737026     0.336522761678    12.000000000000
         C            5.649792900324    -1.759411982696     1.838616104301    12.000000000000
         C            4.397027611396    -2.272723825483     2.595351730525    12.000000000000
         C            3.465037469583    -2.843231207343     1.512377777134    12.000000000000
         H           -2.993295280134    -0.998553021405    -0.578601725509     1.007825032230
         H           -3.511090921953     3.725228955190    -1.106492095698     1.007825032230
         H           -6.131141970361    -1.974574172794    -1.008954665211     1.007825032230
         H           -0.937975383163    -1.603821331512    -0.896698372378     1.007825032230
         H            1.311801994433    -2.325132832835    -0.449603090350     1.007825032230
         H            0.102776075325     2.385829228883     0.186127090736     1.007825032230
         H            3.464725986692    -2.460872422363    -0.661077092116     1.007825032230
         H            5.750652523378    -2.826463235809    -0.058001995972     1.007825032230
         H            5.686696272892    -1.087598522641    -0.268652799674     1.007825032230
         H            5.845486597179    -0.723547649353     2.086809716801     1.007825032230
         H            6.538720982404    -2.322118695826     2.101113323302     1.007825032230
         H            3.907171511713    -1.451759133108     3.105351464301     1.007825032230
         H            4.641065834071    -3.015292274663     3.346703236197     1.007825032230
         H            2.417494360433    -2.795741476616     1.785572105504     1.007825032230
         H            3.704380375571    -3.884195649437     1.308395128996     1.007825032230

  Nuclear repulsion = 1808.227918118689104

  ==> Basis Set <==

  Basis Set: 6-31G**
    Blend: 6-31G**
    Number of shells: 179
    Number of basis functions: 409
    Number of Cartesian functions: 409
    Spherical Harmonics?: false
    Max angular momentum: 2

  ==> DFJKGrad: Density-Fitted SCF Gradients <==

    Gradient:                    1
    J tasked:                  Yes
    K tasked:                  Yes
    wK tasked:                  No
    OpenMP threads:              8
    Integrals threads:           8
    Memory [MiB]:            17166
    Schwarz Cutoff:          1E-12
    Fitting Condition:       1E-10

   => Auxiliary Basis Set <=

  Basis Set: (6-31G** AUX)
    Blend: CC-PVDZ-JKFIT
    Number of shells: 675
    Number of basis functions: 2206
    Number of Cartesian functions: 2206
    Spherical Harmonics?: false
    Max angular momentum: 3


  -Total Gradient:
     Atom            X                  Y                   Z
    ------   -----------------  -----------------  -----------------
       1        0.000262757105    -0.000347245177     0.000153116512
       2        0.000163408497     0.000431318485     0.000092844706
       3       -0.000357902163    -0.000034805797    -0.000058353455
       4        0.000241723292    -0.000440832615    -0.000179089412
       5        0.000203230497     0.000463688498     0.000124194698
       6       -0.000527202783    -0.000106034294    -0.000384563866
       7       -0.000056992127     0.000093557555     0.000503972877
       8        0.000019429758    -0.000022760219    -0.000184205331
       9        0.000049539107    -0.000025190846    -0.000136708753
      10       -0.000067220368    -0.000051851566    -0.000040012315
      11        0.000004579181     0.000010910460     0.000004847422
      12       -0.000018049379     0.000007794093    -0.000030215695
      13        0.000042797812     0.000019952086     0.000138164570
      14       -0.000046605544     0.000018062632    -0.000078944915
      15        0.000061855410     0.000023181036    -0.000004567187
      16        0.000014444664    -0.000002232987     0.000004078043
      17        0.000084534475    -0.000083890651     0.000102419457
      18       -0.000178244640     0.000204982678     0.000167209560
      19        0.000024102755    -0.000369429819    -0.000254063205
      20       -0.000008879531     0.000123583267     0.000109016129
      21       -0.000246398943     0.000124104846     0.000064758752
      22        0.000288249596    -0.000189864507    -0.000159474867
      23       -0.000018425707     0.000013350953    -0.000015958781
      24        0.000012962790     0.000008865646     0.000114214704
      25       -0.000014926054     0.000008220859    -0.000006516458
      26        0.000035227644    -0.000013524789     0.000009418983
      27       -0.000007791952     0.000002508296    -0.000006059083
      28       -0.000003163103    -0.000011298874     0.000005115585
      29       -0.000039039204     0.000122148800    -0.000105974675
      30       -0.000035363555     0.000142446281     0.000035969168
      31       -0.000038147616    -0.000076939045    -0.000141745912
      32        0.000131363714    -0.000093746502     0.000104467145
      33       -0.000013625062     0.000078537347     0.000007159252
      34        0.000021259796    -0.000029716432    -0.000049566236
      35       -0.000033944370     0.000098862671     0.000101831516
      36       -0.000021461881    -0.000077916011    -0.000018480559
      37        0.000071917871    -0.000018796380     0.000011701625


*** tstop() called on gunsnroses at Thu Jan 23 19:47:58 2025
Module time:
	user time   =      48.44 seconds =       0.81 minutes
	system time =       4.06 seconds =       0.07 minutes
	total time  =         10 seconds =       0.17 minutes
Total time:
	user time   =    1439.90 seconds =      24.00 minutes
	system time =      88.66 seconds =       1.48 minutes
	total time  =        257 seconds =       4.28 minutes

    			-----------------------------------------

    			 OPTKING 3.0: for geometry optimizations 

    			     By R.A. King, Bethel University     

    			        with contributions from          

    			    A.V. Copan, J. Cayton, A. Heide      

    			-----------------------------------------

    
	                            ===> Fragment 1 <== 

	 Z (Atomic Numbers)          Masses                          Geom                  
	       7.000000            14.003074         -4.09903434  4.20837233 -1.45000527   
	       6.000000            12.000000         -3.76183365  1.74726581 -1.18982252   
	       6.000000            12.000000         -5.82886144  0.10841032 -1.35354106   
	       6.000000            12.000000         -8.14505198  1.18860488 -1.82719229   
	       7.000000            14.003074         -8.46107881  3.65269315 -2.10406298   
	       6.000000            12.000000         -6.41299924  5.03039470 -1.88871235   
	       6.000000            12.000000        -10.50665727  -0.39248500  -2.04638471 
	       8.000000            15.994915        -12.54915732   0.41699576  -2.44112592 
	       8.000000            15.994915        -10.03767866  -2.84415082  -1.75088847 
	       6.000000            12.000000         -1.15134589  0.84802682 -0.70391985   
	       6.000000            12.000000         -0.43906407 -1.65103561 -1.03318665   
	       6.000000            12.000000          2.00885921 -2.44469235 -0.56775474   
	       6.000000            12.000000          3.83425400 -0.74395451  0.25003695   
	       6.000000            12.000000          3.11422818  1.78047720  0.57729882   
	       6.000000            12.000000          0.68515687  2.56012323  0.10064623   
	      17.000000            34.968853          5.33068753  3.98102919  1.60014030   
	       8.000000            15.994915          6.23938386 -1.31888323  0.72084561   
	       6.000000            12.000000          7.19201066 -3.82262248  0.50954375   
	       6.000000            12.000000         10.06080962 -3.60726747  0.63593585   
	       6.000000            12.000000         10.67656125 -3.32480679  3.47448089   
	       6.000000            12.000000          8.30917795 -4.29482559  4.90450397   
	       6.000000            12.000000          6.54797183 -5.37292829  2.85797980   
	       1.000000             1.007825         -5.65650829 -1.88699173 -1.09339880   
	       1.000000             1.007825         -6.63500024  7.03966248 -2.09096702   
	       1.000000             1.007825        -11.58617916  -3.73140440  -1.90664799 
	       1.000000             1.007825         -1.77251659 -3.03078307 -1.69451434   
	       1.000000             1.007825          2.47894650 -4.39386426 -0.84962671   
	       1.000000             1.007825          0.19421863  4.50856382  0.35172923   
	       1.000000             1.007825          6.54738321 -4.65037491 -1.24925465   
	       1.000000             1.007825         10.86715831 -5.34124142 -0.10960789   
	       1.000000             1.007825         10.74629851 -2.05526334 -0.50768021   
	       1.000000             1.007825         11.04636874 -1.36730690  3.94349884   
	       1.000000             1.007825         12.35639187 -4.38816837  3.97052874   
	       1.000000             1.007825          7.38348408 -2.74342716  5.86826379   
	       1.000000             1.007825          8.77034336 -5.69807659  6.32435254   
	       1.000000             1.007825          4.56840225 -5.28318571  3.37424226   
	       1.000000             1.007825          7.00026437 -7.34006600  2.47250846   

	 - Coordinate -           - BOHR/RAD -       - ANG/DEG -
	 H(5,24)          =         3.847895           2.036218
	 H(8,25)          =         4.292111           2.271287
	 R(1,2)           =         2.497688           1.321719
	 R(1,6)           =         2.494518           1.320042
	 R(2,3)           =         2.642963           1.398596
	 R(2,10)          =         2.803458           1.483526
	 R(3,4)           =         2.599212           1.375444
	 R(3,23)          =         2.019656           1.068756
	 R(4,5)           =         2.499652           1.322759
	 R(4,7)           =         2.850451           1.508394
	 R(5,6)           =         2.477714           1.311150
	 R(6,24)          =         2.031588           1.075070
	 R(7,8)           =         2.232238           1.181249
	 R(7,9)           =         2.513548           1.330112
	 R(9,25)          =         1.791461           0.948001
	 R(10,11)         =         2.619365           1.386108
	 R(10,15)         =         2.636540           1.395197
	 R(11,12)         =         2.615119           1.383861
	 R(11,26)         =         2.029570           1.074002
	 R(12,13)         =         2.625521           1.389366
	 R(12,27)         =         2.024773           1.071464
	 R(13,14)         =         2.645429           1.399901
	 R(13,17)         =         2.517311           1.332103
	 R(14,15)         =         2.595271           1.373358
	 R(14,16)         =         3.286537           1.739161
	 R(15,28)         =         2.024965           1.071565
	 R(17,18)         =         2.687165           1.421987
	 R(18,19)         =         2.879646           1.523843
	 R(18,22)         =         2.886760           1.527608
	 R(18,29)         =         2.047948           1.083727
	 R(19,20)         =         2.918265           1.544279
	 R(19,30)         =         2.052486           1.086129
	 R(19,31)         =         2.046086           1.082742
	 R(20,21)         =         2.930939           1.550986
	 R(20,32)         =         2.046593           1.083010
	 R(20,33)         =         2.049056           1.084314
	 R(21,22)         =         2.907303           1.538479
	 R(21,34)         =         2.047579           1.083532
	 R(21,35)         =         2.048843           1.084201
	 R(22,36)         =         2.047749           1.083622
	 R(22,37)         =         2.054942           1.087429
	 B(1,2,3)         =         2.093197         119.931365
	 B(1,2,10)        =         2.048600         117.376136
	 B(1,6,5)         =         2.212829         126.785790
	 B(1,6,24)        =         2.031731         116.409595
	 B(2,1,6)         =         2.058116         117.921335
	 B(2,3,4)         =         2.038142         116.776963
	 B(2,3,23)        =         2.138759         122.541859
	 B(2,10,11)       =         2.138210         122.510393
	 B(2,10,15)       =         2.086572         119.551765
	 B(3,2,10)        =         2.141343         122.689915
	 B(3,4,5)         =         2.144229         122.855268
	 B(3,4,7)         =         2.119738         121.452035
	 B(4,3,23)        =         2.106112         120.671315
	 B(4,5,6)         =         2.019717         115.721268
	 B(4,7,8)         =         2.177952         124.787465
	 B(4,7,9)         =         1.957786         112.172865
	 B(5,4,7)         =         2.019197         115.691491
	 B(5,6,24)        =         2.038625         116.804599
	 B(7,9,25)        =         1.887649         108.154316
	 B(8,7,9)         =         2.147441         123.039320
	 B(10,11,12)      =         2.119662         121.447706
	 B(10,11,26)      =         2.107027         120.723742
	 B(10,15,14)      =         2.109378         120.858445
	 B(10,15,28)      =         2.087245         119.590307
	 B(11,10,15)      =         2.058381         117.936553
	 B(11,12,13)      =         2.105569         120.640220
	 B(11,12,27)      =         2.076821         118.993090
	 B(12,11,26)      =         2.056332         117.819148
	 B(12,13,14)      =         2.057194         117.868557
	 B(12,13,17)      =         2.182885         125.070100
	 B(13,12,27)      =         2.100794         120.366650
	 B(13,14,15)      =         2.116122         121.244872
	 B(13,14,16)      =         2.087347         119.596164
	 B(13,17,18)      =         2.137442         122.466408
	 B(14,13,17)      =         2.043006         117.055607
	 B(14,15,28)      =         2.086563         119.551226
	 B(15,14,16)      =         2.079714         119.158831
	 B(17,18,19)      =         1.854635         106.262762
	 B(17,18,22)      =         1.936193         110.935703
	 B(17,18,29)      =         1.909792         109.423002
	 B(18,19,20)      =         1.833959         105.078100
	 B(18,19,30)      =         1.888369         108.195580
	 B(18,19,31)      =         1.945457         111.466464
	 B(18,22,21)      =         1.811470         103.789596
	 B(18,22,36)      =         1.979298         113.405449
	 B(18,22,37)      =         1.888501         108.203113
	 B(19,18,22)      =         1.799501         103.103839
	 B(19,18,29)      =         1.962219         112.426846
	 B(19,20,21)      =         1.846387         105.790179
	 B(19,20,32)      =         1.932227         110.708475
	 B(19,20,33)      =         1.937159         110.991025
	 B(20,19,30)      =         1.930709         110.621491
	 B(20,19,31)      =         1.981825         113.550181
	 B(20,21,22)      =         1.842721         105.580120
	 B(20,21,34)      =         1.922028         110.124098
	 B(20,21,35)      =         1.963822         112.518732
	 B(21,20,32)      =         1.929102         110.529409
	 B(21,20,33)      =         1.952292         111.858100
	 B(21,22,36)      =         1.973490         113.072631
	 B(21,22,37)      =         1.932311         110.713260
	 B(22,18,29)      =         1.994753         114.290908
	 B(22,21,34)      =         1.916033         109.780593
	 B(22,21,35)      =         1.950016         111.727712
	 B(30,19,31)      =         1.881962         107.828501
	 B(32,20,33)      =         1.867895         107.022513
	 B(34,21,35)      =         1.869736         107.127981
	 B(36,22,37)      =         1.877603         107.578726
	 D(1,2,3,4)       =         0.017259           0.988886
	 D(1,2,3,23)      =        -3.104497        -177.874574
	 D(1,2,10,11)     =        -2.846944        -163.117903
	 D(1,2,10,15)     =         0.287287          16.460338
	 D(1,6,5,4)       =         0.010381           0.594782
	 D(2,1,6,5)       =        -0.001746          -0.100011
	 D(2,1,6,24)      =        -3.142482        -180.050938
	 D(2,3,4,5)       =        -0.008550          -0.489896
	 D(2,3,4,7)       =        -3.142868        -180.073091
	 D(2,10,11,12)    =         3.141434         179.990902
	 D(2,10,11,26)    =         0.019738           1.130918
	 D(2,10,15,14)    =         3.135931         179.675637
	 D(2,10,15,28)    =        -0.004695          -0.269024
	 D(3,2,1,6)       =        -0.012568          -0.720085
	 D(3,2,10,11)     =         0.304877          17.468137
	 D(3,2,10,15)     =        -2.844077        -162.953622
	 D(3,4,5,6)       =        -0.004515          -0.258700
	 D(3,4,7,8)       =         3.136834         179.727362
	 D(3,4,7,9)       =        -0.008428          -0.482899
	 D(4,3,2,10)      =        -3.134814        -179.611614
	 D(4,5,6,24)      =        -3.132071        -179.454460
	 D(4,7,9,25)      =         3.140678         179.947593
	 D(5,4,3,23)      =         3.113601         178.396176
	 D(5,4,7,8)       =         0.002023           0.115907
	 D(5,4,7,9)       =        -3.143239        -180.094354
	 D(6,1,2,10)      =         3.138958         179.849036
	 D(6,5,4,7)       =         3.130191         179.346727
	 D(7,4,3,23)      =        -0.020717          -1.187019
	 D(8,7,9,25)      =        -0.004510          -0.258398
	 D(10,2,3,23)     =         0.026615           1.524925
	 D(10,11,12,13)   =         0.000430           0.024635
	 D(10,11,12,27)   =        -3.139914        -179.903797
	 D(10,15,14,13)   =         0.010919           0.625587
	 D(10,15,14,16)   =        -3.133000        -179.507684
	 D(11,10,15,14)   =        -0.012688          -0.726944
	 D(11,10,15,28)   =         3.129871         179.328395
	 D(11,12,13,14)   =        -0.002534          -0.145173
	 D(11,12,13,17)   =        -3.128429        -179.245757
	 D(12,11,10,15)   =         0.007089           0.406189
	 D(12,13,14,15)   =        -0.003101          -0.177678
	 D(12,13,14,16)   =         3.140828         179.956166
	 D(12,13,17,18)   =        -0.038829          -2.224741
	 D(13,12,11,26)   =         3.122683         178.916570
	 D(13,14,15,28)   =        -3.131640        -179.429731
	 D(13,17,18,19)   =         2.934479         168.133238
	 D(13,17,18,22)   =        -1.404854         -80.492228
	 D(13,17,18,29)   =         0.811852          46.515682
	 D(14,13,12,27)   =         3.137793         179.782275
	 D(14,13,17,18)   =         3.118346         178.668066
	 D(15,10,11,26)   =        -3.114606        -178.453794
	 D(15,14,13,17)   =         3.124065         178.995743
	 D(16,14,13,17)   =        -0.015192          -0.870412
	 D(16,14,15,28)   =         0.007627           0.436999
	 D(17,13,12,27)   =         0.011898           0.681691
	 D(17,18,19,20)   =         1.392147          79.764157
	 D(17,18,19,30)   =        -2.828112        -162.038887
	 D(17,18,19,31)   =        -0.761713         -43.642919
	 D(17,18,22,21)   =        -1.267075         -72.598078
	 D(17,18,22,36)   =         0.881237          50.491133
	 D(17,18,22,37)   =         2.962715         169.751067
	 D(18,19,20,21)   =         0.330664          18.945643
	 D(18,19,20,32)   =        -1.759713        -100.824154
	 D(18,19,20,33)   =         2.451724         140.473412
	 D(18,22,21,20)   =        -0.504641         -28.913784
	 D(18,22,21,34)   =         1.566644          89.762099
	 D(18,22,21,35)   =        -2.644828        -151.537496
	 D(19,18,22,21)   =         0.711868          40.787027
	 D(19,18,22,36)   =         2.860180         163.876238
	 D(19,18,22,37)   =        -1.341527         -76.863828
	 D(19,20,21,22)   =         0.108117           6.194667
	 D(19,20,21,34)   =        -1.959169        -112.252127
	 D(19,20,21,35)   =         2.239451         128.311071
	 D(20,19,18,22)   =        -0.645492         -36.983976
	 D(20,19,18,29)   =        -2.802247        -160.556919
	 D(20,21,22,36)   =        -2.656765        -152.221405
	 D(20,21,22,37)   =         1.518073          86.979164
	 D(21,20,19,30)   =        -1.703446         -97.600275
	 D(21,20,19,31)   =         2.461080         141.009487
	 D(21,22,18,29)   =         2.846945         163.117939
	 D(22,18,19,30)   =         1.417434          81.212980
	 D(22,18,19,31)   =        -2.799352        -160.391052
	 D(22,21,20,32)   =         2.200546         126.081970
	 D(22,21,20,33)   =        -2.003155        -114.772354
	 D(26,11,12,27)   =        -0.017660          -1.011863
	 D(29,18,19,30)   =        -0.739321         -42.359963
	 D(29,18,19,31)   =         1.327079          76.036005
	 D(29,18,22,36)   =        -1.287928         -73.792850
	 D(29,18,22,37)   =         0.793550          45.467084
	 D(30,19,20,32)   =         2.489362         142.629928
	 D(30,19,20,33)   =         0.417614          23.927495
	 D(31,19,20,32)   =         0.370703          21.239690
	 D(31,19,20,33)   =        -1.701046         -97.462744
	 D(32,20,21,34)   =         0.133259           7.635176
	 D(32,20,21,35)   =        -1.951306        -111.801627
	 D(33,20,21,34)   =         2.212743         126.780852
	 D(33,20,21,35)   =         0.128178           7.344050
	 D(34,21,22,36)   =        -0.585480         -33.545522
	 D(34,21,22,37)   =        -2.693828        -154.344953
	 D(35,21,22,36)   =         1.486233          85.154883
	 D(35,21,22,37)   =        -0.622115         -35.644548


	        --- Internal Coordinate Step in ANG or DEG, aJ/ANG or AJ/DEG ---
	-------------------------------------------------------------------------------
	           Coordinate      Previous         Force          Change          New 
	           ----------      --------        ------          ------        ------
	              H(5,24)       2.03622        0.00064       -0.00005       2.03617
	              H(8,25)       2.27129        0.00005       -0.00002       2.27127
	               R(1,2)       1.32172        0.00210       -0.00011       1.32161
	               R(1,6)       1.32004       -0.00244        0.00012       1.32016
	               R(2,3)       1.39860       -0.00193        0.00012       1.39872
	              R(2,10)       1.48353       -0.00025        0.00001       1.48354
	               R(3,4)       1.37544        0.00175       -0.00011       1.37533
	              R(3,23)       1.06876        0.00014       -0.00001       1.06875
	               R(4,5)       1.32276       -0.00230        0.00013       1.32289
	               R(4,7)       1.50839        0.00034       -0.00000       1.50839
	               R(5,6)       1.31115        0.00212       -0.00013       1.31102
	              R(6,24)       1.07507       -0.00049       -0.00000       1.07507
	               R(7,8)       1.18125       -0.00008        0.00000       1.18125
	               R(7,9)       1.33011       -0.00010        0.00001       1.33013
	              R(9,25)       0.94800       -0.00009       -0.00000       0.94800
	             R(10,11)       1.38611       -0.00016        0.00000       1.38611
	             R(10,15)       1.39520       -0.00038        0.00003       1.39523
	             R(11,12)       1.38386       -0.00004       -0.00000       1.38386
	             R(11,26)       1.07400        0.00014       -0.00001       1.07399
	             R(12,13)       1.38937       -0.00017       -0.00006       1.38931
	             R(12,27)       1.07146        0.00003        0.00003       1.07149
	             R(13,14)       1.39990       -0.00003        0.00001       1.39991
	             R(13,17)       1.33210       -0.00010       -0.00010       1.33200
	             R(14,15)       1.37336        0.00011       -0.00002       1.37334
	             R(14,16)       1.73916       -0.00008        0.00001       1.73917
	             R(15,28)       1.07157        0.00008       -0.00001       1.07156
	             R(17,18)       1.42199        0.00044        0.00001       1.42200
	             R(18,19)       1.52384        0.00032       -0.00060       1.52324
	             R(18,22)       1.52761        0.00033        0.00021       1.52781
	             R(18,29)       1.08373       -0.00044        0.00004       1.08377
	             R(19,20)       1.54428       -0.00224       -0.00160       1.54268
	             R(19,30)       1.08613        0.00121        0.00030       1.08643
	             R(19,31)       1.08274       -0.00007        0.00005       1.08279
	             R(20,21)       1.55099       -0.00061        0.00057       1.55156
	             R(20,32)       1.08301        0.00035        0.00001       1.08302
	             R(20,33)       1.08431        0.00041       -0.00007       1.08424
	             R(21,22)       1.53848       -0.00006        0.00107       1.53955
	             R(21,34)       1.08353        0.00046       -0.00001       1.08352
	             R(21,35)       1.08420        0.00004       -0.00002       1.08419
	             R(22,36)       1.08362       -0.00010       -0.00008       1.08355
	             R(22,37)       1.08743       -0.00026       -0.00011       1.08732
	             B(1,2,3)     119.93137        0.00000       -0.00302     119.92835
	            B(1,2,10)     117.37614       -0.00000        0.00477     117.38091
	             B(1,6,5)     126.78579        0.00000       -0.00008     126.78571
	            B(1,6,24)     116.40959        0.00001       -0.00808     116.40151
	             B(2,1,6)     117.92133       -0.00000        0.00191     117.92325
	             B(2,3,4)     116.77696       -0.00000        0.00128     116.77824
	            B(2,3,23)     122.54186       -0.00000        0.00456     122.54642
	           B(2,10,11)     122.51039       -0.00001        0.00333     122.51372
	           B(2,10,15)     119.55176        0.00000       -0.00280     119.54896
	            B(3,2,10)     122.68991       -0.00000       -0.00199     122.68792
	             B(3,4,5)     122.85527       -0.00000       -0.00049     122.85477
	             B(3,4,7)     121.45204       -0.00000        0.00359     121.45563
	            B(4,3,23)     120.67131        0.00000       -0.00505     120.66626
	             B(4,5,6)     115.72127        0.00000       -0.00163     115.71964
	             B(4,7,8)     124.78747       -0.00000       -0.00031     124.78716
	             B(4,7,9)     112.17287        0.00000        0.00298     112.17584
	             B(5,4,7)     115.69149        0.00000       -0.00281     115.68868
	            B(5,6,24)     116.80460       -0.00001        0.00569     116.81029
	            B(7,9,25)     108.15432        0.00000        0.00065     108.15497
	             B(8,7,9)     123.03932       -0.00000       -0.00255     123.03677
	          B(10,11,12)     121.44771       -0.00000       -0.00040     121.44731
	          B(10,11,26)     120.72374       -0.00000        0.00754     120.73128
	          B(10,15,14)     120.85844       -0.00000        0.00179     120.86023
	          B(10,15,28)     119.59031        0.00000       -0.00252     119.58779
	          B(11,10,15)     117.93655        0.00000       -0.00040     117.93615
	          B(11,12,13)     120.64022       -0.00000       -0.00186     120.63836
	          B(11,12,27)     118.99309        0.00000        0.00945     119.00254
	          B(12,11,26)     117.81915        0.00000       -0.00704     117.81211
	          B(12,13,14)     117.86856        0.00000        0.00680     117.87536
	          B(12,13,17)     125.07010       -0.00000       -0.02450     125.04560
	          B(13,12,27)     120.36665        0.00000       -0.00759     120.35906
	          B(13,14,15)     121.24487       -0.00000       -0.00583     121.23904
	          B(13,14,16)     119.59616        0.00000        0.00668     119.60285
	          B(13,17,18)     122.46641       -0.00001       -0.03240     122.43401
	          B(14,13,17)     117.05561       -0.00000        0.01868     117.07429
	          B(14,15,28)     119.55123        0.00000        0.00072     119.55195
	          B(15,14,16)     119.15883       -0.00000       -0.00086     119.15797
	          B(17,18,19)     106.26276       -0.00000       -0.00744     106.25532
	          B(17,18,22)     110.93570       -0.00000        0.04061     110.97631
	          B(17,18,29)     109.42300       -0.00000       -0.01681     109.40620
	          B(18,19,20)     105.07810        0.00000       -0.14892     104.92918
	          B(18,19,30)     108.19558       -0.00000       -0.10025     108.09533
	          B(18,19,31)     111.46646        0.00000        0.20093     111.66739
	          B(18,22,21)     103.78960       -0.00000        0.20585     103.99545
	          B(18,22,36)     113.40545        0.00000       -0.01443     113.39102
	          B(18,22,37)     108.20311       -0.00000       -0.06527     108.13784
	          B(19,18,22)     103.10384        0.00000       -0.02115     103.08269
	          B(19,18,29)     112.42685        0.00000        0.05256     112.47941
	          B(19,20,21)     105.79018        0.00000       -0.05328     105.73690
	          B(19,20,32)     110.70848       -0.00000       -0.21017     110.49830
	          B(19,20,33)     110.99102       -0.00000        0.15693     111.14796
	          B(20,19,30)     110.62149       -0.00001       -0.02543     110.59606
	          B(20,19,31)     113.55018       -0.00000        0.02533     113.57551
	          B(20,21,22)     105.58012        0.00000        0.14074     105.72086
	          B(20,21,34)     110.12410       -0.00000        0.00784     110.13194
	          B(20,21,35)     112.51873        0.00000       -0.03847     112.48027
	          B(21,20,32)     110.52941       -0.00000       -0.14704     110.38237
	          B(21,20,33)     111.85810       -0.00000        0.19482     112.05292
	          B(21,22,36)     113.07263        0.00001       -0.06770     113.00493
	          B(21,22,37)     110.71326       -0.00000        0.00925     110.72251
	          B(22,18,29)     114.29091       -0.00000       -0.04362     114.24729
	          B(22,21,34)     109.78059       -0.00000        0.11124     109.89183
	          B(22,21,35)     111.72771       -0.00000       -0.15890     111.56881
	          B(30,19,31)     107.82850        0.00000        0.03917     107.86768
	          B(32,20,33)     107.02251        0.00001        0.05086     107.07337
	          B(34,21,35)     107.12798        0.00000       -0.05623     107.07175
	          B(36,22,37)     107.57873        0.00000       -0.06279     107.51594
	           D(1,2,3,4)       0.98889        0.00000        0.03628       1.02516
	          D(1,2,3,23)    -177.87457        0.00000       -0.01013    -177.88470
	         D(1,2,10,11)    -163.11790        0.00000       -0.17667    -163.29457
	         D(1,2,10,15)      16.46034        0.00000       -0.15641      16.30393
	           D(1,6,5,4)       0.59478        0.00001        0.23725       0.83203
	           D(2,1,6,5)      -0.10001       -0.00001       -0.21994      -0.31995
	          D(2,1,6,24)    -180.05094        0.00001        0.32700    -179.72394
	           D(2,3,4,5)      -0.48990       -0.00000       -0.01449      -0.50439
	           D(2,3,4,7)    -180.07309       -0.00000       -0.06853    -180.14162
	        D(2,10,11,12)     179.99090        0.00000        0.00458     179.99548
	        D(2,10,11,26)       1.13092        0.00000       -0.00180       1.12912
	        D(2,10,15,14)     179.67564       -0.00000       -0.00602     179.66962
	        D(2,10,15,28)      -0.26902       -0.00000       -0.00088      -0.26990
	           D(3,2,1,6)      -0.72009        0.00000        0.06851      -0.65158
	         D(3,2,10,11)      17.46814        0.00000       -0.14998      17.31816
	         D(3,2,10,15)    -162.95362        0.00000       -0.12972    -163.08334
	           D(3,4,5,6)      -0.25870       -0.00000       -0.10980      -0.36850
	           D(3,4,7,8)     179.72736       -0.00001        0.00543     179.73279
	           D(3,4,7,9)      -0.48290        0.00001        0.04487      -0.43803
	          D(4,3,2,10)    -179.61161       -0.00000        0.00897    -179.60264
	          D(4,5,6,24)    -179.45446       -0.00001       -0.31166    -179.76612
	          D(4,7,9,25)     179.94759       -0.00001       -0.01756     179.93003
	          D(5,4,3,23)     178.39618        0.00000        0.03110     178.42727
	           D(5,4,7,8)       0.11591       -0.00001       -0.04495       0.07096
	           D(5,4,7,9)    -180.09435        0.00001       -0.00551    -180.09987
	          D(6,1,2,10)     179.84904        0.00000        0.09442     179.94346
	           D(6,5,4,7)     179.34673       -0.00000       -0.05862     179.28810
	          D(7,4,3,23)      -1.18702       -0.00000       -0.02294      -1.20996
	          D(8,7,9,25)      -0.25840        0.00001        0.02108      -0.23732
	         D(10,2,3,23)       1.52493       -0.00000       -0.03743       1.48750
	       D(10,11,12,13)       0.02464       -0.00000        0.00125       0.02589
	       D(10,11,12,27)    -179.90380       -0.00000        0.00243    -179.90136
	       D(10,15,14,13)       0.62559        0.00000        0.00267       0.62826
	       D(10,15,14,16)    -179.50768        0.00000        0.00209    -179.50560
	       D(11,10,15,14)      -0.72694        0.00000        0.01334      -0.71360
	       D(11,10,15,28)     179.32840        0.00000        0.01848     179.34687
	       D(11,12,13,14)      -0.14517        0.00000        0.01472      -0.13045
	       D(11,12,13,17)    -179.24576       -0.00000       -0.06636    -179.31211
	       D(12,11,10,15)       0.40619       -0.00000       -0.01536       0.39083
	       D(12,13,14,15)      -0.17768       -0.00000       -0.01672      -0.19439
	       D(12,13,14,16)     179.95617       -0.00000       -0.01612     179.94005
	       D(12,13,17,18)      -2.22474        0.00000       -0.02952      -2.25427
	       D(13,12,11,26)     178.91657       -0.00000        0.00761     178.92418
	       D(13,14,15,28)    -179.42973        0.00000       -0.00247    -179.43220
	       D(13,17,18,19)     168.13324        0.00000        0.04330     168.17654
	       D(13,17,18,22)     -80.49223        0.00000        0.03352     -80.45871
	       D(13,17,18,29)      46.51568       -0.00000       -0.00589      46.50979
	       D(14,13,12,27)     179.78227        0.00000        0.01354     179.79581
	       D(14,13,17,18)     178.66807       -0.00000       -0.10992     178.55814
	       D(15,10,11,26)    -178.45379       -0.00000       -0.02174    -178.47554
	       D(15,14,13,17)     178.99574        0.00000        0.05745     179.05319
	       D(16,14,13,17)      -0.87041        0.00000        0.05804      -0.81237
	       D(16,14,15,28)       0.43700        0.00000       -0.00305       0.43395
	       D(17,13,12,27)       0.68169       -0.00000       -0.06754       0.61415
	       D(17,18,19,20)      79.76416        0.00001       -0.86676      78.89740
	       D(17,18,19,30)    -162.03889        0.00000       -1.02086    -163.05975
	       D(17,18,19,31)     -43.64292        0.00001       -0.91782     -44.56073
	       D(17,18,22,21)     -72.59808       -0.00001       -0.61136     -73.20944
	       D(17,18,22,36)      50.49113       -0.00001       -0.56363      49.92751
	       D(17,18,22,37)     169.75107       -0.00001       -0.69550     169.05556
	       D(18,19,20,21)      18.94564       -0.00000        2.02951      20.97515
	       D(18,19,20,32)    -100.82415       -0.00000        2.35014     -98.47401
	       D(18,19,20,33)     140.47341       -0.00000        2.32189     142.79530
	       D(18,22,21,20)     -28.91378        0.00001        1.86145     -27.05234
	       D(18,22,21,34)      89.76210        0.00001        2.00782      91.76992
	       D(18,22,21,35)    -151.53750        0.00001        1.91023    -149.62727
	       D(19,18,22,21)      40.78703       -0.00001       -0.61385      40.17318
	       D(19,18,22,36)     163.87624       -0.00001       -0.56612     163.31012
	       D(19,18,22,37)     -76.86383       -0.00001       -0.69800     -77.56183
	       D(19,20,21,22)       6.19467       -0.00000       -2.38458       3.81008
	       D(19,20,21,34)    -112.25213       -0.00000       -2.60059    -114.85272
	       D(19,20,21,35)     128.31107       -0.00000       -2.50968     125.80139
	       D(20,19,18,22)     -36.98398        0.00001       -0.89976     -37.88374
	       D(20,19,18,29)    -160.55692        0.00001       -0.86208    -161.41899
	       D(20,21,22,36)    -152.22141        0.00000        1.77988    -150.44153
	       D(20,21,22,37)      86.97916        0.00000        1.90105      88.88022
	       D(21,20,19,30)     -97.60027        0.00000        2.24195     -95.35832
	       D(21,20,19,31)     141.00949        0.00000        2.19195     143.20144
	       D(21,22,18,29)     163.11794       -0.00001       -0.58796     162.52998
	       D(22,18,19,30)      81.21298        0.00000       -1.05386      80.15912
	       D(22,18,19,31)    -160.39105        0.00001       -0.95082    -161.34187
	       D(22,21,20,32)     126.08197       -0.00001       -2.74631     123.33566
	       D(22,21,20,33)    -114.77235       -0.00000       -2.65364    -117.42599
	       D(26,11,12,27)      -1.01186       -0.00000        0.00879      -1.00307
	       D(29,18,19,30)     -42.35996        0.00000       -1.01617     -43.37614
	       D(29,18,19,31)      76.03601        0.00001       -0.91313      75.12287
	       D(29,18,22,36)     -73.79285       -0.00000       -0.54023     -74.33308
	       D(29,18,22,37)      45.46708       -0.00000       -0.67211      44.79498
	       D(30,19,20,32)     142.62993        0.00000        2.56259     145.19252
	       D(30,19,20,33)      23.92749       -0.00000        2.53433      26.46183
	       D(31,19,20,32)      21.23969        0.00000        2.51259      23.75228
	       D(31,19,20,33)     -97.46274        0.00000        2.48433     -94.97841
	       D(32,20,21,34)       7.63518       -0.00000       -2.96232       4.67285
	       D(32,20,21,35)    -111.80163       -0.00001       -2.87141    -114.67303
	       D(33,20,21,34)     126.78085        0.00000       -2.86965     123.91120
	       D(33,20,21,35)       7.34405       -0.00000       -2.77874       4.56531
	       D(34,21,22,36)     -33.54552        0.00000        1.92625     -31.61927
	       D(34,21,22,37)    -154.34495       -0.00000        2.04743    -152.29753
	       D(35,21,22,36)      85.15488        0.00000        1.82866      86.98355
	       D(35,21,22,37)     -35.64455        0.00000        1.94984     -33.69471
	-------------------------------------------------------------------------------

	                                 ==> Convergence Check <==                                  
    
	Measures of convergence in internal coordinates in au.
    
	Criteria marked as inactive (o), active & met (*), and active & unmet ( ).

	----------------------------------------------------------------------------------------------
	   Step    Total Energy     Delta E     Max Force     RMS Force      Max Disp      RMS Disp   
	----------------------------------------------------------------------------------------------
	  Convergence Criteria     1.00e-06 *    3.00e-04 *             o    1.20e-03 *             o
	----------------------------------------------------------------------------------------------
	     8   -1407.64301893   -2.61e-05      2.96e-04 *    6.84e-05 o    5.17e-02      1.54e-02 o  ~
	----------------------------------------------------------------------------------------------

Next Geometry in Ang 
	Fragment 1 (Ang)

	    N  -2.1680757068   2.2278221363  -0.7646301494
	    C  -1.9895067694   0.9253622066  -0.6291492914
	    C  -3.0834785958   0.0581817953  -0.7165604658
	    C  -4.3090913806   0.6300512472  -0.9663244890
	    N  -4.4763776893   1.9343067413  -1.1110939863
	    C  -3.3930426115   2.6633199781  -0.9940262545
	    C  -5.5586459305  -0.2065403645  -1.0845440447
	    O  -6.6394691156   0.2221248381  -1.2929307079
	    O  -5.3105554327  -1.5041535124  -0.9299905388
	    C  -0.6080450254   0.4490929003  -0.3729916241
	    C  -0.2319249989  -0.8737400377  -0.5460491006
	    C   1.0635149644  -1.2940358846  -0.3005847318
	    C   2.0302595735  -0.3939892982   0.1301153857
	    C   1.6500636734   0.9422370976   0.3024600704
	    C   0.3646081864   1.3550918750   0.0510159476
	   Cl   2.8239139029   2.1067662498   0.8415834195
	    O   3.3026225579  -0.6992597920   0.3793636428
	    C   3.8042390154  -2.0253652268   0.2702394047
	    C   5.3219294627  -1.9139969722   0.3371068900
	    C   5.6420077929  -1.7400793502   1.8361658477
	    C   4.4051259999  -2.2868521477   2.5967613304
	    C   3.4623653842  -2.8435432732   1.5143938953
	    H  -2.9922533033  -0.9979812610  -0.5808215453
	    H  -3.5095943400   3.7263067709  -1.1046990400
	    H  -6.1299443565  -1.9735429138  -1.0134877213
	    H  -0.9381842478  -1.6040670800  -0.8943091905
	    H   1.3118242256  -2.3257749535  -0.4487661566
	    H   0.1053304556   2.3863714646   0.1832086886
	    H   3.4615342745  -2.4646378053  -0.6593556648
	    H   5.7452160504  -2.8411959661  -0.0390048688
	    H   5.6910824899  -1.1053833846  -0.2812012465
	    H   5.7979376521  -0.6945847880   2.0718632315
	    H   6.5509579372  -2.2661576146   2.1056764278
	    H   3.9146279822  -1.4852678617   3.1360994363
	    H   4.6683357003  -3.0458815868   3.3248094070
	    H   2.4168686552  -2.7860709380   1.7931516156
	    H   3.6887352435  -3.8864985646   1.3063907943


    Structure for next step:
    Molecular point group: c1
    Full point group: C1

    Geometry (in Angstrom), charge = 0, multiplicity = 1:

    N           -2.168867553272     2.227589335323    -0.763942564487
    C           -1.990298615901     0.925129405640    -0.628461706438
    C           -3.084270442288     0.057948994371    -0.715872880817
    C           -4.309883227022     0.629818446200    -0.965636904071
    N           -4.477169535778     1.934073940389    -1.110406401351
    C           -3.393834457992     2.663087177149    -0.993338669565
    C           -5.559437776944    -0.206773165477    -1.083856459719
    O           -6.640260962084     0.221892037167    -1.292243123001
    O           -5.311347279157    -1.504386313379    -0.929302953899
    C           -0.608836871879     0.448860099385    -0.372304039188
    C           -0.232716845397    -0.873972838687    -0.545361515673
    C            1.062723117916    -1.294268685578    -0.299897146856
    C            2.029467727002    -0.394222099154     0.130802970626
    C            1.649271826963     0.942004296606     0.303147655346
    C            0.363816339915     1.354859074014     0.051703532569
    CL           2.823122056433     2.106533448810     0.842271004422
    O            3.301830711414    -0.699492592973     0.380051227710
    C            3.803447168943    -2.025598027740     0.270926989611
    C            5.321137616237    -1.914229773124     0.337794474935
    C            5.641215946483    -1.740312151122     1.836853432592
    C            4.404334153409    -2.287084948677     2.597448915292
    C            3.461573537767    -2.843776074159     1.515081480239
    H           -2.993045149767    -0.998214061925    -0.580133960317
    H           -3.510386186418     3.726073969908    -1.104011455084
    H           -6.130736202998    -1.973775714800    -1.012800136355
    H           -0.938976094257    -1.604299880992    -0.893621605527
    H            1.311032379148    -2.326007754486    -0.448078571673
    H            0.104538609124     2.386138663608     0.183896273586
    H            3.460742427994    -2.464870606292    -0.658668079902
    H            5.744424203938    -2.841428767032    -0.038317283847
    H            5.690290643437    -1.105616185549    -0.280513661570
    H            5.797145805591    -0.694817588988     2.072550816467
    H            6.550166090742    -2.266390415561     2.106364012774
    H            3.913836135768    -1.485500662659     3.136787021232
    H            4.667543853834    -3.046114387759     3.325496991948
    H            2.416076808726    -2.786303738948     1.793839200545
    H            3.687943397043    -3.886731365587     1.307078379283


Scratch directory: /tmp/
gradient() will perform analytic gradient computation.
   => Libint2 <=

    Primary   basis highest AM E, G, H:  6, 6, 3
    Auxiliary basis highest AM E, G, H:  7, 7, 4
    Onebody   basis highest AM E, G, H:  -, -, -
    Solid Harmonics ordering:            Gaussian

*** tstart() called on gunsnroses
*** at Thu Jan 23 19:47:59 2025

   => Loading Basis Set <=

    Name: 6-31G**
    Role: ORBITAL
    Keyword: BASIS
    atoms 1, 5                   entry N          line   132 file /home/joaopedroval/miniforge3/envs/PubChem/share/psi4/basis/6-31gss.gbs 
    atoms 2-4, 6-7, 10-15, 18-22 entry C          line   115 file /home/joaopedroval/miniforge3/envs/PubChem/share/psi4/basis/6-31gss.gbs 
    atoms 8-9, 17                entry O          line   149 file /home/joaopedroval/miniforge3/envs/PubChem/share/psi4/basis/6-31gss.gbs 
    atoms 16                     entry CL         line   344 file /home/joaopedroval/miniforge3/envs/PubChem/share/psi4/basis/6-31gss.gbs 
    atoms 23-37                  entry H          line    44 file /home/joaopedroval/miniforge3/envs/PubChem/share/psi4/basis/6-31gss.gbs 


         ---------------------------------------------------------
                                   SCF
               by Justin Turney, Rob Parrish, Andy Simmonett
                          and Daniel G. A. Smith
                              RHF Reference
                        8 Threads,  22888 MiB Core
         ---------------------------------------------------------

  ==> Geometry <==

    Molecular point group: c1
    Full point group: C1

    Geometry (in Angstrom), charge = 0, multiplicity = 1:

       Center              X                  Y                   Z               Mass       
    ------------   -----------------  -----------------  -----------------  -----------------
         N           -2.168867553272     2.227589335323    -0.763942564487    14.003074004430
         C           -1.990298615901     0.925129405640    -0.628461706438    12.000000000000
         C           -3.084270442288     0.057948994371    -0.715872880817    12.000000000000
         C           -4.309883227022     0.629818446200    -0.965636904071    12.000000000000
         N           -4.477169535778     1.934073940389    -1.110406401351    14.003074004430
         C           -3.393834457992     2.663087177149    -0.993338669565    12.000000000000
         C           -5.559437776944    -0.206773165477    -1.083856459719    12.000000000000
         O           -6.640260962084     0.221892037167    -1.292243123001    15.994914619570
         O           -5.311347279157    -1.504386313379    -0.929302953899    15.994914619570
         C           -0.608836871879     0.448860099385    -0.372304039188    12.000000000000
         C           -0.232716845397    -0.873972838687    -0.545361515673    12.000000000000
         C            1.062723117916    -1.294268685578    -0.299897146856    12.000000000000
         C            2.029467727002    -0.394222099154     0.130802970626    12.000000000000
         C            1.649271826963     0.942004296606     0.303147655346    12.000000000000
         C            0.363816339915     1.354859074014     0.051703532569    12.000000000000
         CL           2.823122056433     2.106533448810     0.842271004422    34.968852682000
         O            3.301830711414    -0.699492592973     0.380051227710    15.994914619570
         C            3.803447168943    -2.025598027740     0.270926989611    12.000000000000
         C            5.321137616237    -1.914229773124     0.337794474935    12.000000000000
         C            5.641215946483    -1.740312151122     1.836853432592    12.000000000000
         C            4.404334153409    -2.287084948677     2.597448915292    12.000000000000
         C            3.461573537767    -2.843776074159     1.515081480239    12.000000000000
         H           -2.993045149767    -0.998214061925    -0.580133960317     1.007825032230
         H           -3.510386186418     3.726073969908    -1.104011455084     1.007825032230
         H           -6.130736202998    -1.973775714800    -1.012800136355     1.007825032230
         H           -0.938976094257    -1.604299880992    -0.893621605527     1.007825032230
         H            1.311032379148    -2.326007754486    -0.448078571673     1.007825032230
         H            0.104538609124     2.386138663608     0.183896273586     1.007825032230
         H            3.460742427994    -2.464870606292    -0.658668079902     1.007825032230
         H            5.744424203938    -2.841428767032    -0.038317283847     1.007825032230
         H            5.690290643437    -1.105616185549    -0.280513661570     1.007825032230
         H            5.797145805591    -0.694817588988     2.072550816467     1.007825032230
         H            6.550166090742    -2.266390415561     2.106364012774     1.007825032230
         H            3.913836135768    -1.485500662659     3.136787021232     1.007825032230
         H            4.667543853834    -3.046114387759     3.325496991948     1.007825032230
         H            2.416076808726    -2.786303738948     1.793839200545     1.007825032230
         H            3.687943397043    -3.886731365587     1.307078379283     1.007825032230

  Running in c1 symmetry.

  Rotational constants: A =      0.02083  B =      0.00339  C =      0.00300 [cm^-1]
  Rotational constants: A =    624.35417  B =    101.52008  C =     89.93209 [MHz]
  Nuclear repulsion = 1808.265914663920285

  Charge       = 0
  Multiplicity = 1
  Electrons    = 166
  Nalpha       = 83
  Nbeta        = 83

  ==> Algorithm <==

  SCF Algorithm Type is DF.
  DIIS enabled.
  MOM disabled.
  Fractional occupation disabled.
  Guess Type is READ.
  Energy threshold   = 1.00e-08
  Density threshold  = 1.00e-08
  Integral threshold = 1.00e-12

  ==> Primary Basis <==

  Basis Set: 6-31G**
    Blend: 6-31G**
    Number of shells: 179
    Number of basis functions: 409
    Number of Cartesian functions: 409
    Spherical Harmonics?: false
    Max angular momentum: 2

   => Loading Basis Set <=

    Name: (6-31G** AUX)
    Role: JKFIT
    Keyword: DF_BASIS_SCF
    atoms 1, 5                   entry N          line   171 file /home/joaopedroval/miniforge3/envs/PubChem/share/psi4/basis/cc-pvdz-jkfit.gbs 
    atoms 2-4, 6-7, 10-15, 18-22 entry C          line   121 file /home/joaopedroval/miniforge3/envs/PubChem/share/psi4/basis/cc-pvdz-jkfit.gbs 
    atoms 8-9, 17                entry O          line   221 file /home/joaopedroval/miniforge3/envs/PubChem/share/psi4/basis/cc-pvdz-jkfit.gbs 
    atoms 16                     entry CL         line   667 file /home/joaopedroval/miniforge3/envs/PubChem/share/psi4/basis/cc-pvdz-jkfit.gbs 
    atoms 23-37                  entry H          line    51 file /home/joaopedroval/miniforge3/envs/PubChem/share/psi4/basis/cc-pvdz-jkfit.gbs 

   => Loading Basis Set <=

    Name: 6-31G**
    Role: ORBITAL
    Keyword: BASIS
    atoms 1, 5                   entry N          line   132 file /home/joaopedroval/miniforge3/envs/PubChem/share/psi4/basis/6-31gss.gbs 
    atoms 2-4, 6-7, 10-15, 18-22 entry C          line   115 file /home/joaopedroval/miniforge3/envs/PubChem/share/psi4/basis/6-31gss.gbs 
    atoms 8-9, 17                entry O          line   149 file /home/joaopedroval/miniforge3/envs/PubChem/share/psi4/basis/6-31gss.gbs 
    atoms 16                     entry CL         line   344 file /home/joaopedroval/miniforge3/envs/PubChem/share/psi4/basis/6-31gss.gbs 
    atoms 23-37                  entry H          line    44 file /home/joaopedroval/miniforge3/envs/PubChem/share/psi4/basis/6-31gss.gbs 

  Reading orbitals from file /tmp/stdout.default.8009.180.npy, no projection.

  ==> Integral Setup <==

  DFHelper Memory: AOs need 1.745 GiB; user supplied 16.764 GiB. 
  Using in-core AOs.

  ==> MemDFJK: Density-Fitted J/K Matrices <==

    J tasked:                   Yes
    K tasked:                   Yes
    wK tasked:                   No
    OpenMP threads:               8
    Memory [MiB]:             17166
    Algorithm:                 Core
    Schwarz Cutoff:           1E-12
    Mask sparsity (%):      39.5837
    Fitting Condition:        1E-10

   => Auxiliary Basis Set <=

  Basis Set: (6-31G** AUX)
    Blend: CC-PVDZ-JKFIT
    Number of shells: 675
    Number of basis functions: 2206
    Number of Cartesian functions: 2206
    Spherical Harmonics?: false
    Max angular momentum: 3

  Minimum eigenvalue in the overlap matrix is 3.5451945550E-04.
  Reciprocal condition number of the overlap matrix is 4.4050020748E-05.
    Using symmetric orthogonalization.

  ==> Pre-Iterations <==

  SCF Guess: Orbitals guess was supplied from a previous computation.

   -------------------------------------------------------
    Irrep   Nso     Nmo     Nalpha   Nbeta   Ndocc  Nsocc
   -------------------------------------------------------
     A        409     409      83      83      83       0
   -------------------------------------------------------
    Total     409     409      83      83      83       0
   -------------------------------------------------------

  ==> Iterations <==

                           Total Energy        Delta E     RMS |[F,P]|

   @DF-RHF iter   0: -1407.64113915052531   -1.40764e+03   9.74223e-05 
   @DF-RHF iter   1: -1407.64295954054364   -1.82039e-03   2.08580e-05 DIIS
   @DF-RHF iter   2: -1407.64302853609001   -6.89955e-05   6.84335e-06 DIIS
   @DF-RHF iter   3: -1407.64303784468734   -9.30860e-06   1.61490e-06 DIIS
   @DF-RHF iter   4: -1407.64303812791059   -2.83223e-07   3.75132e-07 DIIS
   @DF-RHF iter   5: -1407.64303815378071   -2.58701e-08   1.60128e-07 DIIS
   @DF-RHF iter   6: -1407.64303815699463   -3.21393e-09   5.00817e-08 DIIS
   @DF-RHF iter   7: -1407.64303815768562   -6.90989e-10   2.20439e-08 DIIS
   @DF-RHF iter   8: -1407.64303815782841   -1.42791e-10   1.12759e-08 DIIS
   @DF-RHF iter   9: -1407.64303815788026   -5.18412e-11   4.36973e-09 DIIS
  Energy and wave function converged.


  ==> Post-Iterations <==

    Orbital Energies [Eh]
    ---------------------

    Doubly Occupied:                                                      

       1A   -104.822797     2A    -20.630893     3A    -20.603488  
       4A    -20.567384     5A    -15.581683     6A    -15.580735  
       7A    -11.399227     8A    -11.329922     9A    -11.318229  
      10A    -11.318143    11A    -11.313494    12A    -11.299553  
      13A    -11.298132    14A    -11.263524    15A    -11.260116  
      16A    -11.258068    17A    -11.255809    18A    -11.248989  
      19A    -11.230517    20A    -11.226752    21A    -11.223157  
      22A    -11.221366    23A    -10.555767    24A     -8.025230  
      25A     -8.021806    26A     -8.021773    27A     -1.493674  
      28A     -1.438209    29A     -1.384812    30A     -1.336398  
      31A     -1.223547    32A     -1.193756    33A     -1.134524  
      34A     -1.128548    35A     -1.098048    36A     -1.040605  
      37A     -1.011296    38A     -0.980532    39A     -0.977556  
      40A     -0.948063    41A     -0.914017    42A     -0.874993  
      43A     -0.851712    44A     -0.817163    45A     -0.793537  
      46A     -0.788309    47A     -0.754284    48A     -0.736327  
      49A     -0.729691    50A     -0.705987    51A     -0.687823  
      52A     -0.675622    53A     -0.670108    54A     -0.664158  
      55A     -0.655267    56A     -0.648211    57A     -0.635732  
      58A     -0.628576    59A     -0.616740    60A     -0.597672  
      61A     -0.595285    62A     -0.590646    63A     -0.579193  
      64A     -0.562700    65A     -0.552440    66A     -0.532481  
      67A     -0.525746    68A     -0.506258    69A     -0.497800  
      70A     -0.490472    71A     -0.481347    72A     -0.478887  
      73A     -0.476759    74A     -0.474495    75A     -0.472151  
      76A     -0.465126    77A     -0.459310    78A     -0.447335  
      79A     -0.428512    80A     -0.421255    81A     -0.391319  
      82A     -0.349389    83A     -0.313121  

    Virtual:                                                              

      84A      0.059001    85A      0.090719    86A      0.123492  
      87A      0.169761    88A      0.203059    89A      0.214553  
      90A      0.221487    91A      0.239011    92A      0.242591  
      93A      0.243321    94A      0.265199    95A      0.290373  
      96A      0.291345    97A      0.295070    98A      0.310883  
      99A      0.318700   100A      0.320949   101A      0.325341  
     102A      0.335502   103A      0.338188   104A      0.345158  
     105A      0.351104   106A      0.361566   107A      0.380819  
     108A      0.389491   109A      0.396648   110A      0.406068  
     111A      0.414397   112A      0.416559   113A      0.431109  
     114A      0.448077   115A      0.451803   116A      0.467675  
     117A      0.485310   118A      0.494831   119A      0.506033  
     120A      0.507657   121A      0.517802   122A      0.523902  
     123A      0.540749   124A      0.568668   125A      0.584479  
     126A      0.595205   127A      0.628650   128A      0.638671  
     129A      0.642276   130A      0.656525   131A      0.668336  
     132A      0.693871   133A      0.710022   134A      0.711685  
     135A      0.725499   136A      0.736229   137A      0.738081  
     138A      0.745057   139A      0.750455   140A      0.751163  
     141A      0.756973   142A      0.766818   143A      0.780019  
     144A      0.791240   145A      0.801846   146A      0.806794  
     147A      0.813415   148A      0.825679   149A      0.828562  
     150A      0.841171   151A      0.852427   152A      0.859374  
     153A      0.875427   154A      0.885050   155A      0.891436  
     156A      0.894089   157A      0.904028   158A      0.917474  
     159A      0.923372   160A      0.925541   161A      0.936011  
     162A      0.938885   163A      0.949229   164A      0.957597  
     165A      0.961559   166A      0.966063   167A      0.981811  
     168A      0.989734   169A      1.013668   170A      1.022874  
     171A      1.026241   172A      1.033306   173A      1.039355  
     174A      1.049463   175A      1.060675   176A      1.070777  
     177A      1.071633   178A      1.077773   179A      1.083318  
     180A      1.090972   181A      1.102654   182A      1.112198  
     183A      1.120368   184A      1.126323   185A      1.130098  
     186A      1.135989   187A      1.142419   188A      1.151461  
     189A      1.154540   190A      1.157021   191A      1.162408  
     192A      1.165587   193A      1.171978   194A      1.177947  
     195A      1.189554   196A      1.195199   197A      1.199421  
     198A      1.206406   199A      1.214319   200A      1.217364  
     201A      1.222962   202A      1.240564   203A      1.259502  
     204A      1.273216   205A      1.300411   206A      1.305959  
     207A      1.312706   208A      1.332058   209A      1.351928  
     210A      1.365333   211A      1.375452   212A      1.404630  
     213A      1.423726   214A      1.435840   215A      1.444929  
     216A      1.456574   217A      1.466634   218A      1.474356  
     219A      1.500630   220A      1.505490   221A      1.508853  
     222A      1.532949   223A      1.540853   224A      1.554932  
     225A      1.565455   226A      1.588839   227A      1.615360  
     228A      1.625428   229A      1.633987   230A      1.642991  
     231A      1.654746   232A      1.656176   233A      1.668800  
     234A      1.681604   235A      1.698650   236A      1.707819  
     237A      1.730457   238A      1.734223   239A      1.773114  
     240A      1.781903   241A      1.793056   242A      1.800911  
     243A      1.811305   244A      1.820150   245A      1.831346  
     246A      1.840221   247A      1.861929   248A      1.899184  
     249A      1.922227   250A      1.926914   251A      1.940331  
     252A      1.951266   253A      1.985720   254A      2.011617  
     255A      2.026620   256A      2.030215   257A      2.041727  
     258A      2.054560   259A      2.057625   260A      2.069343  
     261A      2.077965   262A      2.094800   263A      2.097539  
     264A      2.119458   265A      2.144249   266A      2.150974  
     267A      2.164621   268A      2.169116   269A      2.180488  
     270A      2.185284   271A      2.209932   272A      2.214022  
     273A      2.225440   274A      2.238056   275A      2.253498  
     276A      2.264998   277A      2.273851   278A      2.277729  
     279A      2.289710   280A      2.297515   281A      2.310777  
     282A      2.323542   283A      2.325669   284A      2.339347  
     285A      2.349063   286A      2.369789   287A      2.381635  
     288A      2.392711   289A      2.405407   290A      2.411518  
     291A      2.420881   292A      2.443177   293A      2.473329  
     294A      2.490127   295A      2.504062   296A      2.509459  
     297A      2.524436   298A      2.548285   299A      2.559454  
     300A      2.579133   301A      2.587609   302A      2.594199  
     303A      2.601666   304A      2.610158   305A      2.614669  
     306A      2.624652   307A      2.635408   308A      2.649860  
     309A      2.660026   310A      2.662684   311A      2.680449  
     312A      2.685280   313A      2.700413   314A      2.706612  
     315A      2.723804   316A      2.736619   317A      2.739351  
     318A      2.748676   319A      2.761252   320A      2.784431  
     321A      2.807682   322A      2.818952   323A      2.829606  
     324A      2.834914   325A      2.850994   326A      2.860898  
     327A      2.863817   328A      2.882149   329A      2.885657  
     330A      2.889655   331A      2.895222   332A      2.899707  
     333A      2.914829   334A      2.919332   335A      2.944029  
     336A      2.965909   337A      2.970545   338A      2.978478  
     339A      3.001063   340A      3.014518   341A      3.040704  
     342A      3.042451   343A      3.066661   344A      3.074728  
     345A      3.087078   346A      3.091661   347A      3.096634  
     348A      3.123768   349A      3.126907   350A      3.132046  
     351A      3.134862   352A      3.147028   353A      3.175154  
     354A      3.198490   355A      3.205755   356A      3.221898  
     357A      3.248554   358A      3.259599   359A      3.278438  
     360A      3.281998   361A      3.323946   362A      3.353009  
     363A      3.374947   364A      3.412714   365A      3.444400  
     366A      3.473387   367A      3.544274   368A      3.565941  
     369A      3.572999   370A      3.598204   371A      3.623298  
     372A      3.660885   373A      3.673670   374A      3.677378  
     375A      3.693587   376A      3.742323   377A      3.764483  
     378A      3.775052   379A      3.831505   380A      3.841571  
     381A      3.861673   382A      3.863466   383A      3.868687  
     384A      3.911646   385A      3.975374   386A      4.061381  
     387A      4.185001   388A      4.373133   389A      4.466708  
     390A      4.491214   391A      4.525274   392A      4.552730  
     393A      4.554500   394A      4.577195   395A      4.660186  
     396A      4.708970   397A      4.765078   398A      4.784394  
     399A      4.810372   400A      4.827085   401A      4.843656  
     402A      4.877023   403A      4.911512   404A      5.016490  
     405A      5.081347   406A      5.161568   407A      5.194869  
     408A      5.231302   409A      5.292797  

    Final Occupation by Irrep:
              A 
    DOCC [    83 ]
    NA   [    83 ]
    NB   [    83 ]

  @DF-RHF Final Energy: -1407.64303815788026

   => Energetics <=

    Nuclear Repulsion Energy =           1808.2659146639202845
    One-Electron Energy =               -5522.2097417331551696
    Two-Electron Energy =                2306.3007889113546298
    Total Energy =                      -1407.6430381578802553

Computation Completed


Properties will be evaluated at   0.000000,   0.000000,   0.000000 [a0]

Properties computed using the SCF density matrix


 Multipole Moments:

 ------------------------------------------------------------------------------------
     Multipole            Electronic (a.u.)      Nuclear  (a.u.)        Total (a.u.)
 ------------------------------------------------------------------------------------

 L = 1.  Multiply by 2.5417464519 to convert [e a0] to [Debye]
 Dipole X            :        -24.3225538           25.3023878            0.9798340
 Dipole Y            :         19.6933623          -21.9817167           -2.2883543
 Dipole Z            :         -7.4472690            7.5782822            0.1310132
 Magnitude           :                                                    2.4927504

 ------------------------------------------------------------------------------------

*** tstop() called on gunsnroses at Thu Jan 23 19:48:18 2025
Module time:
	user time   =     117.94 seconds =       1.97 minutes
	system time =       6.07 seconds =       0.10 minutes
	total time  =         19 seconds =       0.32 minutes
Total time:
	user time   =    1562.07 seconds =      26.03 minutes
	system time =      94.92 seconds =       1.58 minutes
	total time  =        277 seconds =       4.62 minutes

*** tstart() called on gunsnroses
*** at Thu Jan 23 19:48:18 2025


         ------------------------------------------------------------
                                   SCF GRAD                          
                          Rob Parrish, Justin Turney,                
                       Andy Simmonett, and Alex Sokolov              
         ------------------------------------------------------------

  ==> Geometry <==

    Molecular point group: c1
    Full point group: C1

    Geometry (in Angstrom), charge = 0, multiplicity = 1:

       Center              X                  Y                   Z               Mass       
    ------------   -----------------  -----------------  -----------------  -----------------
         N           -2.168867553272     2.227589335323    -0.763942564487    14.003074004430
         C           -1.990298615901     0.925129405640    -0.628461706438    12.000000000000
         C           -3.084270442288     0.057948994371    -0.715872880817    12.000000000000
         C           -4.309883227022     0.629818446200    -0.965636904071    12.000000000000
         N           -4.477169535778     1.934073940389    -1.110406401351    14.003074004430
         C           -3.393834457992     2.663087177149    -0.993338669565    12.000000000000
         C           -5.559437776944    -0.206773165477    -1.083856459719    12.000000000000
         O           -6.640260962084     0.221892037167    -1.292243123001    15.994914619570
         O           -5.311347279157    -1.504386313379    -0.929302953899    15.994914619570
         C           -0.608836871879     0.448860099385    -0.372304039188    12.000000000000
         C           -0.232716845397    -0.873972838687    -0.545361515673    12.000000000000
         C            1.062723117916    -1.294268685578    -0.299897146856    12.000000000000
         C            2.029467727002    -0.394222099154     0.130802970626    12.000000000000
         C            1.649271826963     0.942004296606     0.303147655346    12.000000000000
         C            0.363816339915     1.354859074014     0.051703532569    12.000000000000
         CL           2.823122056433     2.106533448810     0.842271004422    34.968852682000
         O            3.301830711414    -0.699492592973     0.380051227710    15.994914619570
         C            3.803447168943    -2.025598027740     0.270926989611    12.000000000000
         C            5.321137616237    -1.914229773124     0.337794474935    12.000000000000
         C            5.641215946483    -1.740312151122     1.836853432592    12.000000000000
         C            4.404334153409    -2.287084948677     2.597448915292    12.000000000000
         C            3.461573537767    -2.843776074159     1.515081480239    12.000000000000
         H           -2.993045149767    -0.998214061925    -0.580133960317     1.007825032230
         H           -3.510386186418     3.726073969908    -1.104011455084     1.007825032230
         H           -6.130736202998    -1.973775714800    -1.012800136355     1.007825032230
         H           -0.938976094257    -1.604299880992    -0.893621605527     1.007825032230
         H            1.311032379148    -2.326007754486    -0.448078571673     1.007825032230
         H            0.104538609124     2.386138663608     0.183896273586     1.007825032230
         H            3.460742427994    -2.464870606292    -0.658668079902     1.007825032230
         H            5.744424203938    -2.841428767032    -0.038317283847     1.007825032230
         H            5.690290643437    -1.105616185549    -0.280513661570     1.007825032230
         H            5.797145805591    -0.694817588988     2.072550816467     1.007825032230
         H            6.550166090742    -2.266390415561     2.106364012774     1.007825032230
         H            3.913836135768    -1.485500662659     3.136787021232     1.007825032230
         H            4.667543853834    -3.046114387759     3.325496991948     1.007825032230
         H            2.416076808726    -2.786303738948     1.793839200545     1.007825032230
         H            3.687943397043    -3.886731365587     1.307078379283     1.007825032230

  Nuclear repulsion = 1808.265914663920285

  ==> Basis Set <==

  Basis Set: 6-31G**
    Blend: 6-31G**
    Number of shells: 179
    Number of basis functions: 409
    Number of Cartesian functions: 409
    Spherical Harmonics?: false
    Max angular momentum: 2

  ==> DFJKGrad: Density-Fitted SCF Gradients <==

    Gradient:                    1
    J tasked:                  Yes
    K tasked:                  Yes
    wK tasked:                  No
    OpenMP threads:              8
    Integrals threads:           8
    Memory [MiB]:            17166
    Schwarz Cutoff:          1E-12
    Fitting Condition:       1E-10

   => Auxiliary Basis Set <=

  Basis Set: (6-31G** AUX)
    Blend: CC-PVDZ-JKFIT
    Number of shells: 675
    Number of basis functions: 2206
    Number of Cartesian functions: 2206
    Spherical Harmonics?: false
    Max angular momentum: 3


  -Total Gradient:
     Atom            X                  Y                   Z
    ------   -----------------  -----------------  -----------------
       1        0.000355329145    -0.000433565062    -0.000152646464
       2        0.000206026341     0.000500875504    -0.000075922642
       3       -0.000401118646    -0.000035899706    -0.000051428624
       4        0.000275122561    -0.000503366063    -0.000106080832
       5        0.000309129097     0.000514105025    -0.000268723870
       6       -0.000819195618    -0.000021470979     0.000822748577
       7       -0.000032852710     0.000092322133     0.000400447476
       8        0.000007911091    -0.000021840089    -0.000144815834
       9        0.000027220351    -0.000034314114    -0.000106651539
      10       -0.000061618761    -0.000057392967    -0.000007184738
      11       -0.000016049651     0.000023773799     0.000042010637
      12        0.000042016923     0.000012836223     0.000015978853
      13        0.000070900536     0.000029410876    -0.000036687388
      14       -0.000052349690     0.000020146030    -0.000031627541
      15        0.000069515655     0.000028268005     0.000015004872
      16        0.000009257780     0.000017021465     0.000003447912
      17       -0.000010826546    -0.000116640131     0.000089586425
      18        0.000034716810    -0.000043845705     0.000158836695
      19       -0.000122126893     0.000049981477    -0.000135229580
      20        0.000127519444    -0.000012859583     0.000023830114
      21       -0.000250204135     0.000002840476     0.000023490419
      22        0.000147178273    -0.000005567316    -0.000043721230
      23       -0.000018839056     0.000009169970    -0.000013657870
      24        0.000092101551    -0.000030473091    -0.000331088180
      25       -0.000009899094     0.000006856064    -0.000006461899
      26        0.000037605126    -0.000021904642     0.000013677592
      27        0.000043506708    -0.000027302264    -0.000019535683
      28       -0.000001527349    -0.000012931155     0.000005044303
      29       -0.000126396414     0.000144810175    -0.000136406888
      30       -0.000082424859     0.000029495526     0.000043572125
      31        0.000076396023    -0.000111326542    -0.000115745174
      32        0.000049245083    -0.000080619361     0.000099177911
      33        0.000027548530     0.000121915114    -0.000036247952
      34        0.000010643392    -0.000013887856    -0.000062497293
      35       -0.000066868181     0.000098438177     0.000104195641
      36        0.000014346974    -0.000128800205     0.000074567832
      37        0.000039060226     0.000011740796    -0.000053256159


*** tstop() called on gunsnroses at Thu Jan 23 19:48:29 2025
Module time:
	user time   =      48.27 seconds =       0.80 minutes
	system time =       4.08 seconds =       0.07 minutes
	total time  =         11 seconds =       0.18 minutes
Total time:
	user time   =    1610.36 seconds =      26.84 minutes
	system time =      99.00 seconds =       1.65 minutes
	total time  =        288 seconds =       4.80 minutes

    			-----------------------------------------

    			 OPTKING 3.0: for geometry optimizations 

    			     By R.A. King, Bethel University     

    			        with contributions from          

    			    A.V. Copan, J. Cayton, A. Heide      

    			-----------------------------------------

    
	                            ===> Fragment 1 <== 

	 Z (Atomic Numbers)          Masses                          Geom                  
	       7.000000            14.003074         -4.09856568  4.20953376 -1.44364222   
	       6.000000            12.000000         -3.76111929  1.74824121 -1.18762051   
	       6.000000            12.000000         -5.82842643  0.10950773 -1.35280369   
	       6.000000            12.000000         -8.14449893  1.19018437 -1.82478929   
	       7.000000            14.003074         -8.46062424  3.65487005 -2.09836399   
	       6.000000            12.000000         -6.41341764  5.03250541 -1.87713804   
	       6.000000            12.000000        -10.50581481  -0.39074465  -2.04819187 
	       8.000000            15.994915        -12.54827462   0.41931518  -2.44198559 
	       8.000000            15.994915        -10.03699171  -2.84287812  -1.75612807 
	       6.000000            12.000000         -1.15053494  0.84822266 -0.70355267   
	       6.000000            12.000000         -0.43977110 -1.65156931 -1.03058390   
	       6.000000            12.000000          2.00825564 -2.44581335 -0.56672347   
	       6.000000            12.000000          3.83513818 -0.74497180  0.24718179   
	       6.000000            12.000000          3.11667206  1.78013013  0.57286604   
	       6.000000            12.000000          0.68751324  2.56031259  0.09770552   
	      17.000000            34.968853          5.33492751  3.98077129  1.59166152   
	       8.000000            15.994915          6.23955576 -1.32184943  0.71819273   
	       6.000000            12.000000          7.18747348 -3.82782551  0.51197781   
	       6.000000            12.000000         10.05549277 -3.61737001  0.63833904   
	       6.000000            12.000000         10.66035315 -3.28871334  3.47114992   
	       6.000000            12.000000          8.32298531 -4.32196418  4.90846707   
	       6.000000            12.000000          6.54142595 -5.37395794  2.86308906   
	       1.000000             1.007825         -5.65603561 -1.88635119 -1.09629430   
	       1.000000             1.007825         -6.63366849  7.04125933 -2.08627929   
	       1.000000             1.007825        -11.58541237  -3.72989553  -1.91391488 
	       1.000000             1.007825         -1.77440766 -3.03168740 -1.68870009   
	       1.000000             1.007825          2.47749214 -4.39551762 -0.84674578   
	       1.000000             1.007825          0.19754934  4.50914857  0.34751359   
	       1.000000             1.007825          6.53985538 -4.65793038 -1.24470228   
	       1.000000             1.007825         10.85538849 -5.36952217 -0.07240917   
	       1.000000             1.007825         10.75309089 -2.08931179 -0.53009399   
	       1.000000             1.007825         10.95501788 -1.31301495  3.91655342   
	       1.000000             1.007825         12.37801999 -4.28285718  3.98045110   
	       1.000000             1.007825          7.39607840 -2.80718941  5.92766838   
	       1.000000             1.007825          8.82037956 -5.75632194  6.28427855   
	       1.000000             1.007825          4.56572347 -5.26535097  3.38986480   
	       1.000000             1.007825          6.96920299 -7.34485780  2.47002016   

	 - Coordinate -           - BOHR/RAD -       - ANG/DEG -
	 H(5,24)          =         3.847798           2.036167
	 H(8,25)          =         4.292075           2.271269
	 R(1,2)           =         2.497474           1.321607
	 R(1,6)           =         2.494743           1.320161
	 R(2,3)           =         2.643197           1.398720
	 R(2,10)          =         2.803481           1.483538
	 R(3,4)           =         2.599004           1.375334
	 R(3,23)          =         2.019646           1.068750
	 R(4,5)           =         2.499891           1.322885
	 R(4,7)           =         2.850449           1.508393
	 R(5,6)           =         2.477474           1.311023
	 R(6,24)          =         2.031586           1.075069
	 R(7,8)           =         2.232244           1.181253
	 R(7,9)           =         2.513574           1.330126
	 R(9,25)          =         1.791453           0.947996
	 R(10,11)         =         2.619369           1.386110
	 R(10,15)         =         2.636605           1.395231
	 R(11,12)         =         2.615115           1.383859
	 R(11,26)         =         2.029556           1.073995
	 R(12,13)         =         2.625415           1.389310
	 R(12,27)         =         2.024831           1.071495
	 R(13,14)         =         2.645450           1.399912
	 R(13,17)         =         2.517114           1.331999
	 R(14,15)         =         2.595241           1.373342
	 R(14,16)         =         3.286552           1.739168
	 R(15,28)         =         2.024952           1.071558
	 R(17,18)         =         2.687190           1.422000
	 R(18,19)         =         2.878505           1.523239
	 R(18,22)         =         2.887149           1.527813
	 R(18,29)         =         2.048025           1.083768
	 R(19,20)         =         2.915251           1.542684
	 R(19,30)         =         2.053055           1.086430
	 R(19,31)         =         2.046177           1.082790
	 R(20,21)         =         2.932026           1.551561
	 R(20,32)         =         2.046606           1.083017
	 R(20,33)         =         2.048924           1.084244
	 R(21,22)         =         2.909333           1.539552
	 R(21,34)         =         2.047552           1.083518
	 R(21,35)         =         2.048814           1.084186
	 R(22,36)         =         2.047606           1.083546
	 R(22,37)         =         2.054737           1.087320
	 B(1,2,3)         =         2.093145         119.928347
	 B(1,2,10)        =         2.048683         117.380905
	 B(1,6,5)         =         2.212828         126.785709
	 B(1,6,24)        =         2.031590         116.401512
	 B(2,1,6)         =         2.058149         117.923248
	 B(2,3,4)         =         2.038165         116.778242
	 B(2,3,23)        =         2.138839         122.546421
	 B(2,10,11)       =         2.138268         122.513720
	 B(2,10,15)       =         2.086523         119.548964
	 B(3,2,10)        =         2.141308         122.687922
	 B(3,4,5)         =         2.144220         122.854774
	 B(3,4,7)         =         2.119801         121.455630
	 B(4,3,23)        =         2.106024         120.666264
	 B(4,5,6)         =         2.019689         115.719638
	 B(4,7,8)         =         2.177947         124.787158
	 B(4,7,9)         =         1.957838         112.175842
	 B(5,4,7)         =         2.019148         115.688683
	 B(5,6,24)        =         2.038724         116.810287
	 B(7,9,25)        =         1.887660         108.154969
	 B(8,7,9)         =         2.147397         123.036770
	 B(10,11,12)      =         2.119655         121.447310
	 B(10,11,26)      =         2.107158         120.731282
	 B(10,15,14)      =         2.109409         120.860234
	 B(10,15,28)      =         2.087201         119.587791
	 B(11,10,15)      =         2.058374         117.936148
	 B(11,12,13)      =         2.105537         120.638359
	 B(11,12,27)      =         2.076986         119.002544
	 B(12,11,26)      =         2.056209         117.812109
	 B(12,13,14)      =         2.057313         117.875361
	 B(12,13,17)      =         2.182457         125.045603
	 B(13,12,27)      =         2.100662         120.359057
	 B(13,14,15)      =         2.116021         121.239044
	 B(13,14,16)      =         2.087463         119.602848
	 B(13,17,18)      =         2.136877         122.434011
	 B(14,13,17)      =         2.043332         117.074286
	 B(14,15,28)      =         2.086575         119.551947
	 B(15,14,16)      =         2.079699         119.157973
	 B(17,18,19)      =         1.854505         106.255321
	 B(17,18,22)      =         1.936902         110.976309
	 B(17,18,29)      =         1.909498         109.406197
	 B(18,19,20)      =         1.831360         104.929179
	 B(18,19,30)      =         1.886619         108.095327
	 B(18,19,31)      =         1.948964         111.667393
	 B(18,22,21)      =         1.815063         103.995446
	 B(18,22,36)      =         1.979047         113.391021
	 B(18,22,37)      =         1.887361         108.137845
	 B(19,18,22)      =         1.799132         103.082692
	 B(19,18,29)      =         1.963136         112.479406
	 B(19,20,21)      =         1.845457         105.736903
	 B(19,20,32)      =         1.928559         110.498304
	 B(19,20,33)      =         1.939898         111.147958
	 B(20,19,30)      =         1.930265         110.596058
	 B(20,19,31)      =         1.982267         113.575515
	 B(20,21,22)      =         1.845177         105.720861
	 B(20,21,34)      =         1.922165         110.131942
	 B(20,21,35)      =         1.963151         112.480266
	 B(21,20,32)      =         1.926536         110.382366
	 B(21,20,33)      =         1.955692         112.052919
	 B(21,22,36)      =         1.972308         113.004931
	 B(21,22,37)      =         1.932472         110.722513
	 B(22,18,29)      =         1.993991         114.247286
	 B(22,21,34)      =         1.917974         109.891830
	 B(22,21,35)      =         1.947243         111.568812
	 B(30,19,31)      =         1.882646         107.867676
	 B(32,20,33)      =         1.868783         107.073370
	 B(34,21,35)      =         1.868755         107.071752
	 B(36,22,37)      =         1.876507         107.515940
	 D(1,2,3,4)       =         0.017892           1.025162
	 D(1,2,3,23)      =        -3.104674        -177.884700
	 D(1,2,10,11)     =        -2.850028        -163.294574
	 D(1,2,10,15)     =         0.284557          16.303929
	 D(1,6,5,4)       =         0.014522           0.832029
	 D(2,1,6,5)       =        -0.005584          -0.319952
	 D(2,1,6,24)      =        -3.136775        -179.723942
	 D(2,3,4,5)       =        -0.008803          -0.504387
	 D(2,3,4,7)       =        -3.144064        -180.141621
	 D(2,10,11,12)    =         3.141514         179.995480
	 D(2,10,11,26)    =         0.019707           1.129117
	 D(2,10,15,14)    =         3.135826         179.669621
	 D(2,10,15,28)    =        -0.004711          -0.269902
	 D(3,2,1,6)       =        -0.011372          -0.651578
	 D(3,2,10,11)     =         0.302259          17.318155
	 D(3,2,10,15)     =        -2.846341        -163.083342
	 D(3,4,5,6)       =        -0.006432          -0.368500
	 D(3,4,7,8)       =         3.136929         179.732792
	 D(3,4,7,9)       =        -0.007645          -0.438031
	 D(4,3,2,10)      =        -3.134657        -179.602640
	 D(4,5,6,24)      =        -3.137511        -179.766115
	 D(4,7,9,25)      =         3.140371         179.930029
	 D(5,4,3,23)      =         3.114143         178.427273
	 D(5,4,7,8)       =         0.001238           0.070956
	 D(5,4,7,9)       =        -3.143336        -180.099868
	 D(6,1,2,10)      =         3.140606         179.943457
	 D(6,5,4,7)       =         3.129168         179.288105
	 D(7,4,3,23)      =        -0.021118          -1.209962
	 D(8,7,9,25)      =        -0.004142          -0.237321
	 D(10,2,3,23)     =         0.025962           1.487498
	 D(10,11,12,13)   =         0.000452           0.025886
	 D(10,11,12,27)   =        -3.139871        -179.901365
	 D(10,15,14,13)   =         0.010965           0.628259
	 D(10,15,14,16)   =        -3.132964        -179.505596
	 D(11,10,15,14)   =        -0.012455          -0.713603
	 D(11,10,15,28)   =         3.130193         179.346873
	 D(11,12,13,14)   =        -0.002277          -0.130451
	 D(11,12,13,17)   =        -3.129587        -179.312114
	 D(12,11,10,15)   =         0.006821           0.390826
	 D(12,13,14,15)   =        -0.003393          -0.194393
	 D(12,13,14,16)   =         3.140546         179.940048
	 D(12,13,17,18)   =        -0.039344          -2.254265
	 D(13,12,11,26)   =         3.122816         178.924179
	 D(13,14,15,28)   =        -3.131683        -179.432196
	 D(13,17,18,19)   =         2.935234         168.176538
	 D(13,17,18,22)   =        -1.404269         -80.458706
	 D(13,17,18,29)   =         0.811749          46.509789
	 D(14,13,12,27)   =         3.138029         179.795811
	 D(14,13,17,18)   =         3.116427         178.558143
	 D(15,10,11,26)   =        -3.114986        -178.475538
	 D(15,14,13,17)   =         3.125068         179.053190
	 D(16,14,13,17)   =        -0.014179          -0.812369
	 D(16,14,15,28)   =         0.007574           0.433949
	 D(17,13,12,27)   =         0.010719           0.614148
	 D(17,18,19,20)   =         1.377019          78.897396
	 D(17,18,19,30)   =        -2.845929        -163.059745
	 D(17,18,19,31)   =        -0.777732         -44.560735
	 D(17,18,22,21)   =        -1.277746         -73.209435
	 D(17,18,22,36)   =         0.871399          49.927505
	 D(17,18,22,37)   =         2.950576         169.055563
	 D(18,19,20,21)   =         0.366086          20.975155
	 D(18,19,20,32)   =        -1.718696         -98.474009
	 D(18,19,20,33)   =         2.492248         142.795301
	 D(18,22,21,20)   =        -0.472152         -27.052338
	 D(18,22,21,34)   =         1.601687          91.769917
	 D(18,22,21,35)   =        -2.611488        -149.627266
	 D(19,18,22,21)   =         0.701154          40.173176
	 D(19,18,22,36)   =         2.850299         163.310117
	 D(19,18,22,37)   =        -1.353709         -77.561826
	 D(19,20,21,22)   =         0.066499           3.810085
	 D(19,20,21,34)   =        -2.004558        -114.852721
	 D(19,20,21,35)   =         2.195648         125.801390
	 D(20,19,18,22)   =        -0.661196         -37.883737
	 D(20,19,18,29)   =        -2.817293        -161.418995
	 D(20,21,22,36)   =        -2.625700        -150.441525
	 D(20,21,22,37)   =         1.551252          88.880218
	 D(21,20,19,30)   =        -1.664317         -95.358321
	 D(21,20,19,31)   =         2.499337         143.201440
	 D(21,22,18,29)   =         2.836683         162.529978
	 D(22,18,19,30)   =         1.399041          80.159122
	 D(22,18,19,31)   =        -2.815947        -161.341868
	 D(22,21,20,32)   =         2.152613         123.335660
	 D(22,21,20,33)   =        -2.049470        -117.425994
	 D(26,11,12,27)   =        -0.017507          -1.003072
	 D(29,18,19,30)   =        -0.757056         -43.376136
	 D(29,18,19,31)   =         1.311141          75.122874
	 D(29,18,22,36)   =        -1.297357         -74.333081
	 D(29,18,22,37)   =         0.781820          44.794976
	 D(30,19,20,32)   =         2.534087         145.192516
	 D(30,19,20,33)   =         0.461846          26.461826
	 D(31,19,20,32)   =         0.414555          23.752276
	 D(31,19,20,33)   =        -1.657686         -94.978414
	 D(32,20,21,34)   =         0.081557           4.672855
	 D(32,20,21,35)   =        -2.001422        -114.673034
	 D(33,20,21,34)   =         2.162658         123.911200
	 D(33,20,21,35)   =         0.079680           4.565312
	 D(34,21,22,36)   =        -0.551860         -31.619270
	 D(34,21,22,37)   =        -2.658093        -152.297527
	 D(35,21,22,36)   =         1.518149          86.983547
	 D(35,21,22,37)   =        -0.588084         -33.694710


	        --- Internal Coordinate Step in ANG or DEG, aJ/ANG or AJ/DEG ---
	-------------------------------------------------------------------------------
	           Coordinate      Previous         Force          Change          New 
	           ----------      --------        ------          ------        ------
	              H(5,24)       2.03617        0.00075        0.00005       2.03622
	              H(8,25)       2.27127        0.00005        0.00006       2.27133
	               R(1,2)       1.32161        0.00251        0.00010       1.32171
	               R(1,6)       1.32016       -0.00279       -0.00011       1.32006
	               R(2,3)       1.39872       -0.00217       -0.00011       1.39861
	              R(2,10)       1.48354       -0.00023       -0.00002       1.48352
	               R(3,4)       1.37533        0.00204        0.00010       1.37543
	              R(3,23)       1.06875        0.00010        0.00001       1.06876
	               R(4,5)       1.32289       -0.00275       -0.00011       1.32278
	               R(4,7)       1.50839        0.00024        0.00003       1.50843
	               R(5,6)       1.31102        0.00248        0.00012       1.31114
	              R(6,24)       1.07507       -0.00056       -0.00000       1.07507
	               R(7,8)       1.18125       -0.00012        0.00000       1.18125
	               R(7,9)       1.33013       -0.00019       -0.00000       1.33012
	              R(9,25)       0.94800       -0.00006       -0.00001       0.94798
	             R(10,11)       1.38611       -0.00016       -0.00001       1.38610
	             R(10,15)       1.39523       -0.00052       -0.00002       1.39521
	             R(11,12)       1.38386        0.00002        0.00000       1.38386
	             R(11,26)       1.07399        0.00012        0.00001       1.07400
	             R(12,13)       1.38931        0.00061       -0.00000       1.38931
	             R(12,27)       1.07149       -0.00032        0.00000       1.07150
	             R(13,14)       1.39991       -0.00018       -0.00000       1.39991
	             R(13,17)       1.33200        0.00089       -0.00008       1.33192
	             R(14,15)       1.37334        0.00017        0.00000       1.37335
	             R(14,16)       1.73917       -0.00015       -0.00002       1.73915
	             R(15,28)       1.07156        0.00009        0.00001       1.07156
	             R(17,18)       1.42200        0.00080        0.00010       1.42210
	             R(18,19)       1.52324        0.00063       -0.00056       1.52268
	             R(18,22)       1.52781        0.00002        0.00037       1.52818
	             R(18,29)       1.08377       -0.00081       -0.00007       1.08370
	             R(19,20)       1.54268       -0.00128       -0.00262       1.54007
	             R(19,30)       1.08643        0.00060        0.00050       1.08693
	             R(19,31)       1.08279       -0.00007        0.00006       1.08285
	             R(20,21)       1.55156       -0.00121        0.00036       1.55193
	             R(20,32)       1.08302        0.00040        0.00008       1.08310
	             R(20,33)       1.08424        0.00037       -0.00006       1.08418
	             R(21,22)       1.53955        0.00050        0.00176       1.54132
	             R(21,34)       1.08352        0.00038        0.00007       1.08359
	             R(21,35)       1.08419        0.00013        0.00001       1.08419
	             R(22,36)       1.08355        0.00001       -0.00011       1.08344
	             R(22,37)       1.08732       -0.00006       -0.00016       1.08716
	             B(1,2,3)     119.92835        0.00000        0.00274     119.93109
	            B(1,2,10)     117.38091       -0.00000       -0.00058     117.38032
	             B(1,6,5)     126.78571        0.00000        0.00151     126.78722
	            B(1,6,24)     116.40151        0.00001        0.00605     116.40756
	             B(2,1,6)     117.92325       -0.00000       -0.00211     117.92114
	             B(2,3,4)     116.77824       -0.00000       -0.00077     116.77748
	            B(2,3,23)     122.54642       -0.00000        0.00004     122.54646
	           B(2,10,11)     122.51372       -0.00000       -0.00512     122.50860
	           B(2,10,15)     119.54896        0.00000        0.00075     119.54971
	            B(3,2,10)     122.68792        0.00000       -0.00175     122.68618
	             B(3,4,5)     122.85477        0.00000        0.00130     122.85608
	             B(3,4,7)     121.45563       -0.00000       -0.00167     121.45396
	            B(4,3,23)     120.66626        0.00000       -0.00003     120.66623
	             B(4,5,6)     115.71964        0.00000       -0.00014     115.71950
	             B(4,7,8)     124.78716       -0.00000       -0.00183     124.78533
	             B(4,7,9)     112.17584       -0.00000        0.00005     112.17589
	             B(5,4,7)     115.68868        0.00000        0.00077     115.68945
	            B(5,6,24)     116.81029       -0.00001       -0.00511     116.80518
	            B(7,9,25)     108.15497        0.00000        0.00219     108.15716
	             B(8,7,9)     123.03677        0.00000        0.00194     123.03871
	          B(10,11,12)     121.44731       -0.00000       -0.00253     121.44478
	          B(10,11,26)     120.73128       -0.00000       -0.00324     120.72804
	          B(10,15,14)     120.86023       -0.00000       -0.00086     120.85937
	          B(10,15,28)     119.58779        0.00000       -0.00112     119.58667
	          B(11,10,15)     117.93615        0.00000        0.00448     117.94063
	          B(11,12,13)     120.63836       -0.00000       -0.00228     120.63608
	          B(11,12,27)     119.00254       -0.00000        0.00492     119.00746
	          B(12,11,26)     117.81211        0.00000        0.00591     117.81802
	          B(12,13,14)     117.87536       -0.00000        0.00509     117.88045
	          B(12,13,17)     125.04560        0.00001       -0.00559     125.04001
	          B(13,12,27)     120.35906        0.00000       -0.00263     120.35642
	          B(13,14,15)     121.23904        0.00000       -0.00405     121.23499
	          B(13,14,16)     119.60285       -0.00000        0.00553     119.60838
	          B(13,17,18)     122.43401        0.00001       -0.02850     122.40551
	          B(14,13,17)     117.07429       -0.00001        0.00108     117.07537
	          B(14,15,28)     119.55195        0.00000        0.00196     119.55391
	          B(15,14,16)     119.15797       -0.00000       -0.00150     119.15647
	          B(17,18,19)     106.25532        0.00000       -0.00741     106.24791
	          B(17,18,22)     110.97631       -0.00000        0.05787     111.03417
	          B(17,18,29)     109.40620        0.00000        0.01801     109.42421
	          B(18,19,20)     104.92918        0.00000       -0.19733     104.73185
	          B(18,19,30)     108.09533        0.00000       -0.07449     108.02084
	          B(18,19,31)     111.66739       -0.00000        0.20801     111.87540
	          B(18,22,21)     103.99545       -0.00000        0.36058     104.35603
	          B(18,22,36)     113.39102       -0.00000       -0.11800     113.27302
	          B(18,22,37)     108.13784        0.00000       -0.06209     108.07576
	          B(19,18,22)     103.08269       -0.00000        0.04921     103.13190
	          B(19,18,29)     112.47941        0.00000        0.03826     112.51767
	          B(19,20,21)     105.73690        0.00000       -0.07978     105.65713
	          B(19,20,32)     110.49830       -0.00000       -0.33666     110.16165
	          B(19,20,33)     111.14796       -0.00000        0.24344     111.39140
	          B(20,19,30)     110.59606       -0.00000       -0.00149     110.59457
	          B(20,19,31)     113.57551       -0.00000       -0.01223     113.56329
	          B(20,21,22)     105.72086        0.00000        0.17887     105.89973
	          B(20,21,34)     110.13194       -0.00000        0.05830     110.19024
	          B(20,21,35)     112.48027       -0.00000       -0.09463     112.38563
	          B(21,20,32)     110.38237        0.00000       -0.18236     110.20001
	          B(21,20,33)     112.05292       -0.00000        0.23533     112.28825
	          B(21,22,36)     113.00493        0.00001       -0.07974     112.92519
	          B(21,22,37)     110.72251       -0.00000        0.00023     110.72274
	          B(22,18,29)     114.24729       -0.00000       -0.14473     114.10256
	          B(22,21,34)     109.89183       -0.00000        0.22528     110.11711
	          B(22,21,35)     111.56881       -0.00000       -0.28175     111.28707
	          B(30,19,31)     107.86768        0.00000        0.06944     107.93712
	          B(32,20,33)     107.07337        0.00000        0.10344     107.17681
	          B(34,21,35)     107.07175        0.00000       -0.07475     106.99700
	          B(36,22,37)     107.51594        0.00000       -0.09353     107.42241
	           D(1,2,3,4)       1.02516       -0.00000       -0.08116       0.94400
	          D(1,2,3,23)    -177.88470       -0.00000       -0.03647    -177.92117
	         D(1,2,10,11)    -163.29457        0.00000        0.08288    -163.21170
	         D(1,2,10,15)      16.30393        0.00000        0.10368      16.40761
	           D(1,6,5,4)       0.83203       -0.00002       -0.26695       0.56507
	           D(2,1,6,5)      -0.31995        0.00002        0.28498      -0.03498
	          D(2,1,6,24)    -179.72394       -0.00002       -0.38749    -180.11143
	           D(2,3,4,5)      -0.50439        0.00000        0.09721      -0.40718
	           D(2,3,4,7)    -180.14162        0.00000        0.00383    -180.13779
	        D(2,10,11,12)     179.99548        0.00000        0.02262     180.01810
	        D(2,10,11,26)       1.12912        0.00000        0.01341       1.14253
	        D(2,10,15,14)     179.66962       -0.00000       -0.03198     179.63765
	        D(2,10,15,28)      -0.26990       -0.00000       -0.01327      -0.28317
	           D(3,2,1,6)      -0.65158       -0.00001       -0.09141      -0.74299
	         D(3,2,10,11)      17.31816        0.00000        0.03612      17.35428
	         D(3,2,10,15)    -163.08334        0.00000        0.05693    -163.02641
	           D(3,4,5,6)      -0.36850        0.00001        0.06225      -0.30625
	           D(3,4,7,8)     179.73279       -0.00001       -0.00928     179.72351
	           D(3,4,7,9)      -0.43803        0.00001        0.06230      -0.37573
	          D(4,3,2,10)    -179.60264       -0.00000       -0.03327    -179.63591
	          D(4,5,6,24)    -179.76612        0.00002        0.40791    -179.35821
	          D(4,7,9,25)     179.93003       -0.00001       -0.04326     179.88676
	          D(5,4,3,23)     178.42727        0.00000        0.05341     178.48068
	           D(5,4,7,8)       0.07096       -0.00001       -0.09633      -0.02537
	           D(5,4,7,9)    -180.09987        0.00001       -0.02474    -180.12461
	          D(6,1,2,10)     179.94346       -0.00001       -0.13679     179.80667
	           D(6,5,4,7)     179.28810        0.00001        0.15064     179.43874
	          D(7,4,3,23)      -1.20996       -0.00000       -0.03997      -1.24993
	          D(8,7,9,25)      -0.23732        0.00001        0.02686      -0.21046
	         D(10,2,3,23)       1.48750        0.00000        0.01142       1.49892
	       D(10,11,12,13)       0.02589       -0.00000       -0.00306       0.02283
	       D(10,11,12,27)    -179.90136       -0.00000       -0.00947    -179.91083
	       D(10,15,14,13)       0.62826        0.00000        0.02323       0.65149
	       D(10,15,14,16)    -179.50560        0.00000        0.01123    -179.49436
	       D(11,10,15,14)      -0.71360       -0.00000       -0.01215      -0.72575
	       D(11,10,15,28)     179.34687       -0.00000        0.00656     179.35343
	       D(11,12,13,14)      -0.13045        0.00000        0.01332      -0.11713
	       D(11,12,13,17)    -179.31211        0.00000       -0.03780    -179.34991
	       D(12,11,10,15)       0.39083        0.00000        0.00214       0.39296
	       D(12,13,14,15)      -0.19439       -0.00000       -0.02342      -0.21782
	       D(12,13,14,16)     179.94005       -0.00000       -0.01137     179.92868
	       D(12,13,17,18)      -2.25427        0.00000       -0.15173      -2.40599
	       D(13,12,11,26)     178.92418       -0.00000        0.00579     178.92997
	       D(13,14,15,28)    -179.43220        0.00000        0.00453    -179.42767
	       D(13,17,18,19)     168.17654        0.00001        0.07668     168.25322
	       D(13,17,18,22)     -80.45871        0.00000        0.15704     -80.30166
	       D(13,17,18,29)      46.50979        0.00000        0.02511      46.53490
	       D(14,13,12,27)     179.79581        0.00000        0.01983     179.81564
	       D(14,13,17,18)     178.55814        0.00000       -0.20250     178.35564
	       D(15,10,11,26)    -178.47554        0.00000       -0.00706    -178.48260
	       D(15,14,13,17)     179.05319       -0.00000        0.02352     179.07671
	       D(16,14,13,17)      -0.81237       -0.00000        0.03558      -0.77679
	       D(16,14,15,28)       0.43395       -0.00000       -0.00747       0.42648
	       D(17,13,12,27)       0.61415        0.00000       -0.03129       0.58286
	       D(17,18,19,20)      78.89740        0.00000       -0.87568      78.02171
	       D(17,18,19,30)    -163.05975        0.00000       -1.01324    -164.07298
	       D(17,18,19,31)     -44.56073        0.00000       -0.85263     -45.41337
	       D(17,18,22,21)     -73.20944       -0.00001       -1.36860     -74.57804
	       D(17,18,22,36)      49.92751       -0.00000       -1.29065      48.63685
	       D(17,18,22,37)     169.05556       -0.00000       -1.52177     167.53379
	       D(18,19,20,21)      20.97515        0.00000        2.82611      23.80126
	       D(18,19,20,32)     -98.47401       -0.00000        3.26784     -95.20617
	       D(18,19,20,33)     142.79530       -0.00000        3.20186     145.99716
	       D(18,22,21,20)     -27.05234        0.00000        3.05271     -23.99963
	       D(18,22,21,34)      91.76992        0.00000        3.34268      95.11260
	       D(18,22,21,35)    -149.62727        0.00000        3.21802    -146.40925
	       D(19,18,22,21)      40.17318       -0.00001       -1.32728      38.84589
	       D(19,18,22,36)     163.31012       -0.00000       -1.24933     162.06079
	       D(19,18,22,37)     -77.56183       -0.00000       -1.48045     -79.04227
	       D(19,20,21,22)       3.81008       -0.00000       -3.60735       0.20273
	       D(19,20,21,34)    -114.85272       -0.00000       -4.00853    -118.86125
	       D(19,20,21,35)     125.80139       -0.00000       -3.89194     121.90945
	       D(20,19,18,22)     -37.88374        0.00000       -0.95927     -38.84300
	       D(20,19,18,29)    -161.41899        0.00001       -0.83652    -162.25552
	       D(20,21,22,36)    -150.44153        0.00001        3.00139    -147.44014
	       D(20,21,22,37)      88.88022        0.00000        3.17659      92.05681
	       D(21,20,19,30)     -95.35832       -0.00000        3.02250     -92.33582
	       D(21,20,19,31)     143.20144       -0.00000        2.94195     146.14339
	       D(21,22,18,29)     162.52998       -0.00001       -1.32783     161.20215
	       D(22,18,19,30)      80.15912        0.00000       -1.09682      79.06230
	       D(22,18,19,31)    -161.34187        0.00000       -0.93622    -162.27808
	       D(22,21,20,32)     123.33566       -0.00000       -4.15094     119.18472
	       D(22,21,20,33)    -117.42599       -0.00000       -3.98987    -121.41586
	       D(26,11,12,27)      -1.00307       -0.00000       -0.00062      -1.00369
	       D(29,18,19,30)     -43.37614        0.00000       -0.97408     -44.35021
	       D(29,18,19,31)      75.12287        0.00001       -0.81347      74.30940
	       D(29,18,22,36)     -74.33308       -0.00000       -1.24988     -75.58296
	       D(29,18,22,37)      44.79498       -0.00000       -1.48100      43.31398
	       D(30,19,20,32)     145.19252       -0.00000        3.46423     148.65675
	       D(30,19,20,33)      26.46183       -0.00000        3.39825      29.86007
	       D(31,19,20,32)      23.75228       -0.00000        3.38369      27.13596
	       D(31,19,20,33)     -94.97841       -0.00000        3.31770     -91.66071
	       D(32,20,21,34)       4.67285       -0.00000       -4.55212       0.12073
	       D(32,20,21,35)    -114.67303       -0.00001       -4.43553    -119.10857
	       D(33,20,21,34)     123.91120       -0.00000       -4.39104     119.52016
	       D(33,20,21,35)       4.56531       -0.00000       -4.27445       0.29086
	       D(34,21,22,36)     -31.61927        0.00000        3.29136     -28.32791
	       D(34,21,22,37)    -152.29753        0.00000        3.46656    -148.83097
	       D(35,21,22,36)      86.98355        0.00001        3.16670      90.15025
	       D(35,21,22,37)     -33.69471        0.00000        3.34190     -30.35281
	-------------------------------------------------------------------------------

	                                 ==> Convergence Check <==                                  
    
	Measures of convergence in internal coordinates in au.
    
	Criteria marked as inactive (o), active & met (*), and active & unmet ( ).

	----------------------------------------------------------------------------------------------
	   Step    Total Energy     Delta E     Max Force     RMS Force      Max Disp      RMS Disp   
	----------------------------------------------------------------------------------------------
	  Convergence Criteria     1.00e-06 *    3.00e-04 *             o    1.20e-03 *             o
	----------------------------------------------------------------------------------------------
	     9   -1407.64303816   -1.92e-05      3.39e-04      7.91e-05 o    7.94e-02      2.32e-02 o  ~
	----------------------------------------------------------------------------------------------

Next Geometry in Ang 
	Fragment 1 (Ang)

	    N  -2.1673367142   2.2285844207  -0.7692729950
	    C  -1.9891410972   0.9262369073  -0.6312498073
	    C  -3.0832693436   0.0592458932  -0.7167766854
	    C  -4.3091179356   0.6311761953  -0.9657881517
	    N  -4.4760235080   1.9350599735  -1.1133552032
	    C  -3.3918298262   2.6637794026  -1.0011531989
	    C  -5.5589712455  -0.2053242244  -1.0819102643
	    O  -6.6399512622   0.2233873125  -1.2893934416
	    O  -5.3111471966  -1.5027162106  -0.9251010277
	    C  -0.6076388925   0.4499716544  -0.3753936191
	    C  -0.2318966870  -0.8730548143  -0.5476998546
	    C   1.0634742393  -1.2934967168  -0.3021071315
	    C   2.0304417874  -0.3933574522   0.1278876624
	    C   1.6505757357   0.9430323816   0.2996899031
	    C   0.3652291412   1.3560401414   0.0479176898
	   Cl   2.8246164031   2.1076237108   0.8382001999
	    O   3.3024988971  -0.6989647013   0.3778399348
	    C   3.8021573286  -2.0262713485   0.2731841961
	    C   5.3193901904  -1.9169260516   0.3410146364
	    C   5.6311795700  -1.7168545944   1.8358602235
	    C   4.4199463590  -2.3147252979   2.6000182109
	    C   3.4568467610  -2.8421155584   1.5183733746
	    H  -2.9922084011  -0.9967432414  -0.5795308649
	    H  -3.5092345909   3.7271170409  -1.1074644367
	    H  -6.1307693666  -1.9720071158  -1.0066895071
	    H  -0.9384759321  -1.6033904337  -0.8953131570
	    H   1.3115838796  -2.3253974977  -0.4495132352
	    H   0.1061171223   2.3874334653   0.1795944616
	    H   3.4589980261  -2.4684129738  -0.6547967969
	    H   5.7402852520  -2.8535657821  -0.0153095567
	    H   5.6951456612  -1.1210741218  -0.2898546031
	    H   5.7299820152  -0.6615257901   2.0586101118
	    H   6.5662261275  -2.1912290056   2.1117251490
	    H   3.9335968892  -1.5466139686   3.1896210385
	    H   4.7120274962  -3.1027088079   3.2850343924
	    H   2.4152862834  -2.7637985097   1.8062139618
	    H   3.6570201906  -3.8885931931   1.3022136509


    Structure for next step:
    Molecular point group: c1
    Full point group: C1

    Geometry (in Angstrom), charge = 0, multiplicity = 1:

    N           -2.167995203978     2.228009618238    -0.768135046922
    C           -1.989799587002     0.925662104800    -0.630111859212
    C           -3.083927833344     0.058671090737    -0.715638737337
    C           -4.309776425431     0.630601392828    -0.964650203586
    N           -4.476681997741     1.934485171063    -1.112217255067
    C           -3.392488315964     2.663204600158    -1.000015250857
    C           -5.559629735296    -0.205899026834    -1.080772316212
    O           -6.640609752025     0.222812510075    -1.288255493484
    O           -5.311805686375    -1.503291013036    -0.923963079590
    C           -0.608297382268     0.449396851977    -0.374255671047
    C           -0.232555176786    -0.873629616748    -0.546561906472
    C            1.062815749520    -1.294071519258    -0.300969183378
    C            2.029783297595    -0.393932254669     0.129025610541
    C            1.649917245894     0.942457579106     0.300827851237
    C            0.364570651381     1.355465338988     0.049055637858
    CL           2.823957913316     2.107048908320     0.839338148031
    O            3.301840407343    -0.699539503800     0.378977882901
    C            3.801498838787    -2.026846151006     0.274322144160
    C            5.318731700577    -1.917500854033     0.342152584489
    C            5.630521080178    -1.717429396832     1.836998171550
    C            4.419287869193    -2.315300100374     2.601156159036
    C            3.456188271249    -2.842690360856     1.519511322676
    H           -2.992866890931    -0.997318043824    -0.578392916771
    H           -3.509893080686     3.726542238478    -1.106326488611
    H           -6.131427856430    -1.972581918262    -1.005551558997
    H           -0.939134421847    -1.603965236182    -0.894175208864
    H            1.310925389792    -2.325972300189    -0.448375287090
    H            0.105458632544     2.386858662800     0.180732409676
    H            3.458339536304    -2.468987776236    -0.653658848831
    H            5.739626762166    -2.854140584516    -0.014171608598
    H            5.694487171423    -1.121648924285    -0.288716655004
    H            5.729323525458    -0.662100592554     2.059748059895
    H            6.565567637741    -2.191803808067     2.112863097127
    H            3.932938399405    -1.547188771010     3.190758986584
    H            4.711369006384    -3.103283610384     3.286172340533
    H            2.414627793632    -2.764373312121     1.807351909848
    H            3.656361700804    -3.889167995527     1.303351599015


Scratch directory: /tmp/
gradient() will perform analytic gradient computation.
   => Libint2 <=

    Primary   basis highest AM E, G, H:  6, 6, 3
    Auxiliary basis highest AM E, G, H:  7, 7, 4
    Onebody   basis highest AM E, G, H:  -, -, -
    Solid Harmonics ordering:            Gaussian

*** tstart() called on gunsnroses
*** at Thu Jan 23 19:48:30 2025

   => Loading Basis Set <=

    Name: 6-31G**
    Role: ORBITAL
    Keyword: BASIS
    atoms 1, 5                   entry N          line   132 file /home/joaopedroval/miniforge3/envs/PubChem/share/psi4/basis/6-31gss.gbs 
    atoms 2-4, 6-7, 10-15, 18-22 entry C          line   115 file /home/joaopedroval/miniforge3/envs/PubChem/share/psi4/basis/6-31gss.gbs 
    atoms 8-9, 17                entry O          line   149 file /home/joaopedroval/miniforge3/envs/PubChem/share/psi4/basis/6-31gss.gbs 
    atoms 16                     entry CL         line   344 file /home/joaopedroval/miniforge3/envs/PubChem/share/psi4/basis/6-31gss.gbs 
    atoms 23-37                  entry H          line    44 file /home/joaopedroval/miniforge3/envs/PubChem/share/psi4/basis/6-31gss.gbs 


         ---------------------------------------------------------
                                   SCF
               by Justin Turney, Rob Parrish, Andy Simmonett
                          and Daniel G. A. Smith
                              RHF Reference
                        8 Threads,  22888 MiB Core
         ---------------------------------------------------------

  ==> Geometry <==

    Molecular point group: c1
    Full point group: C1

    Geometry (in Angstrom), charge = 0, multiplicity = 1:

       Center              X                  Y                   Z               Mass       
    ------------   -----------------  -----------------  -----------------  -----------------
         N           -2.167995203978     2.228009618238    -0.768135046922    14.003074004430
         C           -1.989799587002     0.925662104800    -0.630111859212    12.000000000000
         C           -3.083927833344     0.058671090737    -0.715638737337    12.000000000000
         C           -4.309776425431     0.630601392828    -0.964650203586    12.000000000000
         N           -4.476681997741     1.934485171063    -1.112217255067    14.003074004430
         C           -3.392488315964     2.663204600158    -1.000015250857    12.000000000000
         C           -5.559629735296    -0.205899026834    -1.080772316212    12.000000000000
         O           -6.640609752025     0.222812510075    -1.288255493484    15.994914619570
         O           -5.311805686375    -1.503291013036    -0.923963079590    15.994914619570
         C           -0.608297382268     0.449396851977    -0.374255671047    12.000000000000
         C           -0.232555176786    -0.873629616748    -0.546561906472    12.000000000000
         C            1.062815749520    -1.294071519258    -0.300969183378    12.000000000000
         C            2.029783297595    -0.393932254669     0.129025610541    12.000000000000
         C            1.649917245894     0.942457579106     0.300827851237    12.000000000000
         C            0.364570651381     1.355465338988     0.049055637858    12.000000000000
         CL           2.823957913316     2.107048908320     0.839338148031    34.968852682000
         O            3.301840407343    -0.699539503800     0.378977882901    15.994914619570
         C            3.801498838787    -2.026846151006     0.274322144160    12.000000000000
         C            5.318731700577    -1.917500854033     0.342152584489    12.000000000000
         C            5.630521080178    -1.717429396832     1.836998171550    12.000000000000
         C            4.419287869193    -2.315300100374     2.601156159036    12.000000000000
         C            3.456188271249    -2.842690360856     1.519511322676    12.000000000000
         H           -2.992866890931    -0.997318043824    -0.578392916771     1.007825032230
         H           -3.509893080686     3.726542238478    -1.106326488611     1.007825032230
         H           -6.131427856430    -1.972581918262    -1.005551558997     1.007825032230
         H           -0.939134421847    -1.603965236182    -0.894175208864     1.007825032230
         H            1.310925389792    -2.325972300189    -0.448375287090     1.007825032230
         H            0.105458632544     2.386858662800     0.180732409676     1.007825032230
         H            3.458339536304    -2.468987776236    -0.653658848831     1.007825032230
         H            5.739626762166    -2.854140584516    -0.014171608598     1.007825032230
         H            5.694487171423    -1.121648924285    -0.288716655004     1.007825032230
         H            5.729323525458    -0.662100592554     2.059748059895     1.007825032230
         H            6.565567637741    -2.191803808067     2.112863097127     1.007825032230
         H            3.932938399405    -1.547188771010     3.190758986584     1.007825032230
         H            4.711369006384    -3.103283610384     3.286172340533     1.007825032230
         H            2.414627793632    -2.764373312121     1.807351909848     1.007825032230
         H            3.656361700804    -3.889167995527     1.303351599015     1.007825032230

  Running in c1 symmetry.

  Rotational constants: A =      0.02080  B =      0.00339  C =      0.00300 [cm^-1]
  Rotational constants: A =    623.62204  B =    101.53257  C =     89.92613 [MHz]
  Nuclear repulsion = 1808.145141006161111

  Charge       = 0
  Multiplicity = 1
  Electrons    = 166
  Nalpha       = 83
  Nbeta        = 83

  ==> Algorithm <==

  SCF Algorithm Type is DF.
  DIIS enabled.
  MOM disabled.
  Fractional occupation disabled.
  Guess Type is READ.
  Energy threshold   = 1.00e-08
  Density threshold  = 1.00e-08
  Integral threshold = 1.00e-12

  ==> Primary Basis <==

  Basis Set: 6-31G**
    Blend: 6-31G**
    Number of shells: 179
    Number of basis functions: 409
    Number of Cartesian functions: 409
    Spherical Harmonics?: false
    Max angular momentum: 2

   => Loading Basis Set <=

    Name: (6-31G** AUX)
    Role: JKFIT
    Keyword: DF_BASIS_SCF
    atoms 1, 5                   entry N          line   171 file /home/joaopedroval/miniforge3/envs/PubChem/share/psi4/basis/cc-pvdz-jkfit.gbs 
    atoms 2-4, 6-7, 10-15, 18-22 entry C          line   121 file /home/joaopedroval/miniforge3/envs/PubChem/share/psi4/basis/cc-pvdz-jkfit.gbs 
    atoms 8-9, 17                entry O          line   221 file /home/joaopedroval/miniforge3/envs/PubChem/share/psi4/basis/cc-pvdz-jkfit.gbs 
    atoms 16                     entry CL         line   667 file /home/joaopedroval/miniforge3/envs/PubChem/share/psi4/basis/cc-pvdz-jkfit.gbs 
    atoms 23-37                  entry H          line    51 file /home/joaopedroval/miniforge3/envs/PubChem/share/psi4/basis/cc-pvdz-jkfit.gbs 

   => Loading Basis Set <=

    Name: 6-31G**
    Role: ORBITAL
    Keyword: BASIS
    atoms 1, 5                   entry N          line   132 file /home/joaopedroval/miniforge3/envs/PubChem/share/psi4/basis/6-31gss.gbs 
    atoms 2-4, 6-7, 10-15, 18-22 entry C          line   115 file /home/joaopedroval/miniforge3/envs/PubChem/share/psi4/basis/6-31gss.gbs 
    atoms 8-9, 17                entry O          line   149 file /home/joaopedroval/miniforge3/envs/PubChem/share/psi4/basis/6-31gss.gbs 
    atoms 16                     entry CL         line   344 file /home/joaopedroval/miniforge3/envs/PubChem/share/psi4/basis/6-31gss.gbs 
    atoms 23-37                  entry H          line    44 file /home/joaopedroval/miniforge3/envs/PubChem/share/psi4/basis/6-31gss.gbs 

  Reading orbitals from file /tmp/stdout.default.8009.180.npy, no projection.

  ==> Integral Setup <==

  DFHelper Memory: AOs need 1.743 GiB; user supplied 16.764 GiB. 
  Using in-core AOs.

  ==> MemDFJK: Density-Fitted J/K Matrices <==

    J tasked:                   Yes
    K tasked:                   Yes
    wK tasked:                   No
    OpenMP threads:               8
    Memory [MiB]:             17166
    Algorithm:                 Core
    Schwarz Cutoff:           1E-12
    Mask sparsity (%):      39.6363
    Fitting Condition:        1E-10

   => Auxiliary Basis Set <=

  Basis Set: (6-31G** AUX)
    Blend: CC-PVDZ-JKFIT
    Number of shells: 675
    Number of basis functions: 2206
    Number of Cartesian functions: 2206
    Spherical Harmonics?: false
    Max angular momentum: 3

  Minimum eigenvalue in the overlap matrix is 3.5477429289E-04.
  Reciprocal condition number of the overlap matrix is 4.4093108595E-05.
    Using symmetric orthogonalization.

  ==> Pre-Iterations <==

  SCF Guess: Orbitals guess was supplied from a previous computation.

   -------------------------------------------------------
    Irrep   Nso     Nmo     Nalpha   Nbeta   Ndocc  Nsocc
   -------------------------------------------------------
     A        409     409      83      83      83       0
   -------------------------------------------------------
    Total     409     409      83      83      83       0
   -------------------------------------------------------

  ==> Iterations <==

                           Total Energy        Delta E     RMS |[F,P]|

   @DF-RHF iter   0: -1407.63844413727952   -1.40764e+03   1.44913e-04 
   @DF-RHF iter   1: -1407.64288362606203   -4.43949e-03   3.14913e-05 DIIS
   @DF-RHF iter   2: -1407.64303949303417   -1.55867e-04   1.04561e-05 DIIS
   @DF-RHF iter   3: -1407.64306012469910   -2.06317e-05   3.34315e-06 DIIS
   @DF-RHF iter   4: -1407.64306126743668   -1.14274e-06   5.92031e-07 DIIS
   @DF-RHF iter   5: -1407.64306132453930   -5.71026e-08   3.08096e-07 DIIS
   @DF-RHF iter   6: -1407.64306133512559   -1.05863e-08   6.79633e-08 DIIS
   @DF-RHF iter   7: -1407.64306133614787   -1.02227e-09   3.09073e-08 DIIS
   @DF-RHF iter   8: -1407.64306133636228   -2.14413e-10   1.43494e-08 DIIS
   @DF-RHF iter   9: -1407.64306133643731   -7.50333e-11   5.67263e-09 DIIS
  Energy and wave function converged.


  ==> Post-Iterations <==

    Orbital Energies [Eh]
    ---------------------

    Doubly Occupied:                                                      

       1A   -104.822800     2A    -20.630899     3A    -20.603459  
       4A    -20.567389     5A    -15.581690     6A    -15.580745  
       7A    -11.399233     8A    -11.329886     9A    -11.318216  
      10A    -11.318150    11A    -11.313507    12A    -11.299541  
      13A    -11.298106    14A    -11.263513    15A    -11.260103  
      16A    -11.258061    17A    -11.255797    18A    -11.248978  
      19A    -11.230510    20A    -11.226734    21A    -11.223379  
      22A    -11.221119    23A    -10.555771    24A     -8.025234  
      25A     -8.021810    26A     -8.021777    27A     -1.493678  
      28A     -1.438176    29A     -1.384819    30A     -1.336398  
      31A     -1.223544    32A     -1.193743    33A     -1.134505  
      34A     -1.128541    35A     -1.098038    36A     -1.040578  
      37A     -1.011286    38A     -0.980623    39A     -0.977698  
      40A     -0.948065    41A     -0.914007    42A     -0.874959  
      43A     -0.851707    44A     -0.817025    45A     -0.793401  
      46A     -0.788530    47A     -0.754295    48A     -0.736531  
      49A     -0.729706    50A     -0.705992    51A     -0.687787  
      52A     -0.675533    53A     -0.669986    54A     -0.664096  
      55A     -0.655266    56A     -0.647762    57A     -0.635747  
      58A     -0.628697    59A     -0.617025    60A     -0.597678  
      61A     -0.595135    62A     -0.590803    63A     -0.579305  
      64A     -0.562801    65A     -0.552325    66A     -0.532706  
      67A     -0.525681    68A     -0.505960    69A     -0.497812  
      70A     -0.490512    71A     -0.481311    72A     -0.478963  
      73A     -0.476697    74A     -0.474617    75A     -0.472408  
      76A     -0.465134    77A     -0.459139    78A     -0.447342  
      79A     -0.428492    80A     -0.421247    81A     -0.391307  
      82A     -0.349384    83A     -0.313092  

    Virtual:                                                              

      84A      0.059019    85A      0.090731    86A      0.123493  
      87A      0.169738    88A      0.203083    89A      0.214239  
      90A      0.221485    91A      0.238737    92A      0.242587  
      93A      0.243319    94A      0.265357    95A      0.290510  
      96A      0.291098    97A      0.295086    98A      0.311398  
      99A      0.318815   100A      0.320882   101A      0.325041  
     102A      0.335523   103A      0.338251   104A      0.345486  
     105A      0.350564   106A      0.361445   107A      0.380839  
     108A      0.389316   109A      0.396730   110A      0.406785  
     111A      0.413194   112A      0.416751   113A      0.431541  
     114A      0.448322   115A      0.452837   116A      0.467732  
     117A      0.486077   118A      0.495359   119A      0.505622  
     120A      0.507626   121A      0.517339   122A      0.523658  
     123A      0.540514   124A      0.568582   125A      0.585026  
     126A      0.595035   127A      0.628521   128A      0.638739  
     129A      0.642082   130A      0.656594   131A      0.668417  
     132A      0.694085   133A      0.710144   134A      0.711607  
     135A      0.726427   136A      0.736470   137A      0.738105  
     138A      0.745396   139A      0.749874   140A      0.751483  
     141A      0.758010   142A      0.765411   143A      0.779926  
     144A      0.790377   145A      0.801785   146A      0.806939  
     147A      0.813512   148A      0.825645   149A      0.828411  
     150A      0.842189   151A      0.852351   152A      0.859438  
     153A      0.875322   154A      0.885359   155A      0.891336  
     156A      0.893367   157A      0.902929   158A      0.917822  
     159A      0.923676   160A      0.928932   161A      0.938204  
     162A      0.939860   163A      0.946914   164A      0.955055  
     165A      0.960728   166A      0.966132   167A      0.981900  
     168A      0.989809   169A      1.014248   170A      1.022679  
     171A      1.026430   172A      1.032862   173A      1.039282  
     174A      1.048619   175A      1.060505   176A      1.070412  
     177A      1.072565   178A      1.079050   179A      1.081959  
     180A      1.088210   181A      1.103327   182A      1.112697  
     183A      1.121211   184A      1.126475   185A      1.129951  
     186A      1.136261   187A      1.142306   188A      1.151604  
     189A      1.154418   190A      1.157116   191A      1.162323  
     192A      1.165358   193A      1.170598   194A      1.177867  
     195A      1.189679   196A      1.195195   197A      1.199354  
     198A      1.205840   199A      1.213940   200A      1.217049  
     201A      1.223031   202A      1.238868   203A      1.258563  
     204A      1.275120   205A      1.301666   206A      1.305851  
     207A      1.313763   208A      1.331880   209A      1.351943  
     210A      1.365768   211A      1.375008   212A      1.404650  
     213A      1.423321   214A      1.435663   215A      1.444893  
     216A      1.457521   217A      1.466507   218A      1.475115  
     219A      1.500846   220A      1.504404   221A      1.508934  
     222A      1.532830   223A      1.540227   224A      1.555021  
     225A      1.564859   226A      1.589256   227A      1.614918  
     228A      1.626892   229A      1.635392   230A      1.643522  
     231A      1.654415   232A      1.657246   233A      1.669870  
     234A      1.682149   235A      1.699147   236A      1.707606  
     237A      1.728419   238A      1.735536   239A      1.773032  
     240A      1.777664   241A      1.793701   242A      1.802126  
     243A      1.809429   244A      1.820439   245A      1.831746  
     246A      1.840215   247A      1.864532   248A      1.898783  
     249A      1.921850   250A      1.927014   251A      1.939794  
     252A      1.949095   253A      1.984074   254A      2.010143  
     255A      2.026606   256A      2.030348   257A      2.041898  
     258A      2.054597   259A      2.058416   260A      2.067282  
     261A      2.076476   262A      2.096516   263A      2.100218  
     264A      2.120700   265A      2.142748   266A      2.152009  
     267A      2.164764   268A      2.168343   269A      2.180341  
     270A      2.185764   271A      2.209747   272A      2.213553  
     273A      2.224799   274A      2.237545   275A      2.255018  
     276A      2.265745   277A      2.274390   278A      2.276952  
     279A      2.289703   280A      2.297683   281A      2.310514  
     282A      2.323526   283A      2.325602   284A      2.339742  
     285A      2.349310   286A      2.369151   287A      2.382381  
     288A      2.392055   289A      2.405247   290A      2.410734  
     291A      2.421946   292A      2.443265   293A      2.471410  
     294A      2.490083   295A      2.503880   296A      2.507475  
     297A      2.524502   298A      2.548023   299A      2.559728  
     300A      2.579217   301A      2.587064   302A      2.594587  
     303A      2.604229   304A      2.610248   305A      2.615418  
     306A      2.624812   307A      2.635794   308A      2.649139  
     309A      2.660027   310A      2.662606   311A      2.679928  
     312A      2.685429   313A      2.698913   314A      2.705218  
     315A      2.722810   316A      2.736822   317A      2.741167  
     318A      2.747267   319A      2.762842   320A      2.784892  
     321A      2.807820   322A      2.819016   323A      2.828310  
     324A      2.835327   325A      2.850749   326A      2.860346  
     327A      2.864175   328A      2.881606   329A      2.884764  
     330A      2.889890   331A      2.896019   332A      2.900403  
     333A      2.913632   334A      2.918488   335A      2.946097  
     336A      2.966010   337A      2.970434   338A      2.979270  
     339A      3.001032   340A      3.014453   341A      3.040981  
     342A      3.043575   343A      3.066502   344A      3.074637  
     345A      3.087039   346A      3.090702   347A      3.096733  
     348A      3.125048   349A      3.127073   350A      3.132694  
     351A      3.134445   352A      3.146451   353A      3.175537  
     354A      3.197408   355A      3.205442   356A      3.221275  
     357A      3.250402   358A      3.258749   359A      3.279314  
     360A      3.283911   361A      3.323518   362A      3.352881  
     363A      3.373622   364A      3.411619   365A      3.444983  
     366A      3.475302   367A      3.544263   368A      3.566126  
     369A      3.573130   370A      3.598355   371A      3.622903  
     372A      3.660443   373A      3.673969   374A      3.677214  
     375A      3.693511   376A      3.743261   377A      3.763898  
     378A      3.774980   379A      3.831519   380A      3.843484  
     381A      3.859490   382A      3.863544   383A      3.867737  
     384A      3.912978   385A      3.974606   386A      4.061383  
     387A      4.185034   388A      4.373136   389A      4.466788  
     390A      4.490650   391A      4.525204   392A      4.552589  
     393A      4.554313   394A      4.577173   395A      4.659571  
     396A      4.708958   397A      4.764277   398A      4.784192  
     399A      4.810237   400A      4.826700   401A      4.843548  
     402A      4.876673   403A      4.911572   404A      5.017086  
     405A      5.082221   406A      5.161653   407A      5.193330  
     408A      5.231993   409A      5.292934  

    Final Occupation by Irrep:
              A 
    DOCC [    83 ]
    NA   [    83 ]
    NB   [    83 ]

  @DF-RHF Final Energy: -1407.64306133643731

   => Energetics <=

    Nuclear Repulsion Energy =           1808.1451410061611114
    One-Electron Energy =               -5521.9683949479949661
    Two-Electron Energy =                2306.1801926053967691
    Total Energy =                      -1407.6430613364373130

Computation Completed


Properties will be evaluated at   0.000000,   0.000000,   0.000000 [a0]

Properties computed using the SCF density matrix


 Multipole Moments:

 ------------------------------------------------------------------------------------
     Multipole            Electronic (a.u.)      Nuclear  (a.u.)        Total (a.u.)
 ------------------------------------------------------------------------------------

 L = 1.  Multiply by 2.5417464519 to convert [e a0] to [Debye]
 Dipole X            :        -24.2998981           25.2782780            0.9783799
 Dipole Y            :         19.7131591          -22.0021247           -2.2889656
 Dipole Z            :         -7.4854135            7.6201559            0.1347424
 Magnitude           :                                                    2.4929393

 ------------------------------------------------------------------------------------

*** tstop() called on gunsnroses at Thu Jan 23 19:48:49 2025
Module time:
	user time   =     117.53 seconds =       1.96 minutes
	system time =       6.16 seconds =       0.10 minutes
	total time  =         19 seconds =       0.32 minutes
Total time:
	user time   =    1732.17 seconds =      28.87 minutes
	system time =     105.37 seconds =       1.76 minutes
	total time  =        308 seconds =       5.13 minutes

*** tstart() called on gunsnroses
*** at Thu Jan 23 19:48:49 2025


         ------------------------------------------------------------
                                   SCF GRAD                          
                          Rob Parrish, Justin Turney,                
                       Andy Simmonett, and Alex Sokolov              
         ------------------------------------------------------------

  ==> Geometry <==

    Molecular point group: c1
    Full point group: C1

    Geometry (in Angstrom), charge = 0, multiplicity = 1:

       Center              X                  Y                   Z               Mass       
    ------------   -----------------  -----------------  -----------------  -----------------
         N           -2.167995203978     2.228009618238    -0.768135046922    14.003074004430
         C           -1.989799587002     0.925662104800    -0.630111859212    12.000000000000
         C           -3.083927833344     0.058671090737    -0.715638737337    12.000000000000
         C           -4.309776425431     0.630601392828    -0.964650203586    12.000000000000
         N           -4.476681997741     1.934485171063    -1.112217255067    14.003074004430
         C           -3.392488315964     2.663204600158    -1.000015250857    12.000000000000
         C           -5.559629735296    -0.205899026834    -1.080772316212    12.000000000000
         O           -6.640609752025     0.222812510075    -1.288255493484    15.994914619570
         O           -5.311805686375    -1.503291013036    -0.923963079590    15.994914619570
         C           -0.608297382268     0.449396851977    -0.374255671047    12.000000000000
         C           -0.232555176786    -0.873629616748    -0.546561906472    12.000000000000
         C            1.062815749520    -1.294071519258    -0.300969183378    12.000000000000
         C            2.029783297595    -0.393932254669     0.129025610541    12.000000000000
         C            1.649917245894     0.942457579106     0.300827851237    12.000000000000
         C            0.364570651381     1.355465338988     0.049055637858    12.000000000000
         CL           2.823957913316     2.107048908320     0.839338148031    34.968852682000
         O            3.301840407343    -0.699539503800     0.378977882901    15.994914619570
         C            3.801498838787    -2.026846151006     0.274322144160    12.000000000000
         C            5.318731700577    -1.917500854033     0.342152584489    12.000000000000
         C            5.630521080178    -1.717429396832     1.836998171550    12.000000000000
         C            4.419287869193    -2.315300100374     2.601156159036    12.000000000000
         C            3.456188271249    -2.842690360856     1.519511322676    12.000000000000
         H           -2.992866890931    -0.997318043824    -0.578392916771     1.007825032230
         H           -3.509893080686     3.726542238478    -1.106326488611     1.007825032230
         H           -6.131427856430    -1.972581918262    -1.005551558997     1.007825032230
         H           -0.939134421847    -1.603965236182    -0.894175208864     1.007825032230
         H            1.310925389792    -2.325972300189    -0.448375287090     1.007825032230
         H            0.105458632544     2.386858662800     0.180732409676     1.007825032230
         H            3.458339536304    -2.468987776236    -0.653658848831     1.007825032230
         H            5.739626762166    -2.854140584516    -0.014171608598     1.007825032230
         H            5.694487171423    -1.121648924285    -0.288716655004     1.007825032230
         H            5.729323525458    -0.662100592554     2.059748059895     1.007825032230
         H            6.565567637741    -2.191803808067     2.112863097127     1.007825032230
         H            3.932938399405    -1.547188771010     3.190758986584     1.007825032230
         H            4.711369006384    -3.103283610384     3.286172340533     1.007825032230
         H            2.414627793632    -2.764373312121     1.807351909848     1.007825032230
         H            3.656361700804    -3.889167995527     1.303351599015     1.007825032230

  Nuclear repulsion = 1808.145141006161111

  ==> Basis Set <==

  Basis Set: 6-31G**
    Blend: 6-31G**
    Number of shells: 179
    Number of basis functions: 409
    Number of Cartesian functions: 409
    Spherical Harmonics?: false
    Max angular momentum: 2

  ==> DFJKGrad: Density-Fitted SCF Gradients <==

    Gradient:                    1
    J tasked:                  Yes
    K tasked:                  Yes
    wK tasked:                  No
    OpenMP threads:              8
    Integrals threads:           8
    Memory [MiB]:            17166
    Schwarz Cutoff:          1E-12
    Fitting Condition:       1E-10

   => Auxiliary Basis Set <=

  Basis Set: (6-31G** AUX)
    Blend: CC-PVDZ-JKFIT
    Number of shells: 675
    Number of basis functions: 2206
    Number of Cartesian functions: 2206
    Spherical Harmonics?: false
    Max angular momentum: 3


  -Total Gradient:
     Atom            X                  Y                   Z
    ------   -----------------  -----------------  -----------------
       1        0.000260261566    -0.000341351231     0.000227857156
       2        0.000152386095     0.000456908494     0.000155855867
       3       -0.000318833981    -0.000043468081    -0.000138059854
       4        0.000194746947    -0.000404114631     0.000226706251
       5        0.000197821740     0.000473202987     0.000097375701
       6       -0.000485822293    -0.000134450732    -0.000693528762
       7        0.000008272185     0.000052104918     0.000100427595
       8       -0.000010054232    -0.000005307106    -0.000061611220
       9        0.000004313742    -0.000039771094    -0.000047477008
      10       -0.000036548445    -0.000053241262    -0.000085537897
      11       -0.000010564088     0.000026506073     0.000027624311
      12        0.000049053801    -0.000002812171     0.000034460728
      13        0.000084669383     0.000006559354    -0.000160751365
      14       -0.000020683960     0.000003864096     0.000043397665
      15        0.000058705274     0.000022386238    -0.000002019119
      16        0.000001597371     0.000018397391    -0.000001149696
      17       -0.000132055724    -0.000023146124     0.000081035667
      18        0.000267057471    -0.000348407240     0.000042602122
      19       -0.000270805859     0.000612970369     0.000150236225
      20        0.000350631572    -0.000241266422    -0.000196959325
      21       -0.000203733020    -0.000136272373    -0.000072644546
      22       -0.000015674273     0.000221629530     0.000129353549
      23       -0.000012634307     0.000000851871    -0.000042464150
      24       -0.000002591524     0.000017202317     0.000229858243
      25        0.000003750863     0.000012457195     0.000001530412
      26        0.000028077389    -0.000020526590     0.000013589427
      27        0.000065222808    -0.000029918649    -0.000017914491
      28       -0.000006174508    -0.000013304007     0.000008730486
      29       -0.000143389252     0.000048747513    -0.000042766719
      30       -0.000085890124    -0.000155476421     0.000019075115
      31        0.000198465410    -0.000090616087    -0.000005736799
      32       -0.000100729203    -0.000028958370     0.000023597780
      33        0.000070722353     0.000135802933    -0.000096490196
      34       -0.000022466107     0.000052960629    -0.000034713833
      35       -0.000137912850     0.000049735914     0.000074398139
      36        0.000048521511    -0.000149157909     0.000157742018
      37       -0.000027713699     0.000049278678    -0.000145629475


*** tstop() called on gunsnroses at Thu Jan 23 19:48:59 2025
Module time:
	user time   =      48.34 seconds =       0.81 minutes
	system time =       4.12 seconds =       0.07 minutes
	total time  =         10 seconds =       0.17 minutes
Total time:
	user time   =    1780.53 seconds =      29.68 minutes
	system time =     109.49 seconds =       1.82 minutes
	total time  =        318 seconds =       5.30 minutes

    			-----------------------------------------

    			 OPTKING 3.0: for geometry optimizations 

    			     By R.A. King, Bethel University     

    			        with contributions from          

    			    A.V. Copan, J. Cayton, A. Heide      

    			-----------------------------------------

    
	                            ===> Fragment 1 <== 

	 Z (Atomic Numbers)          Masses                          Geom                  
	       7.000000            14.003074         -4.09691718  4.21032798 -1.45156487   
	       6.000000            12.000000         -3.76017626  1.74924786 -1.19073884   
	       6.000000            12.000000         -5.82777900  0.11087229 -1.35236122   
	       6.000000            12.000000         -8.14429711  1.19166393 -1.82292469   
	       7.000000            14.003074         -8.45970293  3.65564717 -2.10178600   
	       6.000000            12.000000         -6.41087380  5.03272731 -1.88975495   
	       6.000000            12.000000        -10.50617756  -0.38909277  -2.04236368 
	       8.000000            15.994915        -12.54893374   0.42105462  -2.43445006 
	       8.000000            15.994915        -10.03785798  -2.84080830  -1.74603717 
	       6.000000            12.000000         -1.14951546  0.84923697 -0.70724072   
	       6.000000            12.000000         -0.43946559 -1.65092071 -1.03285231   
	       6.000000            12.000000          2.00843069 -2.44544076 -0.56874933   
	       6.000000            12.000000          3.83573453 -0.74442407  0.24382307   
	       6.000000            12.000000          3.11789172  1.78098671  0.56848225   
	       6.000000            12.000000          0.68893868  2.56145826  0.09270172   
	      17.000000            34.968853          5.33650705  3.98174537  1.58611923   
	       8.000000            15.994915          6.23957408 -1.32193808  0.71616441   
	       6.000000            12.000000          7.18379167 -3.83018412  0.51839372   
	       6.000000            12.000000         10.05094625 -3.62355146  0.64657468   
	       6.000000            12.000000         10.64014279 -3.24547120  3.47142344   
	       6.000000            12.000000          8.35124374 -4.37528309  4.91547275   
	       6.000000            12.000000          6.53124927 -5.37190624  2.87146024   
	       1.000000             1.007825         -5.65569875 -1.88465796 -1.09300421   
	       1.000000             1.007825         -6.63273665  7.04214423 -2.09065407   
	       1.000000             1.007825        -11.58671941  -3.72763959  -1.90021705 
	       1.000000             1.007825         -1.77470685 -3.03105501 -1.68974625   
	       1.000000             1.007825          2.47728996 -4.39545062 -0.84730649   
	       1.000000             1.007825          0.19928793  4.51050917  0.34153476   
	       1.000000             1.007825          6.53531457 -4.66571070 -1.23523620   
	       1.000000             1.007825         10.84632264 -5.39354403 -0.02678046   
	       1.000000             1.007825         10.76102118 -2.11960928 -0.54559541   
	       1.000000             1.007825         10.82685235 -1.25118879  3.89235972   
	       1.000000             1.007825         12.40712469 -4.14190892  3.99273259   
	       1.000000             1.007825          7.43217644 -2.92376304  6.02966062   
	       1.000000             1.007825          8.90319710 -5.86435611  6.20996572   
	       1.000000             1.007825          4.56298522 -5.22390847  3.41540012   
	       1.000000             1.007825          6.90952223 -7.34946237  2.46297757   

	 - Coordinate -           - BOHR/RAD -       - ANG/DEG -
	 H(5,24)          =         3.847894           2.036218
	 H(8,25)          =         4.292193           2.271331
	 R(1,2)           =         2.497667           1.321708
	 R(1,6)           =         2.494543           1.320055
	 R(2,3)           =         2.642986           1.398608
	 R(2,10)          =         2.803451           1.483523
	 R(3,4)           =         2.599192           1.375433
	 R(3,23)          =         2.019658           1.068757
	 R(4,5)           =         2.499692           1.322780
	 R(4,7)           =         2.850513           1.508427
	 R(5,6)           =         2.477702           1.311143
	 R(6,24)          =         2.031586           1.075069
	 R(7,8)           =         2.232246           1.181254
	 R(7,9)           =         2.513571           1.330125
	 R(9,25)          =         1.791428           0.947983
	 R(10,11)         =         2.619348           1.386099
	 R(10,15)         =         2.636574           1.395215
	 R(11,12)         =         2.615119           1.383862
	 R(11,26)         =         2.029569           1.074002
	 R(12,13)         =         2.625409           1.389306
	 R(12,27)         =         2.024836           1.071497
	 R(13,14)         =         2.645449           1.399911
	 R(13,17)         =         2.516957           1.331916
	 R(14,15)         =         2.595249           1.373346
	 R(14,16)         =         3.286515           1.739149
	 R(15,28)         =         2.024963           1.071564
	 R(17,18)         =         2.687370           1.422095
	 R(18,19)         =         2.877447           1.522680
	 R(18,22)         =         2.887844           1.528181
	 R(18,29)         =         2.047888           1.083696
	 R(19,20)         =         2.910304           1.540066
	 R(19,30)         =         2.053997           1.086929
	 R(19,31)         =         2.046294           1.082852
	 R(20,21)         =         2.932714           1.551925
	 R(20,32)         =         2.046756           1.083097
	 R(20,33)         =         2.048802           1.084179
	 R(21,22)         =         2.912666           1.541317
	 R(21,34)         =         2.047684           1.083588
	 R(21,35)         =         2.048830           1.084194
	 R(22,36)         =         2.047398           1.083436
	 R(22,37)         =         2.054429           1.087157
	 B(1,2,3)         =         2.093192         119.931090
	 B(1,2,10)        =         2.048673         117.380322
	 B(1,6,5)         =         2.212854         126.787215
	 B(1,6,24)        =         2.031695         116.407563
	 B(2,1,6)         =         2.058112         117.921138
	 B(2,3,4)         =         2.038151         116.777475
	 B(2,3,23)        =         2.138839         122.546458
	 B(2,10,11)       =         2.138178         122.508604
	 B(2,10,15)       =         2.086536         119.549714
	 B(3,2,10)        =         2.141278         122.686177
	 B(3,4,5)         =         2.144243         122.856078
	 B(3,4,7)         =         2.119772         121.453964
	 B(4,3,23)        =         2.106023         120.666234
	 B(4,5,6)         =         2.019686         115.719496
	 B(4,7,8)         =         2.177915         124.785327
	 B(4,7,9)         =         1.957839         112.175888
	 B(5,4,7)         =         2.019162         115.689455
	 B(5,6,24)        =         2.038635         116.805181
	 B(7,9,25)        =         1.887699         108.157160
	 B(8,7,9)         =         2.147431         123.038707
	 B(10,11,12)      =         2.119611         121.444784
	 B(10,11,26)      =         2.107102         120.728043
	 B(10,15,14)      =         2.109394         120.859375
	 B(10,15,28)      =         2.087181         119.586668
	 B(11,10,15)      =         2.058452         117.940632
	 B(11,12,13)      =         2.105497         120.636081
	 B(11,12,27)      =         2.077072         119.007463
	 B(12,11,26)      =         2.056312         117.818024
	 B(12,13,14)      =         2.057402         117.880447
	 B(12,13,17)      =         2.182360         125.040010
	 B(13,12,27)      =         2.100616         120.356423
	 B(13,14,15)      =         2.115950         121.234990
	 B(13,14,16)      =         2.087560         119.608379
	 B(13,17,18)      =         2.136379         122.405513
	 B(14,13,17)      =         2.043351         117.075367
	 B(14,15,28)      =         2.086609         119.553911
	 B(15,14,16)      =         2.079673         119.156471
	 B(17,18,19)      =         1.854376         106.247913
	 B(17,18,22)      =         1.937912         111.034174
	 B(17,18,29)      =         1.909813         109.424205
	 B(18,19,20)      =         1.827916         104.731845
	 B(18,19,30)      =         1.885319         108.020837
	 B(18,19,31)      =         1.952594         111.875403
	 B(18,22,21)      =         1.821356         104.356025
	 B(18,22,36)      =         1.976987         113.273022
	 B(18,22,37)      =         1.886278         108.075755
	 B(19,18,22)      =         1.799991         103.131902
	 B(19,18,29)      =         1.963804         112.517665
	 B(19,20,21)      =         1.844065         105.657127
	 B(19,20,32)      =         1.922683         110.161646
	 B(19,20,33)      =         1.944147         111.391397
	 B(20,19,30)      =         1.930239         110.594565
	 B(20,19,31)      =         1.982053         113.563285
	 B(20,21,22)      =         1.848299         105.899728
	 B(20,21,34)      =         1.923183         110.190244
	 B(20,21,35)      =         1.961499         112.385634
	 B(21,20,32)      =         1.923353         110.200008
	 B(21,20,33)      =         1.959800         112.288249
	 B(21,22,36)      =         1.970916         112.925195
	 B(21,22,37)      =         1.932476         110.722741
	 B(22,18,29)      =         1.991465         114.102558
	 B(22,21,34)      =         1.921906         110.117115
	 B(22,21,35)      =         1.942326         111.287065
	 B(30,19,31)      =         1.883858         107.937119
	 B(32,20,33)      =         1.870588         107.176805
	 B(34,21,35)      =         1.867450         106.997000
	 B(36,22,37)      =         1.874875         107.422412
	 D(1,2,3,4)       =         0.016476           0.944004
	 D(1,2,3,23)      =        -3.105310        -177.921165
	 D(1,2,10,11)     =        -2.848582        -163.211699
	 D(1,2,10,15)     =         0.286367          16.407613
	 D(1,6,5,4)       =         0.009862           0.565074
	 D(2,1,6,5)       =        -0.000610          -0.034976
	 D(2,1,6,24)      =        -3.143537        -180.111428
	 D(2,3,4,5)       =        -0.007107          -0.407179
	 D(2,3,4,7)       =        -3.143998        -180.137791
	 D(2,10,11,12)    =         3.141908         180.018097
	 D(2,10,11,26)    =         0.019941           1.142531
	 D(2,10,15,14)    =         3.135268         179.637645
	 D(2,10,15,28)    =        -0.004942          -0.283172
	 D(3,2,1,6)       =        -0.012968          -0.742989
	 D(3,2,10,11)     =         0.302889          17.354277
	 D(3,2,10,15)     =        -2.845348        -163.026411
	 D(3,4,5,6)       =        -0.005345          -0.306248
	 D(3,4,7,8)       =         3.136767         179.723514
	 D(3,4,7,9)       =        -0.006558          -0.375728
	 D(4,3,2,10)      =        -3.135238        -179.635914
	 D(4,5,6,24)      =        -3.130391        -179.358208
	 D(4,7,9,25)      =         3.139616         179.886764
	 D(5,4,3,23)      =         3.115076         178.480682
	 D(5,4,7,8)       =        -0.000443          -0.025370
	 D(5,4,7,9)       =        -3.143768        -180.124612
	 D(6,1,2,10)      =         3.138218         179.806669
	 D(6,5,4,7)       =         3.131797         179.438743
	 D(7,4,3,23)      =        -0.021815          -1.249930
	 D(8,7,9,25)      =        -0.003673          -0.210464
	 D(10,2,3,23)     =         0.026161           1.498917
	 D(10,11,12,13)   =         0.000398           0.022830
	 D(10,11,12,27)   =        -3.140036        -179.910834
	 D(10,15,14,13)   =         0.011371           0.651487
	 D(10,15,14,16)   =        -3.132768        -179.494361
	 D(11,10,15,14)   =        -0.012667          -0.725753
	 D(11,10,15,28)   =         3.130308         179.353430
	 D(11,12,13,14)   =        -0.002044          -0.117132
	 D(11,12,13,17)   =        -3.130246        -179.349912
	 D(12,11,10,15)   =         0.006859           0.392965
	 D(12,13,14,15)   =        -0.003802          -0.217815
	 D(12,13,14,16)   =         3.140348         179.928682
	 D(12,13,17,18)   =        -0.041993          -2.405994
	 D(13,12,11,26)   =         3.122917         178.929970
	 D(13,14,15,28)   =        -3.131604        -179.427671
	 D(13,17,18,19)   =         2.936573         168.253218
	 D(13,17,18,22)   =        -1.401528         -80.301662
	 D(13,17,18,29)   =         0.812187          46.534902
	 D(14,13,12,27)   =         3.138375         179.815637
	 D(14,13,17,18)   =         3.112893         178.355639
	 D(15,10,11,26)   =        -3.115109        -178.482601
	 D(15,14,13,17)   =         3.125478         179.076712
	 D(16,14,13,17)   =        -0.013558          -0.776791
	 D(16,14,15,28)   =         0.007444           0.426481
	 D(17,13,12,27)   =         0.010173           0.582856
	 D(17,18,19,20)   =         1.361736          78.021713
	 D(17,18,19,30)   =        -2.863614        -164.072984
	 D(17,18,19,31)   =        -0.792613         -45.413369
	 D(17,18,22,21)   =        -1.301632         -74.578039
	 D(17,18,22,36)   =         0.848873          48.636854
	 D(17,18,22,37)   =         2.924016         167.533792
	 D(18,19,20,21)   =         0.415410          23.801263
	 D(18,19,20,32)   =        -1.661661         -95.206165
	 D(18,19,20,33)   =         2.548131         145.997159
	 D(18,22,21,20)   =        -0.418873         -23.999632
	 D(18,22,21,34)   =         1.660028          95.112597
	 D(18,22,21,35)   =        -2.555323        -146.409247
	 D(19,18,22,21)   =         0.677989          38.845895
	 D(19,18,22,36)   =         2.828494         162.060788
	 D(19,18,22,37)   =        -1.379548         -79.042274
	 D(19,20,21,22)   =         0.003538           0.202731
	 D(19,20,21,34)   =        -2.074520        -118.861253
	 D(19,20,21,35)   =         2.127721         121.909448
	 D(20,19,18,22)   =        -0.677938         -38.843002
	 D(20,19,18,29)   =        -2.831893        -162.255517
	 D(20,21,22,36)   =        -2.573316        -147.440136
	 D(20,21,22,37)   =         1.606694          92.056806
	 D(21,20,19,30)   =        -1.611564         -92.335823
	 D(21,20,19,31)   =         2.550683         146.143390
	 D(21,22,18,29)   =         2.813508         161.202147
	 D(22,18,19,30)   =         1.379897          79.062300
	 D(22,18,19,31)   =        -2.832287        -162.278085
	 D(22,21,20,32)   =         2.080166         119.184717
	 D(22,21,20,33)   =        -2.119107        -121.415859
	 D(26,11,12,27)   =        -0.017518          -1.003695
	 D(29,18,19,30)   =        -0.774057         -44.350215
	 D(29,18,19,31)   =         1.296944          74.309400
	 D(29,18,22,36)   =        -1.319171         -75.582959
	 D(29,18,22,37)   =         0.755972          43.313979
	 D(30,19,20,32)   =         2.594550         148.656749
	 D(30,19,20,33)   =         0.521157          29.860073
	 D(31,19,20,32)   =         0.473612          27.135962
	 D(31,19,20,33)   =        -1.599781         -91.660714
	 D(32,20,21,34)   =         0.002107           0.120732
	 D(32,20,21,35)   =        -2.078837        -119.108567
	 D(33,20,21,34)   =         2.086020         119.520157
	 D(33,20,21,35)   =         0.005076           0.290858
	 D(34,21,22,36)   =        -0.494415         -28.327907
	 D(34,21,22,37)   =        -2.597590        -148.830965
	 D(35,21,22,36)   =         1.573419          90.150249
	 D(35,21,22,37)   =        -0.529756         -30.352809


	        --- Internal Coordinate Step in ANG or DEG, aJ/ANG or AJ/DEG ---
	-------------------------------------------------------------------------------
	           Coordinate      Previous         Force          Change          New 
	           ----------      --------        ------          ------        ------
	              H(5,24)       2.03622        0.00063        0.00010       2.03632
	              H(8,25)       2.27133        0.00002        0.00008       2.27141
	               R(1,2)       1.32171        0.00214        0.00025       1.32196
	               R(1,6)       1.32006       -0.00251       -0.00027       1.31978
	               R(2,3)       1.39861       -0.00187       -0.00027       1.39834
	              R(2,10)       1.48352       -0.00010       -0.00001       1.48351
	               R(3,4)       1.37543        0.00172        0.00024       1.37567
	              R(3,23)       1.06876        0.00006        0.00001       1.06876
	               R(4,5)       1.32278       -0.00242       -0.00028       1.32250
	               R(4,7)       1.50843        0.00013        0.00003       1.50846
	               R(5,6)       1.31114        0.00208        0.00028       1.31143
	              R(6,24)       1.07507       -0.00047        0.00000       1.07507
	               R(7,8)       1.18125       -0.00016       -0.00001       1.18125
	               R(7,9)       1.33012       -0.00021       -0.00002       1.33010
	              R(9,25)       0.94798        0.00007        0.00000       0.94799
	             R(10,11)       1.38610       -0.00017       -0.00003       1.38607
	             R(10,15)       1.39521       -0.00043       -0.00007       1.39515
	             R(11,12)       1.38386        0.00006        0.00002       1.38388
	             R(11,26)       1.07400        0.00007        0.00001       1.07401
	             R(12,13)       1.38931        0.00081        0.00013       1.38943
	             R(12,27)       1.07150       -0.00038       -0.00008       1.07142
	             R(13,14)       1.39991       -0.00005       -0.00002       1.39989
	             R(13,17)       1.33192        0.00148        0.00014       1.33205
	             R(14,15)       1.37335        0.00014        0.00002       1.37337
	             R(14,16)       1.73915       -0.00011       -0.00003       1.73911
	             R(15,28)       1.07156        0.00008        0.00002       1.07158
	             R(17,18)       1.42210        0.00037        0.00006       1.42216
	             R(18,19)       1.52268        0.00070       -0.00026       1.52242
	             R(18,22)       1.52818        0.00020        0.00049       1.52867
	             R(18,29)       1.08370       -0.00051       -0.00005       1.08364
	             R(19,20)       1.54007        0.00145       -0.00108       1.53899
	             R(19,30)       1.08693       -0.00078        0.00007       1.08700
	             R(19,31)       1.08285       -0.00005        0.00005       1.08290
	             R(20,21)       1.55193       -0.00214       -0.00027       1.55165
	             R(20,32)       1.08310        0.00027        0.00008       1.08317
	             R(20,33)       1.08418        0.00019       -0.00002       1.08416
	             R(21,22)       1.54132        0.00132        0.00134       1.54266
	             R(21,34)       1.08359       -0.00024       -0.00004       1.08355
	             R(21,35)       1.08419        0.00022        0.00005       1.08424
	             R(22,36)       1.08344        0.00013       -0.00009       1.08335
	             R(22,37)       1.08716        0.00019       -0.00005       1.08711
	             B(1,2,3)     119.93109        0.00000        0.00466     119.93575
	            B(1,2,10)     117.38032       -0.00000       -0.01260     117.36772
	             B(1,6,5)     126.78722        0.00000       -0.00147     126.78575
	            B(1,6,24)     116.40756        0.00001        0.01496     116.42253
	             B(2,1,6)     117.92114       -0.00000       -0.00353     117.91761
	             B(2,3,4)     116.77748       -0.00000       -0.00310     116.77437
	            B(2,3,23)     122.54646       -0.00000       -0.00302     122.54344
	           B(2,10,11)     122.50860       -0.00000       -0.00446     122.50414
	           B(2,10,15)     119.54971        0.00000        0.00272     119.55244
	            B(3,2,10)     122.68618        0.00000        0.00685     122.69302
	             B(3,4,5)     122.85608        0.00000        0.00046     122.85654
	             B(3,4,7)     121.45396       -0.00000       -0.00652     121.44744
	            B(4,3,23)     120.66623        0.00000        0.00616     120.67239
	             B(4,5,6)     115.71950        0.00000        0.00119     115.72068
	             B(4,7,8)     124.78533       -0.00000       -0.00056     124.78477
	             B(4,7,9)     112.17589       -0.00000       -0.00261     112.17328
	             B(5,4,7)     115.68945        0.00000        0.00538     115.69484
	            B(5,6,24)     116.80518       -0.00001       -0.01383     116.79135
	            B(7,9,25)     108.15716        0.00000        0.00320     108.16036
	             B(8,7,9)     123.03871        0.00000        0.00323     123.04194
	          B(10,11,12)     121.44478        0.00000       -0.00091     121.44387
	          B(10,11,26)     120.72804       -0.00000       -0.01224     120.71580
	          B(10,15,14)     120.85937       -0.00000       -0.00176     120.85761
	          B(10,15,28)     119.58667        0.00000        0.00203     119.58870
	          B(11,10,15)     117.94063        0.00000        0.00142     117.94205
	          B(11,12,13)     120.63608        0.00000        0.00500     120.64108
	          B(11,12,27)     119.00746       -0.00000       -0.01762     118.98984
	          B(12,11,26)     117.81802        0.00000        0.01274     117.83076
	          B(12,13,14)     117.88045       -0.00000       -0.01428     117.86616
	          B(12,13,17)     125.04001        0.00002        0.04991     125.08992
	          B(13,12,27)     120.35642        0.00000        0.01260     120.36902
	          B(13,14,15)     121.23499        0.00000        0.01029     121.24528
	          B(13,14,16)     119.60838       -0.00000       -0.00976     119.59862
	          B(13,17,18)     122.40551        0.00002        0.06797     122.47349
	          B(14,13,17)     117.07537       -0.00001       -0.03809     117.03728
	          B(14,15,28)     119.55391       -0.00000       -0.00025     119.55367
	          B(15,14,16)     119.15647       -0.00000       -0.00053     119.15594
	          B(17,18,19)     106.24791        0.00000       -0.06527     106.18265
	          B(17,18,22)     111.03417        0.00000        0.09583     111.13000
	          B(17,18,29)     109.42421        0.00000        0.02004     109.44425
	          B(18,19,20)     104.73185       -0.00000       -0.17487     104.55698
	          B(18,19,30)     108.02084        0.00001        0.08382     108.10466
	          B(18,19,31)     111.87540       -0.00001       -0.01533     111.86007
	          B(18,22,21)     104.35603        0.00000        0.19742     104.55344
	          B(18,22,36)     113.27302       -0.00001       -0.15778     113.11524
	          B(18,22,37)     108.07576        0.00001        0.07272     108.14847
	          B(19,18,22)     103.13190       -0.00001       -0.00491     103.12699
	          B(19,18,29)     112.51767       -0.00000       -0.01708     112.50058
	          B(19,20,21)     105.65713        0.00000       -0.05740     105.59973
	          B(19,20,32)     110.16165       -0.00000       -0.11888     110.04277
	          B(19,20,33)     111.39140        0.00000        0.12019     111.51159
	          B(20,19,30)     110.59457        0.00000        0.07608     110.67065
	          B(20,19,31)     113.56329        0.00000       -0.01126     113.55203
	          B(20,21,22)     105.89973       -0.00000        0.04744     105.94717
	          B(20,21,34)     110.19024       -0.00000        0.09041     110.28066
	          B(20,21,35)     112.38563       -0.00000       -0.13356     112.25207
	          B(21,20,32)     110.20001        0.00000        0.01096     110.21097
	          B(21,20,33)     112.28825       -0.00001        0.00280     112.29105
	          B(21,22,36)     112.92519        0.00001       -0.01388     112.91131
	          B(21,22,37)     110.72274       -0.00001       -0.05525     110.66749
	          B(22,18,29)     114.10256        0.00000       -0.03169     114.07087
	          B(22,21,34)     110.11711        0.00000        0.17915     110.29627
	          B(22,21,35)     111.28707        0.00000       -0.14253     111.14454
	          B(30,19,31)     107.93712       -0.00000        0.04422     107.98134
	          B(32,20,33)     107.17681        0.00000        0.03761     107.21442
	          B(34,21,35)     106.99700        0.00000       -0.03229     106.96472
	          B(36,22,37)     107.42241        0.00000       -0.03786     107.38455
	           D(1,2,3,4)       0.94400        0.00000        0.10319       1.04720
	          D(1,2,3,23)    -177.92117        0.00000        0.10100    -177.82017
	         D(1,2,10,11)    -163.21170        0.00000        0.19250    -163.01919
	         D(1,2,10,15)      16.40761        0.00000        0.13760      16.54521
	           D(1,6,5,4)       0.56507        0.00001        0.11976       0.68483
	           D(2,1,6,5)      -0.03498       -0.00001       -0.12735      -0.16233
	          D(2,1,6,24)    -180.11143        0.00002        0.17956    -179.93186
	           D(2,3,4,5)      -0.40718       -0.00000       -0.11193      -0.51911
	           D(2,3,4,7)    -180.13779       -0.00000        0.03121    -180.10658
	        D(2,10,11,12)     180.01810       -0.00000       -0.02175     179.99634
	        D(2,10,11,26)       1.14253       -0.00000        0.00339       1.14592
	        D(2,10,15,14)     179.63765        0.00000        0.02167     179.65932
	        D(2,10,15,28)      -0.28317       -0.00000       -0.00240      -0.28558
	           D(3,2,1,6)      -0.74299        0.00000        0.00576      -0.73723
	         D(3,2,10,11)      17.35428        0.00000        0.30865      17.66292
	         D(3,2,10,15)    -163.02641        0.00000        0.25374    -162.77267
	           D(3,4,5,6)      -0.30625       -0.00000        0.00791      -0.29834
	           D(3,4,7,8)     179.72351       -0.00000       -0.13203     179.59148
	           D(3,4,7,9)      -0.37573        0.00000       -0.00398      -0.37971
	          D(4,3,2,10)    -179.63591        0.00000       -0.01592    -179.65184
	          D(4,5,6,24)    -179.35821       -0.00002       -0.18817    -179.54637
	          D(4,7,9,25)     179.88676       -0.00000       -0.05939     179.82737
	          D(5,4,3,23)     178.48068       -0.00000       -0.10989     178.37079
	           D(5,4,7,8)      -0.02537       -0.00000        0.00142      -0.02395
	           D(5,4,7,9)    -180.12461        0.00000        0.12947    -179.99515
	          D(6,1,2,10)     179.80667        0.00001        0.11854     179.92521
	           D(6,5,4,7)     179.43874       -0.00001       -0.12764     179.31111
	          D(7,4,3,23)      -1.24993        0.00000        0.03325      -1.21668
	          D(8,7,9,25)      -0.21046        0.00000        0.06606      -0.14440
	         D(10,2,3,23)       1.49892       -0.00000       -0.01812       1.48080
	       D(10,11,12,13)       0.02283        0.00000        0.01598       0.03881
	       D(10,11,12,27)    -179.91083       -0.00000        0.03527    -179.87556
	       D(10,15,14,13)       0.65149        0.00000       -0.01878       0.63271
	       D(10,15,14,16)    -179.49436       -0.00000       -0.01855    -179.51291
	       D(11,10,15,14)      -0.72575       -0.00000       -0.03077      -0.75652
	       D(11,10,15,28)     179.35343       -0.00000       -0.05484     179.29859
	       D(11,12,13,14)      -0.11713       -0.00000       -0.06433      -0.18147
	       D(11,12,13,17)    -179.34991        0.00000        0.13656    -179.21335
	       D(12,11,10,15)       0.39296        0.00000        0.03231       0.42527
	       D(12,13,14,15)      -0.21782        0.00000        0.06605      -0.15177
	       D(12,13,14,16)     179.92868        0.00000        0.06580     179.99448
	       D(12,13,17,18)      -2.40599        0.00000       -0.14488      -2.55087
	       D(13,12,11,26)     178.92997       -0.00000       -0.00873     178.92124
	       D(13,14,15,28)    -179.42767        0.00000        0.00529    -179.42238
	       D(13,17,18,19)     168.25322        0.00001        0.36224     168.61546
	       D(13,17,18,22)     -80.30166        0.00000        0.36647     -79.93520
	       D(13,17,18,29)      46.53490        0.00001        0.41029      46.94519
	       D(14,13,12,27)     179.81564        0.00000       -0.08391     179.73173
	       D(14,13,17,18)     178.35564        0.00001        0.05435     178.40999
	       D(15,10,11,26)    -178.48260        0.00000        0.05745    -178.42515
	       D(15,14,13,17)     179.07671       -0.00000       -0.11783     178.95888
	       D(16,14,13,17)      -0.77679       -0.00000       -0.11808      -0.89487
	       D(16,14,15,28)       0.42648        0.00000        0.00552       0.43200
	       D(17,13,12,27)       0.58286        0.00000        0.11699       0.69985
	       D(17,18,19,20)      78.02171       -0.00000       -0.54829      77.47342
	       D(17,18,19,30)    -164.07298        0.00000       -0.51017    -164.58315
	       D(17,18,19,31)     -45.41337        0.00000       -0.41155     -45.82492
	       D(17,18,22,21)     -74.57804        0.00000       -0.70885     -75.28689
	       D(17,18,22,36)      48.63685        0.00000       -0.68447      47.95239
	       D(17,18,22,37)     167.53379        0.00000       -0.77917     166.75463
	       D(18,19,20,21)      23.80126        0.00001        1.75476      25.55603
	       D(18,19,20,32)     -95.20617        0.00000        1.83676     -93.36940
	       D(18,19,20,33)     145.99716       -0.00000        1.79090     147.78806
	       D(18,22,21,20)     -23.99963       -0.00000        1.81793     -22.18170
	       D(18,22,21,34)      95.11260       -0.00000        2.04869      97.16129
	       D(18,22,21,35)    -146.40925        0.00000        2.03373    -144.37551
	       D(19,18,22,21)      38.84589        0.00000       -0.74621      38.09968
	       D(19,18,22,36)     162.06079        0.00001       -0.72184     161.33895
	       D(19,18,22,37)     -79.04227        0.00001       -0.81653     -79.85881
	       D(19,20,21,22)       0.20273       -0.00000       -2.19237      -1.98963
	       D(19,20,21,34)    -118.86125       -0.00000       -2.48164    -121.34289
	       D(19,20,21,35)     121.90945       -0.00000       -2.41499     119.49446
	       D(20,19,18,22)     -38.84300       -0.00000       -0.62663     -39.46963
	       D(20,19,18,29)    -162.25552        0.00000       -0.57549    -162.83100
	       D(20,21,22,36)    -147.44014        0.00001        1.88732    -145.55281
	       D(20,21,22,37)      92.05681        0.00000        1.98486      94.04167
	       D(21,20,19,30)     -92.33582       -0.00000        1.71629     -90.61954
	       D(21,20,19,31)     146.14339       -0.00000        1.61018     147.75357
	       D(21,22,18,29)     161.20215       -0.00000       -0.78826     160.41389
	       D(22,18,19,30)      79.06230       -0.00000       -0.58850      78.47380
	       D(22,18,19,31)    -162.27808       -0.00000       -0.48989    -162.76798
	       D(22,21,20,32)     119.18472       -0.00000       -2.36073     116.82399
	       D(22,21,20,33)    -121.41586       -0.00000       -2.30395    -123.71981
	       D(26,11,12,27)      -1.00369       -0.00000        0.01056      -0.99313
	       D(29,18,19,30)     -44.35021        0.00000       -0.53736     -44.88758
	       D(29,18,19,31)      74.30940        0.00000       -0.43875      73.87065
	       D(29,18,22,36)     -75.58296       -0.00000       -0.76388     -76.34684
	       D(29,18,22,37)      43.31398       -0.00000       -0.85858      42.45540
	       D(30,19,20,32)     148.65675       -0.00001        1.79828     150.45503
	       D(30,19,20,33)      29.86007       -0.00001        1.75242      31.61250
	       D(31,19,20,32)      27.13596       -0.00001        1.69218      28.82814
	       D(31,19,20,33)     -91.66071       -0.00001        1.64632     -90.01439
	       D(32,20,21,34)       0.12073        0.00000       -2.65000      -2.52926
	       D(32,20,21,35)    -119.10857        0.00000       -2.58335    -121.69192
	       D(33,20,21,34)     119.52016       -0.00000       -2.59322     116.92693
	       D(33,20,21,35)       0.29086       -0.00000       -2.52657      -2.23572
	       D(34,21,22,36)     -28.32791        0.00001        2.11809     -26.20982
	       D(34,21,22,37)    -148.83097        0.00000        2.21563    -146.61534
	       D(35,21,22,36)      90.15025        0.00001        2.10313      92.25338
	       D(35,21,22,37)     -30.35281        0.00001        2.20067     -28.15214
	-------------------------------------------------------------------------------

	                                 ==> Convergence Check <==                                  
    
	Measures of convergence in internal coordinates in au.
    
	Criteria marked as inactive (o), active & met (*), and active & unmet ( ).

	----------------------------------------------------------------------------------------------
	   Step    Total Energy     Delta E     Max Force     RMS Force      Max Disp      RMS Disp   
	----------------------------------------------------------------------------------------------
	  Convergence Criteria     1.00e-06 *    3.00e-04 *             o    1.20e-03 *             o
	----------------------------------------------------------------------------------------------
	    10   -1407.64306134   -2.32e-05      3.05e-04      7.74e-05 o    4.63e-02      1.37e-02 o  ~
	----------------------------------------------------------------------------------------------

Next Geometry in Ang 
	Fragment 1 (Ang)

	    N  -2.1653609385   2.2278491887  -0.7769772890
	    C  -1.9886737894   0.9255247310  -0.6344847220
	    C  -3.0839375481   0.0598649451  -0.7143219307
	    C  -4.3094154431   0.6324553838  -0.9649475369
	    N  -4.4748446604   1.9357495615  -1.1168508183
	    C  -3.3895411385   2.6637716392  -1.0075838865
	    C  -5.5606944827  -0.2028357694  -1.0746765022
	    O  -6.6416415539   0.2265384014  -1.2809150172
	    O  -5.3145193122  -1.4996680219  -0.9109757260
	    C  -0.6075800457   0.4487779457  -0.3773930376
	    C  -0.2323653190  -0.8744651392  -0.5489651542
	    C   1.0627422966  -1.2953590402  -0.3026662763
	    C   2.0300141471  -0.3955153688   0.1276739391
	    C   1.6507069865   0.9412473464   0.2976605629
	    C   0.3656186399   1.3547154922   0.0452219753
	   Cl   2.8253569015   2.1058019254   0.8348091374
	    O   3.3027617646  -0.7000719060   0.3761105391
	    C   3.8046558423  -2.0266930337   0.2726510016
	    C   5.3210186748  -1.9137213999   0.3477100007
	    C   5.6194940393  -1.7003068653   1.8423151338
	    C   4.4243121332  -2.3352089472   2.6013061105
	    C   3.4556683681  -2.8463507511   1.5149075743
	    H  -2.9941894483  -0.9955407064  -0.5717790851
	    H  -3.5055465791   3.7265718804  -1.1206073766
	    H  -6.1350426181  -1.9681799139  -0.9878780037
	    H  -0.9391927293  -1.6044030773  -0.8969332577
	    H   1.3102802106  -2.3273079833  -0.4501453869
	    H   0.1071367313   2.3864628476   0.1754799197
	    H   3.4672571037  -2.4685078997  -0.6575345363
	    H   5.7471851896  -2.8518315615   0.0014581728
	    H   5.6981654204  -1.1210029222  -0.2863569030
	    H   5.6815650425  -0.6412438573   2.0609462607
	    H   6.5680427601  -2.1424974995   2.1253837936
	    H   3.9358969311  -1.5926920609   3.2211381751
	    H   4.7356655771  -3.1400350488   3.2577305629
	    H   2.4149723962  -2.7596301099   1.8031227418
	    H   3.6452776843  -3.8937090079   1.2937961840


    Structure for next step:
    Molecular point group: c1
    Full point group: C1

    Geometry (in Angstrom), charge = 0, multiplicity = 1:

    N           -2.165739053577     2.227694098324    -0.776224437161
    C           -1.989051904504     0.925369640655    -0.633731870115
    C           -3.084315663226     0.059709854742    -0.713569078793
    C           -4.309793558223     0.632300293421    -0.964194685079
    N           -4.475222775452     1.935594471106    -1.116097966440
    C           -3.389919253596     2.663616548861    -1.006831034620
    C           -5.561072597801    -0.202990859755    -1.073923650373
    O           -6.642019668950     0.226383311006    -1.280162165312
    O           -5.314897427287    -1.499823112277    -0.910222874105
    C           -0.607958160765     0.448622855348    -0.376640185713
    C           -0.232743434047    -0.874620229526    -0.548212302357
    C            1.062364181474    -1.295514130546    -0.301913424458
    C            2.029636032024    -0.395670459188     0.128426790976
    C            1.650328871429     0.941092256060     0.298413414772
    C            0.365240524833     1.354560401877     0.045974827192
    CL           2.824978786403     2.105646835040     0.835561989294
    O            3.302383649557    -0.700226996394     0.376863390982
    C            3.804277727206    -2.026848124056     0.273403853430
    C            5.320640559728    -1.913876490259     0.348462852520
    C            5.619115924214    -1.700461955659     1.843067985670
    C            4.423934018140    -2.335364037594     2.602058962382
    C            3.455290253013    -2.846505841406     1.515660426169
    H           -2.994567563415    -0.995695796735    -0.571026233247
    H           -3.505924694172     3.726416790082    -1.119854524731
    H           -6.135420733218    -1.968335004220    -0.987125151829
    H           -0.939570844378    -1.604558167639    -0.896180405874
    H            1.309902095535    -2.327463073678    -0.449392535034
    H            0.106758616169     2.386307757265     0.176232771549
    H            3.466878988635    -2.468662990090    -0.656781684471
    H            5.746807074515    -2.851986651885     0.002211024705
    H            5.697787305295    -1.121158012522    -0.285604051103
    H            5.681186927387    -0.641398947632     2.061699112514
    H            6.567664644992    -2.142652589879     2.126136645459
    H            3.935518815994    -1.592847151294     3.221891026935
    H            4.735287461959    -3.140190139137     3.258483414726
    H            2.414594281119    -2.759785200301     1.803875593611
    H            3.644899569171    -3.893864098260     1.294549035871


Scratch directory: /tmp/
gradient() will perform analytic gradient computation.
   => Libint2 <=

    Primary   basis highest AM E, G, H:  6, 6, 3
    Auxiliary basis highest AM E, G, H:  7, 7, 4
    Onebody   basis highest AM E, G, H:  -, -, -
    Solid Harmonics ordering:            Gaussian

*** tstart() called on gunsnroses
*** at Thu Jan 23 19:49:00 2025

   => Loading Basis Set <=

    Name: 6-31G**
    Role: ORBITAL
    Keyword: BASIS
    atoms 1, 5                   entry N          line   132 file /home/joaopedroval/miniforge3/envs/PubChem/share/psi4/basis/6-31gss.gbs 
    atoms 2-4, 6-7, 10-15, 18-22 entry C          line   115 file /home/joaopedroval/miniforge3/envs/PubChem/share/psi4/basis/6-31gss.gbs 
    atoms 8-9, 17                entry O          line   149 file /home/joaopedroval/miniforge3/envs/PubChem/share/psi4/basis/6-31gss.gbs 
    atoms 16                     entry CL         line   344 file /home/joaopedroval/miniforge3/envs/PubChem/share/psi4/basis/6-31gss.gbs 
    atoms 23-37                  entry H          line    44 file /home/joaopedroval/miniforge3/envs/PubChem/share/psi4/basis/6-31gss.gbs 


         ---------------------------------------------------------
                                   SCF
               by Justin Turney, Rob Parrish, Andy Simmonett
                          and Daniel G. A. Smith
                              RHF Reference
                        8 Threads,  22888 MiB Core
         ---------------------------------------------------------

  ==> Geometry <==

    Molecular point group: c1
    Full point group: C1

    Geometry (in Angstrom), charge = 0, multiplicity = 1:

       Center              X                  Y                   Z               Mass       
    ------------   -----------------  -----------------  -----------------  -----------------
         N           -2.165739053577     2.227694098324    -0.776224437161    14.003074004430
         C           -1.989051904504     0.925369640655    -0.633731870115    12.000000000000
         C           -3.084315663226     0.059709854742    -0.713569078793    12.000000000000
         C           -4.309793558223     0.632300293421    -0.964194685079    12.000000000000
         N           -4.475222775452     1.935594471106    -1.116097966440    14.003074004430
         C           -3.389919253596     2.663616548861    -1.006831034620    12.000000000000
         C           -5.561072597801    -0.202990859755    -1.073923650373    12.000000000000
         O           -6.642019668950     0.226383311006    -1.280162165312    15.994914619570
         O           -5.314897427287    -1.499823112277    -0.910222874105    15.994914619570
         C           -0.607958160765     0.448622855348    -0.376640185713    12.000000000000
         C           -0.232743434047    -0.874620229526    -0.548212302357    12.000000000000
         C            1.062364181474    -1.295514130546    -0.301913424458    12.000000000000
         C            2.029636032024    -0.395670459188     0.128426790976    12.000000000000
         C            1.650328871429     0.941092256060     0.298413414772    12.000000000000
         C            0.365240524833     1.354560401877     0.045974827192    12.000000000000
         CL           2.824978786403     2.105646835040     0.835561989294    34.968852682000
         O            3.302383649557    -0.700226996394     0.376863390982    15.994914619570
         C            3.804277727206    -2.026848124056     0.273403853430    12.000000000000
         C            5.320640559728    -1.913876490259     0.348462852520    12.000000000000
         C            5.619115924214    -1.700461955659     1.843067985670    12.000000000000
         C            4.423934018140    -2.335364037594     2.602058962382    12.000000000000
         C            3.455290253013    -2.846505841406     1.515660426169    12.000000000000
         H           -2.994567563415    -0.995695796735    -0.571026233247     1.007825032230
         H           -3.505924694172     3.726416790082    -1.119854524731     1.007825032230
         H           -6.135420733218    -1.968335004220    -0.987125151829     1.007825032230
         H           -0.939570844378    -1.604558167639    -0.896180405874     1.007825032230
         H            1.309902095535    -2.327463073678    -0.449392535034     1.007825032230
         H            0.106758616169     2.386307757265     0.176232771549     1.007825032230
         H            3.466878988635    -2.468662990090    -0.656781684471     1.007825032230
         H            5.746807074515    -2.851986651885     0.002211024705     1.007825032230
         H            5.697787305295    -1.121158012522    -0.285604051103     1.007825032230
         H            5.681186927387    -0.641398947632     2.061699112514     1.007825032230
         H            6.567664644992    -2.142652589879     2.126136645459     1.007825032230
         H            3.935518815994    -1.592847151294     3.221891026935     1.007825032230
         H            4.735287461959    -3.140190139137     3.258483414726     1.007825032230
         H            2.414594281119    -2.759785200301     1.803875593611     1.007825032230
         H            3.644899569171    -3.893864098260     1.294549035871     1.007825032230

  Running in c1 symmetry.

  Rotational constants: A =      0.02079  B =      0.00339  C =      0.00300 [cm^-1]
  Rotational constants: A =    623.40788  B =    101.53699  C =     89.92840 [MHz]
  Nuclear repulsion = 1808.109763715483723

  Charge       = 0
  Multiplicity = 1
  Electrons    = 166
  Nalpha       = 83
  Nbeta        = 83

  ==> Algorithm <==

  SCF Algorithm Type is DF.
  DIIS enabled.
  MOM disabled.
  Fractional occupation disabled.
  Guess Type is READ.
  Energy threshold   = 1.00e-08
  Density threshold  = 1.00e-08
  Integral threshold = 1.00e-12

  ==> Primary Basis <==

  Basis Set: 6-31G**
    Blend: 6-31G**
    Number of shells: 179
    Number of basis functions: 409
    Number of Cartesian functions: 409
    Spherical Harmonics?: false
    Max angular momentum: 2

   => Loading Basis Set <=

    Name: (6-31G** AUX)
    Role: JKFIT
    Keyword: DF_BASIS_SCF
    atoms 1, 5                   entry N          line   171 file /home/joaopedroval/miniforge3/envs/PubChem/share/psi4/basis/cc-pvdz-jkfit.gbs 
    atoms 2-4, 6-7, 10-15, 18-22 entry C          line   121 file /home/joaopedroval/miniforge3/envs/PubChem/share/psi4/basis/cc-pvdz-jkfit.gbs 
    atoms 8-9, 17                entry O          line   221 file /home/joaopedroval/miniforge3/envs/PubChem/share/psi4/basis/cc-pvdz-jkfit.gbs 
    atoms 16                     entry CL         line   667 file /home/joaopedroval/miniforge3/envs/PubChem/share/psi4/basis/cc-pvdz-jkfit.gbs 
    atoms 23-37                  entry H          line    51 file /home/joaopedroval/miniforge3/envs/PubChem/share/psi4/basis/cc-pvdz-jkfit.gbs 

   => Loading Basis Set <=

    Name: 6-31G**
    Role: ORBITAL
    Keyword: BASIS
    atoms 1, 5                   entry N          line   132 file /home/joaopedroval/miniforge3/envs/PubChem/share/psi4/basis/6-31gss.gbs 
    atoms 2-4, 6-7, 10-15, 18-22 entry C          line   115 file /home/joaopedroval/miniforge3/envs/PubChem/share/psi4/basis/6-31gss.gbs 
    atoms 8-9, 17                entry O          line   149 file /home/joaopedroval/miniforge3/envs/PubChem/share/psi4/basis/6-31gss.gbs 
    atoms 16                     entry CL         line   344 file /home/joaopedroval/miniforge3/envs/PubChem/share/psi4/basis/6-31gss.gbs 
    atoms 23-37                  entry H          line    44 file /home/joaopedroval/miniforge3/envs/PubChem/share/psi4/basis/6-31gss.gbs 

  Reading orbitals from file /tmp/stdout.default.8009.180.npy, no projection.

  ==> Integral Setup <==

  DFHelper Memory: AOs need 1.742 GiB; user supplied 16.764 GiB. 
  Using in-core AOs.

  ==> MemDFJK: Density-Fitted J/K Matrices <==

    J tasked:                   Yes
    K tasked:                   Yes
    wK tasked:                   No
    OpenMP threads:               8
    Memory [MiB]:             17166
    Algorithm:                 Core
    Schwarz Cutoff:           1E-12
    Mask sparsity (%):      39.6710
    Fitting Condition:        1E-10

   => Auxiliary Basis Set <=

  Basis Set: (6-31G** AUX)
    Blend: CC-PVDZ-JKFIT
    Number of shells: 675
    Number of basis functions: 2206
    Number of Cartesian functions: 2206
    Spherical Harmonics?: false
    Max angular momentum: 3

  Minimum eigenvalue in the overlap matrix is 3.5501980309E-04.
  Reciprocal condition number of the overlap matrix is 4.4128994569E-05.
    Using symmetric orthogonalization.

  ==> Pre-Iterations <==

  SCF Guess: Orbitals guess was supplied from a previous computation.

   -------------------------------------------------------
    Irrep   Nso     Nmo     Nalpha   Nbeta   Ndocc  Nsocc
   -------------------------------------------------------
     A        409     409      83      83      83       0
   -------------------------------------------------------
    Total     409     409      83      83      83       0
   -------------------------------------------------------

  ==> Iterations <==

                           Total Energy        Delta E     RMS |[F,P]|

   @DF-RHF iter   0: -1407.64113787870292   -1.40764e+03   1.00475e-04 
   @DF-RHF iter   1: -1407.64299376346071   -1.85588e-03   2.04900e-05 DIIS
   @DF-RHF iter   2: -1407.64306123990832   -6.74764e-05   6.83849e-06 DIIS
   @DF-RHF iter   3: -1407.64307070945370   -9.46955e-06   1.88918e-06 DIIS
   @DF-RHF iter   4: -1407.64307113127370   -4.21820e-07   5.67627e-07 DIIS
   @DF-RHF iter   5: -1407.64307120804870   -7.67750e-08   2.87520e-07 DIIS
   @DF-RHF iter   6: -1407.64307122668856   -1.86399e-08   1.29758e-07 DIIS
   @DF-RHF iter   7: -1407.64307123348613   -6.79756e-09   5.12936e-08 DIIS
   @DF-RHF iter   8: -1407.64307123448771   -1.00158e-09   2.20487e-08 DIIS
   @DF-RHF iter   9: -1407.64307123461936   -1.31649e-10   7.40933e-09 DIIS
  Energy and wave function converged.


  ==> Post-Iterations <==

    Orbital Energies [Eh]
    ---------------------

    Doubly Occupied:                                                      

       1A   -104.822781     2A    -20.630916     3A    -20.603465  
       4A    -20.567403     5A    -15.581721     6A    -15.580780  
       7A    -11.399244     8A    -11.329903     9A    -11.318188  
      10A    -11.318167    11A    -11.313542    12A    -11.299532  
      13A    -11.298097    14A    -11.263488    15A    -11.260089  
      16A    -11.258049    17A    -11.255791    18A    -11.249018  
      19A    -11.230564    20A    -11.226651    21A    -11.223485  
      22A    -11.220921    23A    -10.555754    24A     -8.025217  
      25A     -8.021793    26A     -8.021760    27A     -1.493697  
      28A     -1.438053    29A     -1.384841    30A     -1.336423  
      31A     -1.223558    32A     -1.193748    33A     -1.134480  
      34A     -1.128511    35A     -1.098030    36A     -1.040580  
      37A     -1.011270    38A     -0.980554    39A     -0.977716  
      40A     -0.948093    41A     -0.913995    42A     -0.874941  
      43A     -0.851660    44A     -0.816952    45A     -0.793330  
      46A     -0.788633    47A     -0.754285    48A     -0.736529  
      49A     -0.729716    50A     -0.705999    51A     -0.687764  
      52A     -0.675581    53A     -0.669909    54A     -0.664087  
      55A     -0.655278    56A     -0.647498    57A     -0.635776  
      58A     -0.628674    59A     -0.617098    60A     -0.597668  
      61A     -0.595235    62A     -0.590693    63A     -0.579488  
      64A     -0.562774    65A     -0.552240    66A     -0.532795  
      67A     -0.525659    68A     -0.505770    69A     -0.497820  
      70A     -0.490287    71A     -0.481323    72A     -0.478935  
      73A     -0.476654    74A     -0.474720    75A     -0.472397  
      76A     -0.465180    77A     -0.459188    78A     -0.447302  
      79A     -0.428479    80A     -0.421271    81A     -0.391305  
      82A     -0.349366    83A     -0.313112  

    Virtual:                                                              

      84A      0.059022    85A      0.090755    86A      0.123460  
      87A      0.169661    88A      0.203100    89A      0.214133  
      90A      0.221484    91A      0.238754    92A      0.242609  
      93A      0.243333    94A      0.265409    95A      0.290618  
      96A      0.291060    97A      0.295132    98A      0.311587  
      99A      0.318846   100A      0.320948   101A      0.324838  
     102A      0.335350   103A      0.338198   104A      0.345675  
     105A      0.350244   106A      0.361474   107A      0.380625  
     108A      0.389091   109A      0.396798   110A      0.406953  
     111A      0.412259   112A      0.416845   113A      0.431845  
     114A      0.448346   115A      0.453402   116A      0.467806  
     117A      0.486382   118A      0.495603   119A      0.505066  
     120A      0.507718   121A      0.516999   122A      0.523578  
     123A      0.540259   124A      0.568451   125A      0.585417  
     126A      0.594874   127A      0.628405   128A      0.638640  
     129A      0.642024   130A      0.656674   131A      0.668146  
     132A      0.694025   133A      0.710243   134A      0.711664  
     135A      0.726900   136A      0.736562   137A      0.738110  
     138A      0.745614   139A      0.749636   140A      0.751383  
     141A      0.758772   142A      0.764930   143A      0.779590  
     144A      0.790036   145A      0.801757   146A      0.807101  
     147A      0.813615   148A      0.825622   149A      0.828410  
     150A      0.842559   151A      0.852265   152A      0.859525  
     153A      0.875387   154A      0.885504   155A      0.891254  
     156A      0.892718   157A      0.902512   158A      0.918141  
     159A      0.923686   160A      0.929672   161A      0.938286  
     162A      0.939998   163A      0.947041   164A      0.954278  
     165A      0.960691   166A      0.966422   167A      0.981902  
     168A      0.989665   169A      1.014482   170A      1.022607  
     171A      1.026216   172A      1.032674   173A      1.039229  
     174A      1.048147   175A      1.060344   176A      1.069758  
     177A      1.072927   178A      1.079124   179A      1.081463  
     180A      1.087551   181A      1.103724   182A      1.112872  
     183A      1.121193   184A      1.126726   185A      1.129793  
     186A      1.136695   187A      1.142060   188A      1.151698  
     189A      1.154296   190A      1.157251   191A      1.162242  
     192A      1.165158   193A      1.170113   194A      1.177968  
     195A      1.189692   196A      1.195130   197A      1.199305  
     198A      1.205470   199A      1.213525   200A      1.217129  
     201A      1.223221   202A      1.237585   203A      1.258430  
     204A      1.276226   205A      1.301846   206A      1.305861  
     207A      1.314719   208A      1.331909   209A      1.351370  
     210A      1.365886   211A      1.374401   212A      1.404554  
     213A      1.422458   214A      1.434657   215A      1.444761  
     216A      1.457909   217A      1.466110   218A      1.475476  
     219A      1.500990   220A      1.503671   221A      1.509087  
     222A      1.532753   223A      1.540120   224A      1.554897  
     225A      1.564319   226A      1.589846   227A      1.614890  
     228A      1.627971   229A      1.636006   230A      1.643755  
     231A      1.653575   232A      1.657587   233A      1.669906  
     234A      1.683351   235A      1.699981   236A      1.707311  
     237A      1.726350   238A      1.736303   239A      1.772181  
     240A      1.775500   241A      1.794292   242A      1.802912  
     243A      1.808795   244A      1.820307   245A      1.831750  
     246A      1.840205   247A      1.865812   248A      1.898054  
     249A      1.921687   250A      1.927054   251A      1.939685  
     252A      1.947715   253A      1.983488   254A      2.009230  
     255A      2.026621   256A      2.031460   257A      2.042061  
     258A      2.054489   259A      2.057865   260A      2.066866  
     261A      2.075625   262A      2.097374   263A      2.101389  
     264A      2.121332   265A      2.141561   266A      2.152483  
     267A      2.164727   268A      2.167592   269A      2.180308  
     270A      2.186269   271A      2.209662   272A      2.213432  
     273A      2.224416   274A      2.237657   275A      2.255384  
     276A      2.266075   277A      2.274692   278A      2.276103  
     279A      2.290021   280A      2.297784   281A      2.310202  
     282A      2.323812   283A      2.325531   284A      2.339874  
     285A      2.349619   286A      2.368630   287A      2.381990  
     288A      2.391998   289A      2.405193   290A      2.410311  
     291A      2.422591   292A      2.442982   293A      2.470740  
     294A      2.489657   295A      2.503746   296A      2.506475  
     297A      2.524305   298A      2.548136   299A      2.559546  
     300A      2.579324   301A      2.586834   302A      2.594802  
     303A      2.605596   304A      2.610225   305A      2.616004  
     306A      2.625181   307A      2.635875   308A      2.649159  
     309A      2.660136   310A      2.662601   311A      2.679545  
     312A      2.685163   313A      2.697814   314A      2.704572  
     315A      2.722616   316A      2.736669   317A      2.742417  
     318A      2.746347   319A      2.763376   320A      2.785153  
     321A      2.807739   322A      2.818946   323A      2.827457  
     324A      2.835397   325A      2.850290   326A      2.860110  
     327A      2.864284   328A      2.881436   329A      2.884186  
     330A      2.889861   331A      2.896267   332A      2.901043  
     333A      2.912530   334A      2.917913   335A      2.946635  
     336A      2.966072   337A      2.970172   338A      2.979389  
     339A      3.001271   340A      3.014132   341A      3.041081  
     342A      3.043988   343A      3.066563   344A      3.074600  
     345A      3.087098   346A      3.090161   347A      3.096542  
     348A      3.125253   349A      3.126921   350A      3.132906  
     351A      3.134530   352A      3.145998   353A      3.175818  
     354A      3.196425   355A      3.205131   356A      3.220787  
     357A      3.250883   358A      3.258464   359A      3.279382  
     360A      3.285887   361A      3.323284   362A      3.352746  
     363A      3.372814   364A      3.410951   365A      3.445142  
     366A      3.476430   367A      3.544250   368A      3.566132  
     369A      3.573090   370A      3.598492   371A      3.622577  
     372A      3.660284   373A      3.674144   374A      3.677513  
     375A      3.693418   376A      3.743909   377A      3.763898  
     378A      3.774864   379A      3.831487   380A      3.842164  
     381A      3.856935   382A      3.863486   383A      3.870188  
     384A      3.913153   385A      3.974771   386A      4.061367  
     387A      4.184928   388A      4.373045   389A      4.466849  
     390A      4.490581   391A      4.524967   392A      4.552653  
     393A      4.554266   394A      4.576984   395A      4.659273  
     396A      4.709005   397A      4.763808   398A      4.783934  
     399A      4.810034   400A      4.826548   401A      4.843566  
     402A      4.876221   403A      4.911696   404A      5.017510  
     405A      5.082041   406A      5.161637   407A      5.192659  
     408A      5.232482   409A      5.292893  

    Final Occupation by Irrep:
              A 
    DOCC [    83 ]
    NA   [    83 ]
    NB   [    83 ]

  @DF-RHF Final Energy: -1407.64307123461936

   => Energetics <=

    Nuclear Repulsion Energy =           1808.1097637154837230
    One-Electron Energy =               -5521.8991883723701903
    Two-Electron Energy =                2306.1463534222675662
    Total Energy =                      -1407.6430712346191285

Computation Completed


Properties will be evaluated at   0.000000,   0.000000,   0.000000 [a0]

Properties computed using the SCF density matrix


 Multipole Moments:

 ------------------------------------------------------------------------------------
     Multipole            Electronic (a.u.)      Nuclear  (a.u.)        Total (a.u.)
 ------------------------------------------------------------------------------------

 L = 1.  Multiply by 2.5417464519 to convert [e a0] to [Debye]
 Dipole X            :        -24.2885914           25.2642816            0.9756902
 Dipole Y            :         19.7185602          -22.0071328           -2.2885726
 Dipole Z            :         -7.5107088            7.6495266            0.1388178
 Magnitude           :                                                    2.4917476

 ------------------------------------------------------------------------------------

*** tstop() called on gunsnroses at Thu Jan 23 19:49:20 2025
Module time:
	user time   =     118.80 seconds =       1.98 minutes
	system time =       6.25 seconds =       0.10 minutes
	total time  =         20 seconds =       0.33 minutes
Total time:
	user time   =    1903.59 seconds =      31.73 minutes
	system time =     115.91 seconds =       1.93 minutes
	total time  =        339 seconds =       5.65 minutes

*** tstart() called on gunsnroses
*** at Thu Jan 23 19:49:20 2025


         ------------------------------------------------------------
                                   SCF GRAD                          
                          Rob Parrish, Justin Turney,                
                       Andy Simmonett, and Alex Sokolov              
         ------------------------------------------------------------

  ==> Geometry <==

    Molecular point group: c1
    Full point group: C1

    Geometry (in Angstrom), charge = 0, multiplicity = 1:

       Center              X                  Y                   Z               Mass       
    ------------   -----------------  -----------------  -----------------  -----------------
         N           -2.165739053577     2.227694098324    -0.776224437161    14.003074004430
         C           -1.989051904504     0.925369640655    -0.633731870115    12.000000000000
         C           -3.084315663226     0.059709854742    -0.713569078793    12.000000000000
         C           -4.309793558223     0.632300293421    -0.964194685079    12.000000000000
         N           -4.475222775452     1.935594471106    -1.116097966440    14.003074004430
         C           -3.389919253596     2.663616548861    -1.006831034620    12.000000000000
         C           -5.561072597801    -0.202990859755    -1.073923650373    12.000000000000
         O           -6.642019668950     0.226383311006    -1.280162165312    15.994914619570
         O           -5.314897427287    -1.499823112277    -0.910222874105    15.994914619570
         C           -0.607958160765     0.448622855348    -0.376640185713    12.000000000000
         C           -0.232743434047    -0.874620229526    -0.548212302357    12.000000000000
         C            1.062364181474    -1.295514130546    -0.301913424458    12.000000000000
         C            2.029636032024    -0.395670459188     0.128426790976    12.000000000000
         C            1.650328871429     0.941092256060     0.298413414772    12.000000000000
         C            0.365240524833     1.354560401877     0.045974827192    12.000000000000
         CL           2.824978786403     2.105646835040     0.835561989294    34.968852682000
         O            3.302383649557    -0.700226996394     0.376863390982    15.994914619570
         C            3.804277727206    -2.026848124056     0.273403853430    12.000000000000
         C            5.320640559728    -1.913876490259     0.348462852520    12.000000000000
         C            5.619115924214    -1.700461955659     1.843067985670    12.000000000000
         C            4.423934018140    -2.335364037594     2.602058962382    12.000000000000
         C            3.455290253013    -2.846505841406     1.515660426169    12.000000000000
         H           -2.994567563415    -0.995695796735    -0.571026233247     1.007825032230
         H           -3.505924694172     3.726416790082    -1.119854524731     1.007825032230
         H           -6.135420733218    -1.968335004220    -0.987125151829     1.007825032230
         H           -0.939570844378    -1.604558167639    -0.896180405874     1.007825032230
         H            1.309902095535    -2.327463073678    -0.449392535034     1.007825032230
         H            0.106758616169     2.386307757265     0.176232771549     1.007825032230
         H            3.466878988635    -2.468662990090    -0.656781684471     1.007825032230
         H            5.746807074515    -2.851986651885     0.002211024705     1.007825032230
         H            5.697787305295    -1.121158012522    -0.285604051103     1.007825032230
         H            5.681186927387    -0.641398947632     2.061699112514     1.007825032230
         H            6.567664644992    -2.142652589879     2.126136645459     1.007825032230
         H            3.935518815994    -1.592847151294     3.221891026935     1.007825032230
         H            4.735287461959    -3.140190139137     3.258483414726     1.007825032230
         H            2.414594281119    -2.759785200301     1.803875593611     1.007825032230
         H            3.644899569171    -3.893864098260     1.294549035871     1.007825032230

  Nuclear repulsion = 1808.109763715483723

  ==> Basis Set <==

  Basis Set: 6-31G**
    Blend: 6-31G**
    Number of shells: 179
    Number of basis functions: 409
    Number of Cartesian functions: 409
    Spherical Harmonics?: false
    Max angular momentum: 2

  ==> DFJKGrad: Density-Fitted SCF Gradients <==

    Gradient:                    1
    J tasked:                  Yes
    K tasked:                  Yes
    wK tasked:                  No
    OpenMP threads:              8
    Integrals threads:           8
    Memory [MiB]:            17166
    Schwarz Cutoff:          1E-12
    Fitting Condition:       1E-10

   => Auxiliary Basis Set <=

  Basis Set: (6-31G** AUX)
    Blend: CC-PVDZ-JKFIT
    Number of shells: 675
    Number of basis functions: 2206
    Number of Cartesian functions: 2206
    Spherical Harmonics?: false
    Max angular momentum: 3


  -Total Gradient:
     Atom            X                  Y                   Z
    ------   -----------------  -----------------  -----------------
       1        0.000175969106    -0.000207854391     0.000083384179
       2        0.000126276166     0.000247557063    -0.000166994420
       3       -0.000230286213    -0.000017203729     0.000027177748
       4        0.000145399812    -0.000258284072    -0.000008725055
       5        0.000120841366     0.000277690090     0.000015047095
       6       -0.000361575311    -0.000043999097     0.000056907468
       7        0.000035830989     0.000014074017    -0.000151896946
       8       -0.000018652183     0.000006702873     0.000067789150
       9       -0.000007459897    -0.000013651059     0.000063093197
      10       -0.000040603152    -0.000044878279     0.000063960693
      11       -0.000009805849     0.000017837099    -0.000023955250
      12       -0.000080603591    -0.000016224835    -0.000073503296
      13       -0.000023299667    -0.000053819939     0.000263722822
      14        0.000021679687     0.000010091790    -0.000072959720
      15        0.000036165726    -0.000012116016    -0.000024736520
      16        0.000007459168    -0.000028412336    -0.000008795543
      17        0.000036203276     0.000203880759    -0.000147293538
      18        0.000103961194    -0.000094285774    -0.000018090322
      19       -0.000242584023     0.000170516824     0.000166083178
      20        0.000073570528    -0.000015222880    -0.000197773152
      21       -0.000084846387    -0.000224572122     0.000021911824
      22        0.000139303517     0.000074409825     0.000069012403
      23       -0.000028732038     0.000017907596     0.000002159006
      24        0.000026002657    -0.000005044434    -0.000040286139
      25        0.000003731993     0.000008374223    -0.000003109914
      26        0.000028009043    -0.000002659276     0.000012858426
      27       -0.000050620119     0.000063429691    -0.000013141242
      28       -0.000009184845    -0.000002450971    -0.000000990362
      29        0.000089055903     0.000040208596    -0.000006946127
      30       -0.000023932866    -0.000110225978    -0.000050988587
      31        0.000089657778    -0.000050594226     0.000016434845
      32       -0.000024274053     0.000019409664     0.000052272083
      33       -0.000001019428     0.000071073965    -0.000064756704
      34       -0.000001649634     0.000041385078    -0.000027272042
      35       -0.000075393121     0.000031909928     0.000075193627
      36        0.000061525223    -0.000069037996     0.000039040389
      37       -0.000006120779    -0.000045921677     0.000006166747


*** tstop() called on gunsnroses at Thu Jan 23 19:49:30 2025
Module time:
	user time   =      48.02 seconds =       0.80 minutes
	system time =       4.08 seconds =       0.07 minutes
	total time  =         10 seconds =       0.17 minutes
Total time:
	user time   =    1951.63 seconds =      32.53 minutes
	system time =     119.99 seconds =       2.00 minutes
	total time  =        349 seconds =       5.82 minutes

    			-----------------------------------------

    			 OPTKING 3.0: for geometry optimizations 

    			     By R.A. King, Bethel University     

    			        with contributions from          

    			    A.V. Copan, J. Cayton, A. Heide      

    			-----------------------------------------

    
	                            ===> Fragment 1 <== 

	 Z (Atomic Numbers)          Masses                          Geom                  
	       7.000000            14.003074         -4.09265367  4.20973174 -1.46685160   
	       6.000000            12.000000         -3.75876335  1.74869519 -1.19757967   
	       6.000000            12.000000         -5.82851189  0.11283527 -1.34845013   
	       6.000000            12.000000         -8.14432948  1.19487438 -1.82206389   
	       7.000000            14.003074         -8.45694540  3.65774344 -2.10911949   
	       6.000000            12.000000         -6.40601898  5.03350578 -1.90263491   
	       6.000000            12.000000        -10.50890417  -0.38359713  -2.02942158 
	       8.000000            15.994915        -12.55159809   0.42780246  -2.41915589 
	       8.000000            15.994915        -10.04370052  -2.83425492  -1.72007195 
	       6.000000            12.000000         -1.14887442  0.84777433 -0.71174680   
	       6.000000            12.000000         -0.43982135 -1.65279270 -1.03597111   
	       6.000000            12.000000          2.00757735 -2.44816690 -0.57053369   
	       6.000000            12.000000          3.83545623 -0.74770880  0.24269146   
	       6.000000            12.000000          3.11866958  1.77840662  0.56391963   
	       6.000000            12.000000          0.69020456  2.55974818  0.08687983   
	      17.000000            34.968853          5.33843622  3.97909584  1.57898332   
	       8.000000            15.994915          6.24060066 -1.32323725  0.71216860   
	       6.000000            12.000000          7.18904301 -3.83018785  0.51665840   
	       6.000000            12.000000         10.05455347 -3.61670240  0.65849936   
	       6.000000            12.000000         10.61859016 -3.21340738  3.48289372   
	       6.000000            12.000000          8.36002369 -4.41319843  4.91717880   
	       6.000000            12.000000          6.52955226 -5.37911645  2.86418310   
	       1.000000             1.007825         -5.65891256 -1.88159236 -1.07908319   
	       1.000000             1.007825         -6.62523749  7.04190716 -2.11621835   
	       1.000000             1.007825        -11.59426485  -3.71961408  -1.86539619 
	       1.000000             1.007825         -1.77553157 -3.03217549 -1.69353553   
	       1.000000             1.007825          2.47535621 -4.39826778 -0.84922881   
	       1.000000             1.007825          0.20174455  4.50946811  0.33303167   
	       1.000000             1.007825          6.55145180 -4.66509695 -1.24113751   
	       1.000000             1.007825         10.85989147 -5.38947369  0.00417823   
	       1.000000             1.007825         10.76725753 -2.11868159 -0.53971344   
	       1.000000             1.007825         10.73588736 -1.21206835  3.89604668   
	       1.000000             1.007825         12.41108746 -4.04902658  4.01781597   
	       1.000000             1.007825          7.43705272 -3.01004488  6.08849165   
	       1.000000             1.007825          8.94839643 -5.93409934  6.15764124   
	       1.000000             1.007825          4.56292190 -5.21523819  3.40883084   
	       1.000000             1.007825          6.88786194 -7.35833672  2.44634313   

	 - Coordinate -           - BOHR/RAD -       - ANG/DEG -
	 H(5,24)          =         3.848086           2.036320
	 H(8,25)          =         4.292342           2.271410
	 R(1,2)           =         2.498138           1.321957
	 R(1,6)           =         2.494027           1.319782
	 R(2,3)           =         2.642472           1.398336
	 R(2,10)          =         2.803429           1.483511
	 R(3,4)           =         2.599640           1.375670
	 R(3,23)          =         2.019669           1.068763
	 R(4,5)           =         2.499171           1.322504
	 R(4,7)           =         2.850576           1.508460
	 R(5,6)           =         2.478237           1.311426
	 R(6,24)          =         2.031588           1.075070
	 R(7,8)           =         2.232232           1.181246
	 R(7,9)           =         2.513530           1.330103
	 R(9,25)          =         1.791432           0.947985
	 R(10,11)         =         2.619296           1.386072
	 R(10,15)         =         2.636450           1.395149
	 R(11,12)         =         2.615151           1.383878
	 R(11,26)         =         2.029584           1.074009
	 R(12,13)         =         2.625649           1.389434
	 R(12,27)         =         2.024693           1.071421
	 R(13,14)         =         2.645417           1.399894
	 R(13,17)         =         2.517213           1.332052
	 R(14,15)         =         2.595285           1.373366
	 R(14,16)         =         3.286450           1.739114
	 R(15,28)         =         2.024992           1.071580
	 R(17,18)         =         2.687484           1.422155
	 R(18,19)         =         2.876951           1.522417
	 R(18,22)         =         2.888768           1.528670
	 R(18,29)         =         2.047790           1.083644
	 R(19,20)         =         2.908262           1.538986
	 R(19,30)         =         2.054124           1.086995
	 R(19,31)         =         2.046394           1.082905
	 R(20,21)         =         2.932200           1.551653
	 R(20,32)         =         2.046903           1.083174
	 R(20,33)         =         2.048767           1.084161
	 R(21,22)         =         2.915204           1.542660
	 R(21,34)         =         2.047606           1.083546
	 R(21,35)         =         2.048919           1.084241
	 R(22,36)         =         2.047225           1.083345
	 R(22,37)         =         2.054334           1.087107
	 B(1,2,3)         =         2.093274         119.935754
	 B(1,2,10)        =         2.048453         117.367722
	 B(1,6,5)         =         2.212829         126.785749
	 B(1,6,24)        =         2.031956         116.422527
	 B(2,1,6)         =         2.058051         117.917611
	 B(2,3,4)         =         2.038097         116.774373
	 B(2,3,23)        =         2.138787         122.543441
	 B(2,10,11)       =         2.138101         122.504139
	 B(2,10,15)       =         2.086584         119.552438
	 B(3,2,10)        =         2.141397         122.693023
	 B(3,4,5)         =         2.144251         122.856540
	 B(3,4,7)         =         2.119658         121.447440
	 B(4,3,23)        =         2.106131         120.672390
	 B(4,5,6)         =         2.019707         115.720683
	 B(4,7,8)         =         2.177905         124.784772
	 B(4,7,9)         =         1.957793         112.173280
	 B(5,4,7)         =         2.019256         115.694839
	 B(5,6,24)        =         2.038394         116.791352
	 B(7,9,25)        =         1.887754         108.160361
	 B(8,7,9)         =         2.147487         123.041942
	 B(10,11,12)      =         2.119595         121.443873
	 B(10,11,26)      =         2.106888         120.715803
	 B(10,15,14)      =         2.109363         120.857613
	 B(10,15,28)      =         2.087217         119.588699
	 B(11,10,15)      =         2.058477         117.942048
	 B(11,12,13)      =         2.105584         120.641080
	 B(11,12,27)      =         2.076765         118.989842
	 B(12,11,26)      =         2.056535         117.830759
	 B(12,13,14)      =         2.057153         117.866164
	 B(12,13,17)      =         2.183231         125.089918
	 B(13,12,27)      =         2.100836         120.369022
	 B(13,14,15)      =         2.116129         121.245282
	 B(13,14,16)      =         2.087390         119.598621
	 B(13,17,18)      =         2.137566         122.473488
	 B(14,13,17)      =         2.042686         117.037276
	 B(14,15,28)      =         2.086605         119.553666
	 B(15,14,16)      =         2.079663         119.155938
	 B(17,18,19)      =         1.853237         106.182645
	 B(17,18,22)      =         1.939584         111.130002
	 B(17,18,29)      =         1.910163         109.444250
	 B(18,19,20)      =         1.824864         104.556978
	 B(18,19,30)      =         1.886782         108.104660
	 B(18,19,31)      =         1.952326         111.860068
	 B(18,22,21)      =         1.824802         104.553443
	 B(18,22,36)      =         1.974233         113.115242
	 B(18,22,37)      =         1.887547         108.148474
	 B(19,18,22)      =         1.799906         103.126990
	 B(19,18,29)      =         1.963506         112.500584
	 B(19,20,21)      =         1.843063         105.599725
	 B(19,20,32)      =         1.920609         110.042766
	 B(19,20,33)      =         1.946244         111.511587
	 B(20,19,30)      =         1.931567         110.670647
	 B(20,19,31)      =         1.981857         113.552028
	 B(20,21,22)      =         1.849127         105.947172
	 B(20,21,34)      =         1.924761         110.280659
	 B(20,21,35)      =         1.959168         112.252071
	 B(21,20,32)      =         1.923544         110.210966
	 B(21,20,33)      =         1.959849         112.291051
	 B(21,22,36)      =         1.970674         112.911312
	 B(21,22,37)      =         1.931512         110.667493
	 B(22,18,29)      =         1.990912         114.070868
	 B(22,21,34)      =         1.925033         110.296267
	 B(22,21,35)      =         1.939838         111.144536
	 B(30,19,31)      =         1.884630         107.981336
	 B(32,20,33)      =         1.871245         107.214419
	 B(34,21,35)      =         1.866886         106.964715
	 B(36,22,37)      =         1.874214         107.384553
	 D(1,2,3,4)       =         0.018277           1.047196
	 D(1,2,3,23)      =        -3.103547        -177.820167
	 D(1,2,10,11)     =        -2.845222        -163.019194
	 D(1,2,10,15)     =         0.288768          16.545212
	 D(1,6,5,4)       =         0.011953           0.684834
	 D(2,1,6,5)       =        -0.002833          -0.162328
	 D(2,1,6,24)      =        -3.140403        -179.931865
	 D(2,3,4,5)       =        -0.009060          -0.519109
	 D(2,3,4,7)       =        -3.143453        -180.106580
	 D(2,10,11,12)    =         3.141529         179.996344
	 D(2,10,11,26)    =         0.020000           1.145921
	 D(2,10,15,14)    =         3.135647         179.659315
	 D(2,10,15,28)    =        -0.004984          -0.285577
	 D(3,2,1,6)       =        -0.012867          -0.737226
	 D(3,2,10,11)     =         0.308276          17.662925
	 D(3,2,10,15)     =        -2.840919        -162.772669
	 D(3,4,5,6)       =        -0.005207          -0.298337
	 D(3,4,7,8)       =         3.134463         179.591484
	 D(3,4,7,9)       =        -0.006627          -0.379711
	 D(4,3,2,10)      =        -3.135516        -179.651838
	 D(4,5,6,24)      =        -3.133675        -179.546374
	 D(4,7,9,25)      =         3.138580         179.827375
	 D(5,4,3,23)      =         3.113158         178.370794
	 D(5,4,7,8)       =        -0.000418          -0.023952
	 D(5,4,7,9)       =        -3.141508        -179.995146
	 D(6,1,2,10)      =         3.140287         179.925206
	 D(6,5,4,7)       =         3.129569         179.311108
	 D(7,4,3,23)      =        -0.021235          -1.216677
	 D(8,7,9,25)      =        -0.002520          -0.144403
	 D(10,2,3,23)     =         0.025845           1.480799
	 D(10,11,12,13)   =         0.000677           0.038814
	 D(10,11,12,27)   =        -3.139421        -179.875563
	 D(10,15,14,13)   =         0.011043           0.632711
	 D(10,15,14,16)   =        -3.133091        -179.512907
	 D(11,10,15,14)   =        -0.013204          -0.756521
	 D(11,10,15,28)   =         3.129351         179.298587
	 D(11,12,13,14)   =        -0.003167          -0.181466
	 D(11,12,13,17)   =        -3.127863        -179.213349
	 D(12,11,10,15)   =         0.007422           0.425273
	 D(12,13,14,15)   =        -0.002649          -0.151770
	 D(12,13,14,16)   =         3.141496         179.994483
	 D(12,13,17,18)   =        -0.044521          -2.550874
	 D(13,12,11,26)   =         3.122765         178.921245
	 D(13,14,15,28)   =        -3.131511        -179.422378
	 D(13,17,18,19)   =         2.942895         168.615457
	 D(13,17,18,22)   =        -1.395132         -79.935195
	 D(13,17,18,29)   =         0.819348          46.945189
	 D(14,13,12,27)   =         3.136910         179.731728
	 D(14,13,17,18)   =         3.113842         178.409993
	 D(15,10,11,26)   =        -3.114106        -178.425151
	 D(15,14,13,17)   =         3.123422         178.958877
	 D(16,14,13,17)   =        -0.015618          -0.894871
	 D(16,14,15,28)   =         0.007540           0.432004
	 D(17,13,12,27)   =         0.012215           0.699845
	 D(17,18,19,20)   =         1.352166          77.473422
	 D(17,18,19,30)   =        -2.872518        -164.583152
	 D(17,18,19,31)   =        -0.799796         -45.824924
	 D(17,18,22,21)   =        -1.314004         -75.286886
	 D(17,18,22,36)   =         0.836927          47.952385
	 D(17,18,22,37)   =         2.910417         166.754627
	 D(18,19,20,21)   =         0.446037          25.556027
	 D(18,19,20,32)   =        -1.629604         -93.369403
	 D(18,19,20,33)   =         2.579388         147.788061
	 D(18,22,21,20)   =        -0.387144         -22.181704
	 D(18,22,21,34)   =         1.695784          97.161289
	 D(18,22,21,35)   =        -2.519828        -144.375514
	 D(19,18,22,21)   =         0.664965          38.099681
	 D(19,18,22,36)   =         2.815896         161.338952
	 D(19,18,22,37)   =        -1.393799         -79.858806
	 D(19,20,21,22)   =        -0.034726          -1.989634
	 D(19,20,21,34)   =        -2.117833        -121.342890
	 D(19,20,21,35)   =         2.085572         119.494459
	 D(20,19,18,22)   =        -0.688875         -39.469631
	 D(20,19,18,29)   =        -2.841937        -162.831004
	 D(20,21,22,36)   =        -2.540376        -145.552815
	 D(20,21,22,37)   =         1.641337          94.041668
	 D(21,20,19,30)   =        -1.581609         -90.619538
	 D(21,20,19,31)   =         2.578786         147.753574
	 D(21,22,18,29)   =         2.799750         160.413887
	 D(22,18,19,30)   =         1.369626          78.473796
	 D(22,18,19,31)   =        -2.840837        -162.767977
	 D(22,21,20,32)   =         2.038963         116.823991
	 D(22,21,20,33)   =        -2.159318        -123.719809
	 D(26,11,12,27)   =        -0.017333          -0.993132
	 D(29,18,19,30)   =        -0.783436         -44.887577
	 D(29,18,19,31)   =         1.289286          73.870650
	 D(29,18,22,36)   =        -1.332504         -76.346842
	 D(29,18,22,37)   =         0.740987          42.455400
	 D(30,19,20,32)   =         2.625936         150.455033
	 D(30,19,20,33)   =         0.551742          31.612497
	 D(31,19,20,32)   =         0.503146          28.828144
	 D(31,19,20,33)   =        -1.571048         -90.014392
	 D(32,20,21,34)   =        -0.044144          -2.529265
	 D(32,20,21,35)   =        -2.123925        -121.691916
	 D(33,20,21,34)   =         2.040760         116.926935
	 D(33,20,21,35)   =        -0.039021          -2.235717
	 D(34,21,22,36)   =        -0.457448         -26.209821
	 D(34,21,22,37)   =        -2.558920        -146.615338
	 D(35,21,22,36)   =         1.610125          92.253375
	 D(35,21,22,37)   =        -0.491348         -28.152142


	        --- Internal Coordinate Step in ANG or DEG, aJ/ANG or AJ/DEG ---
	-------------------------------------------------------------------------------
	           Coordinate      Previous         Force          Change          New 
	           ----------      --------        ------          ------        ------
	              H(5,24)       2.03632        0.00039        0.00014       2.03646
	              H(8,25)       2.27141        0.00001        0.00010       2.27151
	               R(1,2)       1.32196        0.00129        0.00032       1.32228
	               R(1,6)       1.31978       -0.00148       -0.00036       1.31943
	               R(2,3)       1.39834       -0.00128       -0.00039       1.39795
	              R(2,10)       1.48351       -0.00025       -0.00007       1.48344
	               R(3,4)       1.37567        0.00110        0.00032       1.37599
	              R(3,23)       1.06876        0.00016        0.00004       1.06880
	               R(4,5)       1.32250       -0.00139       -0.00035       1.32215
	               R(4,7)       1.50846        0.00015        0.00006       1.50852
	               R(5,6)       1.31143        0.00125        0.00037       1.31180
	              R(6,24)       1.07507       -0.00029        0.00000       1.07507
	               R(7,8)       1.18125       -0.00007       -0.00001       1.18124
	               R(7,9)       1.33010       -0.00011       -0.00003       1.33008
	              R(9,25)       0.94799        0.00006        0.00001       0.94799
	             R(10,11)       1.38607        0.00012        0.00000       1.38607
	             R(10,15)       1.39515       -0.00001       -0.00004       1.39511
	             R(11,12)       1.38388       -0.00016       -0.00001       1.38386
	             R(11,26)       1.07401        0.00017        0.00004       1.07405
	             R(12,13)       1.38943       -0.00093       -0.00008       1.38936
	             R(12,27)       1.07142        0.00058        0.00007       1.07149
	             R(13,14)       1.39989        0.00039        0.00004       1.39994
	             R(13,17)       1.33205       -0.00087       -0.00000       1.33205
	             R(14,15)       1.37337        0.00010        0.00003       1.37340
	             R(14,16)       1.73911        0.00014        0.00001       1.73912
	             R(15,28)       1.07158        0.00000        0.00001       1.07159
	             R(17,18)       1.42216       -0.00147       -0.00021       1.42195
	             R(18,19)       1.52242        0.00138        0.00039       1.52280
	             R(18,22)       1.52867       -0.00085       -0.00007       1.52860
	             R(18,29)       1.08364        0.00031        0.00000       1.08365
	             R(19,20)       1.53899        0.00097        0.00020       1.53918
	             R(19,30)       1.08700       -0.00084       -0.00018       1.08681
	             R(19,31)       1.08290        0.00013        0.00002       1.08293
	             R(20,21)       1.55165       -0.00099       -0.00056       1.55109
	             R(20,32)       1.08317       -0.00023       -0.00001       1.08317
	             R(20,33)       1.08416        0.00039        0.00009       1.08425
	             R(21,22)       1.54266        0.00088        0.00048       1.54314
	             R(21,34)       1.08355       -0.00011       -0.00003       1.08352
	             R(21,35)       1.08424       -0.00000        0.00002       1.08427
	             R(22,36)       1.08335        0.00045        0.00008       1.08342
	             R(22,37)       1.08711       -0.00035       -0.00005       1.08706
	             B(1,2,3)     119.93575        0.00000        0.01148     119.94724
	            B(1,2,10)     117.36772        0.00000        0.00054     117.36826
	             B(1,6,5)     126.78575        0.00000       -0.00246     126.78329
	            B(1,6,24)     116.42253        0.00000        0.01968     116.44221
	             B(2,1,6)     117.91761       -0.00000       -0.00727     117.91034
	             B(2,3,4)     116.77437       -0.00000       -0.00448     116.76989
	            B(2,3,23)     122.54344       -0.00000       -0.01208     122.53136
	           B(2,10,11)     122.50414       -0.00001       -0.02862     122.47551
	           B(2,10,15)     119.55244        0.00000        0.01654     119.56897
	            B(3,2,10)     122.69302       -0.00000       -0.01092     122.68210
	             B(3,4,5)     122.85654       -0.00000       -0.00146     122.85508
	             B(3,4,7)     121.44744       -0.00000       -0.00607     121.44137
	            B(4,3,23)     120.67239        0.00000        0.01644     120.68883
	             B(4,5,6)     115.72068        0.00000        0.00455     115.72523
	             B(4,7,8)     124.78477       -0.00000       -0.00116     124.78361
	             B(4,7,9)     112.17328        0.00000       -0.00127     112.17201
	             B(5,4,7)     115.69484        0.00000        0.00783     115.70267
	            B(5,6,24)     116.79135       -0.00000       -0.01734     116.77401
	            B(7,9,25)     108.16036        0.00000        0.00524     108.16560
	             B(8,7,9)     123.04194        0.00000        0.00244     123.04438
	          B(10,11,12)     121.44387       -0.00000       -0.00299     121.44089
	          B(10,11,26)     120.71580       -0.00000       -0.01635     120.69945
	          B(10,15,14)     120.85761       -0.00000       -0.00938     120.84824
	          B(10,15,28)     119.58870        0.00000        0.00949     119.59819
	          B(11,10,15)     117.94205        0.00000        0.01235     117.95439
	          B(11,12,13)     120.64108       -0.00000       -0.00670     120.63438
	          B(11,12,27)     118.98984        0.00000        0.00911     118.99895
	          B(12,11,26)     117.83076        0.00000        0.01911     117.84987
	          B(12,13,14)     117.86616        0.00001        0.01145     117.87761
	          B(12,13,17)     125.08992       -0.00002       -0.03700     125.05292
	          B(13,12,27)     120.36902       -0.00000       -0.00238     120.36665
	          B(13,14,15)     121.24528       -0.00000       -0.00463     121.24065
	          B(13,14,16)     119.59862        0.00000        0.01005     119.60868
	          B(13,17,18)     122.47349       -0.00003       -0.04960     122.42389
	          B(14,13,17)     117.03728        0.00002        0.02773     117.06500
	          B(14,15,28)     119.55367        0.00000       -0.00012     119.55354
	          B(15,14,16)     119.15594       -0.00000       -0.00543     119.15051
	          B(17,18,19)     106.18265        0.00000        0.00671     106.18936
	          B(17,18,22)     111.13000       -0.00001       -0.04443     111.08557
	          B(17,18,29)     109.44425        0.00000       -0.00924     109.43501
	          B(18,19,20)     104.55698       -0.00000        0.00242     104.55939
	          B(18,19,30)     108.10466        0.00000        0.09433     108.19899
	          B(18,19,31)     111.86007       -0.00000       -0.11998     111.74009
	          B(18,22,21)     104.55344       -0.00000        0.06659     104.62003
	          B(18,22,36)     113.11524       -0.00000       -0.11149     113.00375
	          B(18,22,37)     108.14847       -0.00000        0.02958     108.17806
	          B(19,18,22)     103.12699        0.00000        0.10067     103.22766
	          B(19,18,29)     112.50058        0.00000        0.00739     112.50798
	          B(19,20,21)     105.59973       -0.00000        0.03704     105.63677
	          B(19,20,32)     110.04277       -0.00000       -0.00564     110.03713
	          B(19,20,33)     111.51159        0.00000        0.00114     111.51273
	          B(20,19,30)     110.67065       -0.00000        0.01825     110.68890
	          B(20,19,31)     113.55203        0.00000       -0.01292     113.53910
	          B(20,21,22)     105.94717        0.00001        0.04455     105.99172
	          B(20,21,34)     110.28066        0.00000        0.06937     110.35003
	          B(20,21,35)     112.25207       -0.00001       -0.12965     112.12242
	          B(21,20,32)     110.21097       -0.00000        0.06310     110.27406
	          B(21,20,33)     112.29105       -0.00000       -0.10770     112.18335
	          B(21,22,36)     112.91131        0.00000        0.02423     112.93554
	          B(21,22,37)     110.66749        0.00000       -0.02549     110.64201
	          B(22,18,29)     114.07087       -0.00000       -0.05311     114.01776
	          B(22,21,34)     110.29627       -0.00000        0.06053     110.35680
	          B(22,21,35)     111.14454       -0.00000       -0.05907     111.08547
	          B(30,19,31)     107.98134        0.00000        0.02253     108.00387
	          B(32,20,33)     107.21442        0.00000        0.01359     107.22800
	          B(34,21,35)     106.96472        0.00000        0.01688     106.98160
	          B(36,22,37)     107.38455        0.00000        0.01626     107.40082
	           D(1,2,3,4)       1.04720       -0.00000       -0.03966       1.00753
	          D(1,2,3,23)    -177.82017       -0.00000       -0.03295    -177.85312
	         D(1,2,10,11)    -163.01919        0.00000        0.36902    -162.65018
	         D(1,2,10,15)      16.54521        0.00000        0.41192      16.95713
	           D(1,6,5,4)       0.68483       -0.00000        0.02222       0.70706
	           D(2,1,6,5)      -0.16233        0.00000       -0.03133      -0.19366
	          D(2,1,6,24)    -179.93186       -0.00000        0.00093    -179.93094
	           D(2,3,4,5)      -0.51911        0.00000        0.03195      -0.48716
	           D(2,3,4,7)    -180.10658       -0.00000       -0.02394    -180.13052
	        D(2,10,11,12)     179.99634        0.00000        0.00809     180.00443
	        D(2,10,11,26)       1.14592        0.00000        0.02111       1.16703
	        D(2,10,15,14)     179.65932       -0.00000       -0.02206     179.63726
	        D(2,10,15,28)      -0.28558       -0.00000       -0.01296      -0.29854
	           D(3,2,1,6)      -0.73723        0.00000        0.03884      -0.69838
	         D(3,2,10,11)      17.66292       -0.00000        0.25104      17.91396
	         D(3,2,10,15)    -162.77267        0.00000        0.29393    -162.47873
	           D(3,4,5,6)      -0.29834       -0.00000       -0.02261      -0.32095
	           D(3,4,7,8)     179.59148        0.00000        0.00533     179.59681
	           D(3,4,7,9)      -0.37971       -0.00000       -0.00155      -0.38126
	          D(4,3,2,10)    -179.65184        0.00000        0.08118    -179.57066
	          D(4,5,6,24)    -179.54637        0.00000       -0.01005    -179.55642
	          D(4,7,9,25)     179.82737        0.00000       -0.00580     179.82157
	          D(5,4,3,23)     178.37079        0.00000        0.02503     178.39582
	           D(5,4,7,8)      -0.02395        0.00000       -0.04674      -0.07069
	           D(5,4,7,9)    -179.99515       -0.00000       -0.05362    -180.04876
	          D(6,1,2,10)     179.92521       -0.00000       -0.07560     179.84960
	           D(6,5,4,7)     179.31111        0.00000        0.03025     179.34136
	          D(7,4,3,23)      -1.21668       -0.00000       -0.03086      -1.24753
	          D(8,7,9,25)      -0.14440       -0.00000       -0.01254      -0.15694
	         D(10,2,3,23)       1.48080        0.00000        0.08790       1.56869
	       D(10,11,12,13)       0.03881       -0.00000       -0.00824       0.03057
	       D(10,11,12,27)    -179.87556       -0.00000       -0.03564    -179.91121
	       D(10,15,14,13)       0.63271        0.00000        0.03919       0.67190
	       D(10,15,14,16)    -179.51291        0.00000        0.03700    -179.47591
	       D(11,10,15,14)      -0.75652        0.00000        0.01873      -0.73779
	       D(11,10,15,28)     179.29859        0.00000        0.02783     179.32642
	       D(11,12,13,14)      -0.18147        0.00000        0.06465      -0.11682
	       D(11,12,13,17)    -179.21335       -0.00000       -0.10999    -179.32334
	       D(12,11,10,15)       0.42527       -0.00000       -0.03417       0.39110
	       D(12,13,14,15)      -0.15177       -0.00000       -0.08036      -0.23213
	       D(12,13,14,16)     179.99448       -0.00000       -0.07813     179.91635
	       D(12,13,17,18)      -2.55087        0.00000        0.09295      -2.45792
	       D(13,12,11,26)     178.92124       -0.00000       -0.02130     178.89995
	       D(13,14,15,28)    -179.42238        0.00000        0.03010    -179.39227
	       D(13,17,18,19)     168.61546        0.00000       -0.06853     168.54693
	       D(13,17,18,22)     -79.93520        0.00000        0.03199     -79.90320
	       D(13,17,18,29)      46.94519       -0.00000       -0.07621      46.86898
	       D(14,13,12,27)     179.73173        0.00000        0.09244     179.82416
	       D(14,13,17,18)     178.40999       -0.00000       -0.08027     178.32972
	       D(15,10,11,26)    -178.42515       -0.00000       -0.02115    -178.44630
	       D(15,14,13,17)     178.95888        0.00000        0.07957     179.03844
	       D(16,14,13,17)      -0.89487        0.00000        0.08179      -0.81308
	       D(16,14,15,28)       0.43200        0.00000        0.02791       0.45991
	       D(17,13,12,27)       0.69985       -0.00000       -0.08221       0.61764
	       D(17,18,19,20)      77.47342       -0.00000        0.20984      77.68326
	       D(17,18,19,30)    -164.58315       -0.00000        0.27626    -164.30689
	       D(17,18,19,31)     -45.82492       -0.00000        0.29277     -45.53215
	       D(17,18,22,21)     -75.28689       -0.00000       -0.43353     -75.72042
	       D(17,18,22,36)      47.95239       -0.00000       -0.42412      47.52827
	       D(17,18,22,37)     166.75463       -0.00000       -0.45197     166.30265
	       D(18,19,20,21)      25.55603       -0.00000        0.04751      25.60354
	       D(18,19,20,32)     -93.36940       -0.00000       -0.04551     -93.41492
	       D(18,19,20,33)     147.78806       -0.00000       -0.05952     147.72854
	       D(18,22,21,20)     -22.18170       -0.00000        0.42570     -21.75601
	       D(18,22,21,34)      97.16129        0.00000        0.56720      97.72849
	       D(18,22,21,35)    -144.37551        0.00000        0.58969    -143.78583
	       D(19,18,22,21)      38.09968       -0.00000       -0.39201      37.70767
	       D(19,18,22,36)     161.33895        0.00000       -0.38260     160.95636
	       D(19,18,22,37)     -79.85881        0.00000       -0.41045     -80.26926
	       D(19,20,21,22)      -1.98963       -0.00000       -0.29822      -2.28785
	       D(19,20,21,34)    -121.34289       -0.00000       -0.43389    -121.77678
	       D(19,20,21,35)     119.49446       -0.00000       -0.41745     119.07700
	       D(20,19,18,22)     -39.46963        0.00000        0.21206     -39.25757
	       D(20,19,18,29)    -162.83100        0.00000        0.20707    -162.62394
	       D(20,21,22,36)    -145.55281        0.00000        0.50406    -145.04876
	       D(20,21,22,37)      94.04167       -0.00000        0.48471      94.52638
	       D(21,20,19,30)     -90.61954       -0.00000       -0.07284     -90.69238
	       D(21,20,19,31)     147.75357       -0.00000       -0.10658     147.64699
	       D(21,22,18,29)     160.41389        0.00000       -0.34456     160.06933
	       D(22,18,19,30)      78.47380       -0.00000        0.27848      78.75227
	       D(22,18,19,31)    -162.76798        0.00000        0.29498    -162.47299
	       D(22,21,20,32)     116.82399       -0.00000       -0.25067     116.57333
	       D(22,21,20,33)    -123.71981       -0.00000       -0.26122    -123.98103
	       D(26,11,12,27)      -0.99313       -0.00000       -0.04870      -1.04183
	       D(29,18,19,30)     -44.88758        0.00000        0.27349     -44.61409
	       D(29,18,19,31)      73.87065        0.00000        0.29000      74.16065
	       D(29,18,22,36)     -76.34684        0.00000       -0.33514     -76.68198
	       D(29,18,22,37)      42.45540        0.00000       -0.36300      42.09240
	       D(30,19,20,32)     150.45503       -0.00000       -0.16587     150.28916
	       D(30,19,20,33)      31.61250       -0.00000       -0.17987      31.43262
	       D(31,19,20,32)      28.82814       -0.00000       -0.19961      28.62854
	       D(31,19,20,33)     -90.01439       -0.00001       -0.21361     -90.22800
	       D(32,20,21,34)      -2.52926       -0.00000       -0.38634      -2.91561
	       D(32,20,21,35)    -121.69192       -0.00000       -0.36990    -122.06182
	       D(33,20,21,34)     116.92693       -0.00000       -0.39690     116.53004
	       D(33,20,21,35)      -2.23572       -0.00000       -0.38046      -2.61617
	       D(34,21,22,36)     -26.20982        0.00000        0.64556     -25.56426
	       D(34,21,22,37)    -146.61534       -0.00000        0.62621    -145.98913
	       D(35,21,22,36)      92.25338        0.00000        0.66805      92.92142
	       D(35,21,22,37)     -28.15214        0.00000        0.64870     -27.50344
	-------------------------------------------------------------------------------

	                                 ==> Convergence Check <==                                  
    
	Measures of convergence in internal coordinates in au.
    
	Criteria marked as inactive (o), active & met (*), and active & unmet ( ).

	----------------------------------------------------------------------------------------------
	   Step    Total Energy     Delta E     Max Force     RMS Force      Max Disp      RMS Disp   
	----------------------------------------------------------------------------------------------
	  Convergence Criteria     1.00e-06 *    3.00e-04 *             o    1.20e-03 *             o
	----------------------------------------------------------------------------------------------
	    11   -1407.64307123   -9.90e-06      3.46e-04      5.91e-05 o    1.17e-02      3.22e-03 o  ~
	----------------------------------------------------------------------------------------------

Next Geometry in Ang 
	Fragment 1 (Ang)

	    N  -2.1658326364   2.2279526799  -0.7843396419
	    C  -1.9887247338   0.9261150911  -0.6350804571
	    C  -3.0832336334   0.0597364330  -0.7105961224
	    C  -4.3093320553   0.6307223358  -0.9636076893
	    N  -4.4752386503   1.9328197851  -1.1220483362
	    C  -3.3899551983   2.6621007634  -1.0165622770
	    C  -5.5601282183  -0.2058758615  -1.0696601890
	    O  -6.6413435655   0.2219229332  -1.2777128088
	    O  -5.3130659734  -1.5018093997  -0.9004882805
	    C  -0.6071949879   0.4508920432  -0.3778889077
	    C  -0.2309923511  -0.8719592559  -0.5503281963
	    C   1.0643380971  -1.2920529386  -0.3039113072
	    C   2.0306668241  -0.3916931447   0.1272184329
	    C   1.6500900797   0.9444919002   0.2992624321
	    C   0.3648229531   1.3572527860   0.0463963798
	   Cl   2.8231102829   2.1092940580   0.8394597144
	    O   3.3029468607  -0.6965664548   0.3776526537
	    C   3.8037504673  -2.0233284138   0.2735351338
	    C   5.3205621304  -1.9117869493   0.3494943694
	    C   5.6189102330  -1.7050896495   1.8452730015
	    C   4.4245349807  -2.3429980719   2.6018643539
	    C   3.4507555210  -2.8433314040   1.5143477759
	    H  -2.9926634707  -0.9949489726  -0.5630484503
	    H  -3.5067616474   3.7242055828  -1.1351790864
	    H  -6.1332609568  -1.9712660040  -0.9752065432
	    H  -0.9373814269  -1.6019045045  -0.8992943986
	    H   1.3127367765  -2.3238523059  -0.4514730365
	    H   0.1054100077   2.3886356625   0.1777793620
	    H   3.4662980616  -2.4641097189  -0.6571255987
	    H   5.7477193327  -2.8474655890  -0.0015144815
	    H   5.6962299199  -1.1151494880  -0.2805662878
	    H   5.6825000439  -0.6470350520   2.0682742806
	    H   6.5666501262  -2.1501511135   2.1268785846
	    H   3.9402108539  -1.6058980917   3.2312483388
	    H   4.7376274343  -3.1549997707   3.2485935965
	    H   2.4107627238  -2.7484037280   1.8028103052
	    H   3.6317347709  -3.8916511180   1.2908282395


    Structure for next step:
    Molecular point group: c1
    Full point group: C1

    Geometry (in Angstrom), charge = 0, multiplicity = 1:

    N           -2.165873453374     2.227459500733    -0.784561005160
    C           -1.988765550773     0.925621911909    -0.635301820324
    C           -3.083274450432     0.059243253881    -0.710817485664
    C           -4.309372872361     0.630229156699    -0.963829052506
    N           -4.475279467370     1.932326605952    -1.122269699379
    C           -3.389996015347     2.661607584216    -1.016783640183
    C           -5.560169035368    -0.206369040644    -1.069881552179
    O           -6.641384382560     0.221429754065    -1.277934172031
    O           -5.313106790456    -1.502302578888    -0.900709643743
    C           -0.607235804876     0.450398864069    -0.378110270954
    C           -0.231033168082    -0.872452435022    -0.550549559520
    C            1.064297280081    -1.292546117705    -0.304132670446
    C            2.030626007054    -0.392186323823     0.126997069725
    C            1.650049262727     0.943998721096     0.299041068834
    C            0.364782136108     1.356759606857     0.046175016561
    CL           2.823069465908     2.108800878841     0.839238351181
    O            3.302906043700    -0.697059633910     0.377431290522
    C            3.803709650280    -2.023821592898     0.273313770553
    C            5.320521313425    -1.912280128396     0.349273006187
    C            5.618869415984    -1.705582828653     1.845051638247
    C            4.424494163630    -2.343491251028     2.601642990678
    C            3.450714703949    -2.843824583168     1.514126412646
    H           -2.992704287736    -0.995442151740    -0.563269813538
    H           -3.506802464383     3.723712403642    -1.135400449667
    H           -6.133301773826    -1.971759183147    -0.975427906415
    H           -0.937422243876    -1.602397683600    -0.899515761837
    H            1.312695959498    -2.324345485009    -0.451694399683
    H            0.105369190645     2.388142483405     0.177557998765
    H            3.466257244568    -2.464602898089    -0.657346961898
    H            5.747678515672    -2.847958768099    -0.001735844739
    H            5.696189102891    -1.115642667097    -0.280787651037
    H            5.682459226913    -0.647528231181     2.068052917380
    H            6.566609309213    -2.150644292688     2.126657221331
    H            3.940170036910    -1.606391270814     3.231026975557
    H            4.737586617269    -3.155492949888     3.248372233243
    H            2.410721906826    -2.748896907153     1.802588941964
    H            3.631693953911    -3.892144297187     1.290606876237


Scratch directory: /tmp/
gradient() will perform analytic gradient computation.
   => Libint2 <=

    Primary   basis highest AM E, G, H:  6, 6, 3
    Auxiliary basis highest AM E, G, H:  7, 7, 4
    Onebody   basis highest AM E, G, H:  -, -, -
    Solid Harmonics ordering:            Gaussian

*** tstart() called on gunsnroses
*** at Thu Jan 23 19:49:31 2025

   => Loading Basis Set <=

    Name: 6-31G**
    Role: ORBITAL
    Keyword: BASIS
    atoms 1, 5                   entry N          line   132 file /home/joaopedroval/miniforge3/envs/PubChem/share/psi4/basis/6-31gss.gbs 
    atoms 2-4, 6-7, 10-15, 18-22 entry C          line   115 file /home/joaopedroval/miniforge3/envs/PubChem/share/psi4/basis/6-31gss.gbs 
    atoms 8-9, 17                entry O          line   149 file /home/joaopedroval/miniforge3/envs/PubChem/share/psi4/basis/6-31gss.gbs 
    atoms 16                     entry CL         line   344 file /home/joaopedroval/miniforge3/envs/PubChem/share/psi4/basis/6-31gss.gbs 
    atoms 23-37                  entry H          line    44 file /home/joaopedroval/miniforge3/envs/PubChem/share/psi4/basis/6-31gss.gbs 


         ---------------------------------------------------------
                                   SCF
               by Justin Turney, Rob Parrish, Andy Simmonett
                          and Daniel G. A. Smith
                              RHF Reference
                        8 Threads,  22888 MiB Core
         ---------------------------------------------------------

  ==> Geometry <==

    Molecular point group: c1
    Full point group: C1

    Geometry (in Angstrom), charge = 0, multiplicity = 1:

       Center              X                  Y                   Z               Mass       
    ------------   -----------------  -----------------  -----------------  -----------------
         N           -2.165873453374     2.227459500733    -0.784561005160    14.003074004430
         C           -1.988765550773     0.925621911909    -0.635301820324    12.000000000000
         C           -3.083274450432     0.059243253881    -0.710817485664    12.000000000000
         C           -4.309372872361     0.630229156699    -0.963829052506    12.000000000000
         N           -4.475279467370     1.932326605952    -1.122269699379    14.003074004430
         C           -3.389996015347     2.661607584216    -1.016783640183    12.000000000000
         C           -5.560169035368    -0.206369040644    -1.069881552179    12.000000000000
         O           -6.641384382560     0.221429754065    -1.277934172031    15.994914619570
         O           -5.313106790456    -1.502302578888    -0.900709643743    15.994914619570
         C           -0.607235804876     0.450398864069    -0.378110270954    12.000000000000
         C           -0.231033168082    -0.872452435022    -0.550549559520    12.000000000000
         C            1.064297280081    -1.292546117705    -0.304132670446    12.000000000000
         C            2.030626007054    -0.392186323823     0.126997069725    12.000000000000
         C            1.650049262727     0.943998721096     0.299041068834    12.000000000000
         C            0.364782136108     1.356759606857     0.046175016561    12.000000000000
         CL           2.823069465908     2.108800878841     0.839238351181    34.968852682000
         O            3.302906043700    -0.697059633910     0.377431290522    15.994914619570
         C            3.803709650280    -2.023821592898     0.273313770553    12.000000000000
         C            5.320521313425    -1.912280128396     0.349273006187    12.000000000000
         C            5.618869415984    -1.705582828653     1.845051638247    12.000000000000
         C            4.424494163630    -2.343491251028     2.601642990678    12.000000000000
         C            3.450714703949    -2.843824583168     1.514126412646    12.000000000000
         H           -2.992704287736    -0.995442151740    -0.563269813538     1.007825032230
         H           -3.506802464383     3.723712403642    -1.135400449667     1.007825032230
         H           -6.133301773826    -1.971759183147    -0.975427906415     1.007825032230
         H           -0.937422243876    -1.602397683600    -0.899515761837     1.007825032230
         H            1.312695959498    -2.324345485009    -0.451694399683     1.007825032230
         H            0.105369190645     2.388142483405     0.177557998765     1.007825032230
         H            3.466257244568    -2.464602898089    -0.657346961898     1.007825032230
         H            5.747678515672    -2.847958768099    -0.001735844739     1.007825032230
         H            5.696189102891    -1.115642667097    -0.280787651037     1.007825032230
         H            5.682459226913    -0.647528231181     2.068052917380     1.007825032230
         H            6.566609309213    -2.150644292688     2.126657221331     1.007825032230
         H            3.940170036910    -1.606391270814     3.231026975557     1.007825032230
         H            4.737586617269    -3.155492949888     3.248372233243     1.007825032230
         H            2.410721906826    -2.748896907153     1.802588941964     1.007825032230
         H            3.631693953911    -3.892144297187     1.290606876237     1.007825032230

  Running in c1 symmetry.

  Rotational constants: A =      0.02076  B =      0.00339  C =      0.00300 [cm^-1]
  Rotational constants: A =    622.47793  B =    101.56837  C =     89.94215 [MHz]
  Nuclear repulsion = 1808.041473353987612

  Charge       = 0
  Multiplicity = 1
  Electrons    = 166
  Nalpha       = 83
  Nbeta        = 83

  ==> Algorithm <==

  SCF Algorithm Type is DF.
  DIIS enabled.
  MOM disabled.
  Fractional occupation disabled.
  Guess Type is READ.
  Energy threshold   = 1.00e-08
  Density threshold  = 1.00e-08
  Integral threshold = 1.00e-12

  ==> Primary Basis <==

  Basis Set: 6-31G**
    Blend: 6-31G**
    Number of shells: 179
    Number of basis functions: 409
    Number of Cartesian functions: 409
    Spherical Harmonics?: false
    Max angular momentum: 2

   => Loading Basis Set <=

    Name: (6-31G** AUX)
    Role: JKFIT
    Keyword: DF_BASIS_SCF
    atoms 1, 5                   entry N          line   171 file /home/joaopedroval/miniforge3/envs/PubChem/share/psi4/basis/cc-pvdz-jkfit.gbs 
    atoms 2-4, 6-7, 10-15, 18-22 entry C          line   121 file /home/joaopedroval/miniforge3/envs/PubChem/share/psi4/basis/cc-pvdz-jkfit.gbs 
    atoms 8-9, 17                entry O          line   221 file /home/joaopedroval/miniforge3/envs/PubChem/share/psi4/basis/cc-pvdz-jkfit.gbs 
    atoms 16                     entry CL         line   667 file /home/joaopedroval/miniforge3/envs/PubChem/share/psi4/basis/cc-pvdz-jkfit.gbs 
    atoms 23-37                  entry H          line    51 file /home/joaopedroval/miniforge3/envs/PubChem/share/psi4/basis/cc-pvdz-jkfit.gbs 

   => Loading Basis Set <=

    Name: 6-31G**
    Role: ORBITAL
    Keyword: BASIS
    atoms 1, 5                   entry N          line   132 file /home/joaopedroval/miniforge3/envs/PubChem/share/psi4/basis/6-31gss.gbs 
    atoms 2-4, 6-7, 10-15, 18-22 entry C          line   115 file /home/joaopedroval/miniforge3/envs/PubChem/share/psi4/basis/6-31gss.gbs 
    atoms 8-9, 17                entry O          line   149 file /home/joaopedroval/miniforge3/envs/PubChem/share/psi4/basis/6-31gss.gbs 
    atoms 16                     entry CL         line   344 file /home/joaopedroval/miniforge3/envs/PubChem/share/psi4/basis/6-31gss.gbs 
    atoms 23-37                  entry H          line    44 file /home/joaopedroval/miniforge3/envs/PubChem/share/psi4/basis/6-31gss.gbs 

  Reading orbitals from file /tmp/stdout.default.8009.180.npy, no projection.

  ==> Integral Setup <==

  DFHelper Memory: AOs need 1.742 GiB; user supplied 16.764 GiB. 
  Using in-core AOs.

  ==> MemDFJK: Density-Fitted J/K Matrices <==

    J tasked:                   Yes
    K tasked:                   Yes
    wK tasked:                   No
    OpenMP threads:               8
    Memory [MiB]:             17166
    Algorithm:                 Core
    Schwarz Cutoff:           1E-12
    Mask sparsity (%):      39.6710
    Fitting Condition:        1E-10

   => Auxiliary Basis Set <=

  Basis Set: (6-31G** AUX)
    Blend: CC-PVDZ-JKFIT
    Number of shells: 675
    Number of basis functions: 2206
    Number of Cartesian functions: 2206
    Spherical Harmonics?: false
    Max angular momentum: 3

  Minimum eigenvalue in the overlap matrix is 3.5525237377E-04.
  Reciprocal condition number of the overlap matrix is 4.4172288627E-05.
    Using symmetric orthogonalization.

  ==> Pre-Iterations <==

  SCF Guess: Orbitals guess was supplied from a previous computation.

   -------------------------------------------------------
    Irrep   Nso     Nmo     Nalpha   Nbeta   Ndocc  Nsocc
   -------------------------------------------------------
     A        409     409      83      83      83       0
   -------------------------------------------------------
    Total     409     409      83      83      83       0
   -------------------------------------------------------

  ==> Iterations <==

                           Total Energy        Delta E     RMS |[F,P]|

   @DF-RHF iter   0: -1407.64266398147288   -1.40764e+03   5.39682e-05 
   @DF-RHF iter   1: -1407.64305859950332   -3.94618e-04   8.42129e-06 DIIS
   @DF-RHF iter   2: -1407.64307091879300   -1.23193e-05   3.01464e-06 DIIS
   @DF-RHF iter   3: -1407.64307299984694   -2.08105e-06   9.69496e-07 DIIS
   @DF-RHF iter   4: -1407.64307314848884   -1.48642e-07   4.43860e-07 DIIS
   @DF-RHF iter   5: -1407.64307319296040   -4.44716e-08   1.94206e-07 DIIS
   @DF-RHF iter   6: -1407.64307320562284   -1.26624e-08   7.45430e-08 DIIS
   @DF-RHF iter   7: -1407.64307320774378   -2.12094e-09   3.36415e-08 DIIS
   @DF-RHF iter   8: -1407.64307320811236   -3.68573e-10   1.43248e-08 DIIS
   @DF-RHF iter   9: -1407.64307320817557   -6.32099e-11   4.83453e-09 DIIS
  Energy and wave function converged.


  ==> Post-Iterations <==

    Orbital Energies [Eh]
    ---------------------

    Doubly Occupied:                                                      

       1A   -104.822801     2A    -20.630937     3A    -20.603429  
       4A    -20.567420     5A    -15.581759     6A    -15.580821  
       7A    -11.399259     8A    -11.329868     9A    -11.318190  
      10A    -11.318131    11A    -11.313590    12A    -11.299569  
      13A    -11.298034    14A    -11.263464    15A    -11.260059  
      16A    -11.258087    17A    -11.255787    18A    -11.249006  
      19A    -11.230519    20A    -11.226663    21A    -11.223496  
      22A    -11.220929    23A    -10.555773    24A     -8.025236  
      25A     -8.021812    26A     -8.021779    27A     -1.493720  
      28A     -1.438104    29A     -1.384864    30A     -1.336446  
      31A     -1.223561    32A     -1.193754    33A     -1.134396  
      34A     -1.128444    35A     -1.098023    36A     -1.040587  
      37A     -1.011290    38A     -0.980531    39A     -0.977814  
      40A     -0.948132    41A     -0.913988    42A     -0.874893  
      43A     -0.851693    44A     -0.816925    45A     -0.793295  
      46A     -0.788699    47A     -0.754295    48A     -0.736590  
      49A     -0.729732    50A     -0.706005    51A     -0.687698  
      52A     -0.675483    53A     -0.669941    54A     -0.664065  
      55A     -0.655297    56A     -0.647483    57A     -0.635777  
      58A     -0.628747    59A     -0.617223    60A     -0.597670  
      61A     -0.595249    62A     -0.590684    63A     -0.579496  
      64A     -0.562832    65A     -0.552230    66A     -0.532835  
      67A     -0.525566    68A     -0.505753    69A     -0.497825  
      70A     -0.490069    71A     -0.481318    72A     -0.478990  
      73A     -0.476682    74A     -0.474745    75A     -0.472397  
      76A     -0.465233    77A     -0.459214    78A     -0.447341  
      79A     -0.428476    80A     -0.421289    81A     -0.391303  
      82A     -0.349380    83A     -0.313119  

    Virtual:                                                              

      84A      0.059064    85A      0.090785    86A      0.123381  
      87A      0.169576    88A      0.203096    89A      0.214021  
      90A      0.221471    91A      0.238621    92A      0.242598  
      93A      0.243338    94A      0.265500    95A      0.290753  
      96A      0.290944    97A      0.295197    98A      0.311675  
      99A      0.318805   100A      0.321221   101A      0.324538  
     102A      0.335065   103A      0.338009   104A      0.345636  
     105A      0.350287   106A      0.361619   107A      0.380654  
     108A      0.388836   109A      0.396923   110A      0.407109  
     111A      0.412347   112A      0.416869   113A      0.431837  
     114A      0.448318   115A      0.453565   116A      0.467852  
     117A      0.486558   118A      0.495780   119A      0.505162  
     120A      0.507851   121A      0.517216   122A      0.523638  
     123A      0.540051   124A      0.568353   125A      0.585330  
     126A      0.594701   127A      0.628351   128A      0.638658  
     129A      0.642016   130A      0.656644   131A      0.667944  
     132A      0.694135   133A      0.710281   134A      0.711651  
     135A      0.726971   136A      0.736631   137A      0.738107  
     138A      0.745641   139A      0.749706   140A      0.751491  
     141A      0.759043   142A      0.764721   143A      0.779610  
     144A      0.789936   145A      0.801795   146A      0.807123  
     147A      0.813700   148A      0.825619   149A      0.828571  
     150A      0.842745   151A      0.852297   152A      0.859615  
     153A      0.875780   154A      0.885525   155A      0.891225  
     156A      0.892697   157A      0.902456   158A      0.918305  
     159A      0.923539   160A      0.929506   161A      0.938094  
     162A      0.939606   163A      0.947186   164A      0.954334  
     165A      0.960609   166A      0.966462   167A      0.981905  
     168A      0.989480   169A      1.014353   170A      1.022585  
     171A      1.025678   172A      1.032650   173A      1.039222  
     174A      1.048174   175A      1.060161   176A      1.069640  
     177A      1.072787   178A      1.078969   179A      1.081382  
     180A      1.087795   181A      1.103786   182A      1.112703  
     183A      1.121081   184A      1.126450   185A      1.129422  
     186A      1.136726   187A      1.141981   188A      1.151679  
     189A      1.154026   190A      1.157218   191A      1.162047  
     192A      1.165017   193A      1.170140   194A      1.177945  
     195A      1.189593   196A      1.194961   197A      1.199232  
     198A      1.205252   199A      1.213233   200A      1.216993  
     201A      1.223237   202A      1.237187   203A      1.258438  
     204A      1.276077   205A      1.301426   206A      1.305696  
     207A      1.314443   208A      1.331912   209A      1.351018  
     210A      1.365661   211A      1.373883   212A      1.404580  
     213A      1.421989   214A      1.434320   215A      1.444649  
     216A      1.457302   217A      1.465561   218A      1.475320  
     219A      1.501036   220A      1.503532   221A      1.508718  
     222A      1.532693   223A      1.540137   224A      1.554858  
     225A      1.564377   226A      1.589821   227A      1.614819  
     228A      1.628190   229A      1.636100   230A      1.643860  
     231A      1.653427   232A      1.657553   233A      1.670176  
     234A      1.683814   235A      1.699727   236A      1.707437  
     237A      1.726041   238A      1.736668   239A      1.771930  
     240A      1.775384   241A      1.793975   242A      1.803644  
     243A      1.808750   244A      1.820173   245A      1.831722  
     246A      1.840164   247A      1.866351   248A      1.897936  
     249A      1.921520   250A      1.927302   251A      1.939932  
     252A      1.947664   253A      1.983359   254A      2.009196  
     255A      2.026664   256A      2.031331   257A      2.041921  
     258A      2.054421   259A      2.057016   260A      2.066902  
     261A      2.075513   262A      2.097136   263A      2.101278  
     264A      2.121481   265A      2.141311   266A      2.152577  
     267A      2.164567   268A      2.167302   269A      2.180274  
     270A      2.186383   271A      2.209691   272A      2.213689  
     273A      2.224263   274A      2.237771   275A      2.255464  
     276A      2.266342   277A      2.274561   278A      2.275922  
     279A      2.290102   280A      2.297716   281A      2.309934  
     282A      2.323702   283A      2.325293   284A      2.339945  
     285A      2.349655   286A      2.368159   287A      2.381853  
     288A      2.392107   289A      2.405180   290A      2.410383  
     291A      2.422259   292A      2.443120   293A      2.469705  
     294A      2.489542   295A      2.503677   296A      2.506253  
     297A      2.524138   298A      2.547898   299A      2.559337  
     300A      2.579220   301A      2.586800   302A      2.594977  
     303A      2.605402   304A      2.610180   305A      2.616466  
     306A      2.625761   307A      2.636423   308A      2.649353  
     309A      2.660229   310A      2.662570   311A      2.679567  
     312A      2.685274   313A      2.698045   314A      2.704611  
     315A      2.722618   316A      2.736636   317A      2.742896  
     318A      2.746188   319A      2.763378   320A      2.785204  
     321A      2.807661   322A      2.818819   323A      2.827520  
     324A      2.835796   325A      2.849983   326A      2.860073  
     327A      2.864225   328A      2.881360   329A      2.884254  
     330A      2.890042   331A      2.896555   332A      2.901226  
     333A      2.912460   334A      2.918077   335A      2.946631  
     336A      2.965956   337A      2.969905   338A      2.979444  
     339A      3.000947   340A      3.013664   341A      3.041039  
     342A      3.044114   343A      3.066306   344A      3.074399  
     345A      3.086909   346A      3.089846   347A      3.096408  
     348A      3.124703   349A      3.126944   350A      3.132703  
     351A      3.134526   352A      3.145458   353A      3.175416  
     354A      3.196059   355A      3.204763   356A      3.220451  
     357A      3.251387   358A      3.258660   359A      3.279607  
     360A      3.287028   361A      3.323197   362A      3.352650  
     363A      3.372861   364A      3.410848   365A      3.445180  
     366A      3.476401   367A      3.544172   368A      3.566065  
     369A      3.572929   370A      3.598391   371A      3.622280  
     372A      3.660012   373A      3.674524   374A      3.677414  
     375A      3.693230   376A      3.744162   377A      3.763916  
     378A      3.774699   379A      3.831401   380A      3.841058  
     381A      3.856201   382A      3.863443   383A      3.869803  
     384A      3.913588   385A      3.975174   386A      4.061399  
     387A      4.184861   388A      4.372969   389A      4.467087  
     390A      4.490403   391A      4.524638   392A      4.552497  
     393A      4.554317   394A      4.576801   395A      4.658914  
     396A      4.709029   397A      4.763162   398A      4.783487  
     399A      4.809559   400A      4.825929   401A      4.843596  
     402A      4.875830   403A      4.911565   404A      5.017677  
     405A      5.082507   406A      5.161634   407A      5.191940  
     408A      5.232103   409A      5.292944  

    Final Occupation by Irrep:
              A 
    DOCC [    83 ]
    NA   [    83 ]
    NB   [    83 ]

  @DF-RHF Final Energy: -1407.64307320817557

   => Energetics <=

    Nuclear Repulsion Energy =           1808.0414733539876124
    One-Electron Energy =               -5521.7618777076149854
    Two-Electron Energy =                2306.0773311454518080
    Total Energy =                      -1407.6430732081757924

Computation Completed


Properties will be evaluated at   0.000000,   0.000000,   0.000000 [a0]

Properties computed using the SCF density matrix


 Multipole Moments:

 ------------------------------------------------------------------------------------
     Multipole            Electronic (a.u.)      Nuclear  (a.u.)        Total (a.u.)
 ------------------------------------------------------------------------------------

 L = 1.  Multiply by 2.5417464519 to convert [e a0] to [Debye]
 Dipole X            :        -24.2868486           25.2617303            0.9748817
 Dipole Y            :         19.7377247          -22.0245787           -2.2868540
 Dipole Z            :         -7.5042126            7.6467971            0.1425844
 Magnitude           :                                                    2.4900654

 ------------------------------------------------------------------------------------

*** tstop() called on gunsnroses at Thu Jan 23 19:49:50 2025
Module time:
	user time   =     116.86 seconds =       1.95 minutes
	system time =       6.17 seconds =       0.10 minutes
	total time  =         19 seconds =       0.32 minutes
Total time:
	user time   =    2072.65 seconds =      34.54 minutes
	system time =     126.34 seconds =       2.11 minutes
	total time  =        369 seconds =       6.15 minutes

*** tstart() called on gunsnroses
*** at Thu Jan 23 19:49:50 2025


         ------------------------------------------------------------
                                   SCF GRAD                          
                          Rob Parrish, Justin Turney,                
                       Andy Simmonett, and Alex Sokolov              
         ------------------------------------------------------------

  ==> Geometry <==

    Molecular point group: c1
    Full point group: C1

    Geometry (in Angstrom), charge = 0, multiplicity = 1:

       Center              X                  Y                   Z               Mass       
    ------------   -----------------  -----------------  -----------------  -----------------
         N           -2.165873453374     2.227459500733    -0.784561005160    14.003074004430
         C           -1.988765550773     0.925621911909    -0.635301820324    12.000000000000
         C           -3.083274450432     0.059243253881    -0.710817485664    12.000000000000
         C           -4.309372872361     0.630229156699    -0.963829052506    12.000000000000
         N           -4.475279467370     1.932326605952    -1.122269699379    14.003074004430
         C           -3.389996015347     2.661607584216    -1.016783640183    12.000000000000
         C           -5.560169035368    -0.206369040644    -1.069881552179    12.000000000000
         O           -6.641384382560     0.221429754065    -1.277934172031    15.994914619570
         O           -5.313106790456    -1.502302578888    -0.900709643743    15.994914619570
         C           -0.607235804876     0.450398864069    -0.378110270954    12.000000000000
         C           -0.231033168082    -0.872452435022    -0.550549559520    12.000000000000
         C            1.064297280081    -1.292546117705    -0.304132670446    12.000000000000
         C            2.030626007054    -0.392186323823     0.126997069725    12.000000000000
         C            1.650049262727     0.943998721096     0.299041068834    12.000000000000
         C            0.364782136108     1.356759606857     0.046175016561    12.000000000000
         CL           2.823069465908     2.108800878841     0.839238351181    34.968852682000
         O            3.302906043700    -0.697059633910     0.377431290522    15.994914619570
         C            3.803709650280    -2.023821592898     0.273313770553    12.000000000000
         C            5.320521313425    -1.912280128396     0.349273006187    12.000000000000
         C            5.618869415984    -1.705582828653     1.845051638247    12.000000000000
         C            4.424494163630    -2.343491251028     2.601642990678    12.000000000000
         C            3.450714703949    -2.843824583168     1.514126412646    12.000000000000
         H           -2.992704287736    -0.995442151740    -0.563269813538     1.007825032230
         H           -3.506802464383     3.723712403642    -1.135400449667     1.007825032230
         H           -6.133301773826    -1.971759183147    -0.975427906415     1.007825032230
         H           -0.937422243876    -1.602397683600    -0.899515761837     1.007825032230
         H            1.312695959498    -2.324345485009    -0.451694399683     1.007825032230
         H            0.105369190645     2.388142483405     0.177557998765     1.007825032230
         H            3.466257244568    -2.464602898089    -0.657346961898     1.007825032230
         H            5.747678515672    -2.847958768099    -0.001735844739     1.007825032230
         H            5.696189102891    -1.115642667097    -0.280787651037     1.007825032230
         H            5.682459226913    -0.647528231181     2.068052917380     1.007825032230
         H            6.566609309213    -2.150644292688     2.126657221331     1.007825032230
         H            3.940170036910    -1.606391270814     3.231026975557     1.007825032230
         H            4.737586617269    -3.155492949888     3.248372233243     1.007825032230
         H            2.410721906826    -2.748896907153     1.802588941964     1.007825032230
         H            3.631693953911    -3.892144297187     1.290606876237     1.007825032230

  Nuclear repulsion = 1808.041473353987612

  ==> Basis Set <==

  Basis Set: 6-31G**
    Blend: 6-31G**
    Number of shells: 179
    Number of basis functions: 409
    Number of Cartesian functions: 409
    Spherical Harmonics?: false
    Max angular momentum: 2

  ==> DFJKGrad: Density-Fitted SCF Gradients <==

    Gradient:                    1
    J tasked:                  Yes
    K tasked:                  Yes
    wK tasked:                  No
    OpenMP threads:              8
    Integrals threads:           8
    Memory [MiB]:            17166
    Schwarz Cutoff:          1E-12
    Fitting Condition:       1E-10

   => Auxiliary Basis Set <=

  Basis Set: (6-31G** AUX)
    Blend: CC-PVDZ-JKFIT
    Number of shells: 675
    Number of basis functions: 2206
    Number of Cartesian functions: 2206
    Spherical Harmonics?: false
    Max angular momentum: 3


  -Total Gradient:
     Atom            X                  Y                   Z
    ------   -----------------  -----------------  -----------------
       1        0.000010062430    -0.000025547280    -0.000083106168
       2       -0.000001667381     0.000040049735     0.000132980046
       3       -0.000010530619    -0.000002885735    -0.000039686899
       4        0.000010155264    -0.000023002346     0.000046411168
       5        0.000017708640     0.000026939929    -0.000035860655
       6       -0.000053245576     0.000008701115     0.000131734181
       7        0.000026815382    -0.000010078330    -0.000162039472
       8       -0.000006170872     0.000001971594     0.000063909251
       9       -0.000009590625     0.000007319164     0.000051072947
      10        0.000001933402    -0.000003729382    -0.000059501320
      11        0.000006078331     0.000000295688     0.000023111707
      12        0.000009980846     0.000003715718     0.000022145553
      13        0.000023069873    -0.000005904460    -0.000104874404
      14       -0.000026215113     0.000012934496     0.000033504431
      15        0.000012052513     0.000012471799     0.000017169914
      16       -0.000007453644     0.000005383875     0.000003831592
      17       -0.000027989003    -0.000058157650    -0.000031252992
      18       -0.000031218264     0.000013180617    -0.000053245156
      19        0.000060821912    -0.000050134971     0.000024728477
      20       -0.000135979541     0.000013514890     0.000007401386
      21        0.000111115085    -0.000029725380     0.000033643420
      22       -0.000005897538     0.000089776536     0.000028334003
      23        0.000002394556    -0.000005528805    -0.000010834405
      24        0.000010656776    -0.000005045095    -0.000054006556
      25       -0.000002072378    -0.000003000333     0.000000526909
      26       -0.000001439365    -0.000004115917    -0.000001346785
      27        0.000000819982    -0.000017631478     0.000017701413
      28       -0.000000800840    -0.000004689165    -0.000002209831
      29       -0.000000238969     0.000007755669     0.000027964406
      30        0.000040456202     0.000018849104    -0.000022020780
      31       -0.000042314568     0.000028316289     0.000006676883
      32        0.000031410956     0.000014105357     0.000015361041
      33       -0.000035801014    -0.000080183079     0.000029839474
      34       -0.000001391246     0.000013683352    -0.000009128258
      35        0.000065989610    -0.000002774019    -0.000015471358
      36       -0.000052748939     0.000028232054    -0.000047198449
      37        0.000011243748    -0.000015063553     0.000013735278


*** tstop() called on gunsnroses at Thu Jan 23 19:50:01 2025
Module time:
	user time   =      48.03 seconds =       0.80 minutes
	system time =       4.02 seconds =       0.07 minutes
	total time  =         11 seconds =       0.18 minutes
Total time:
	user time   =    2120.70 seconds =      35.35 minutes
	system time =     130.36 seconds =       2.17 minutes
	total time  =        380 seconds =       6.33 minutes

    			-----------------------------------------

    			 OPTKING 3.0: for geometry optimizations 

    			     By R.A. King, Bethel University     

    			        with contributions from          

    			    A.V. Copan, J. Cayton, A. Heide      

    			-----------------------------------------

    
	                            ===> Fragment 1 <== 

	 Z (Atomic Numbers)          Masses                          Geom                  
	       7.000000            14.003074         -4.09290765  4.20928841 -1.48260543   
	       6.000000            12.000000         -3.75822222  1.74917191 -1.20054645   
	       6.000000            12.000000         -5.82654428  0.11195352 -1.34325037   
	       6.000000            12.000000         -8.14353450  1.19096050 -1.82137294   
	       7.000000            14.003074         -8.45705253  3.65156807 -2.12078237   
	       6.000000            12.000000         -6.40616404  5.02970939 -1.92144261   
	       6.000000            12.000000        -10.50719669  -0.38998097  -2.02178312 
	       8.000000            15.994915        -12.55039758   0.41844159  -2.41494559 
	       8.000000            15.994915        -10.04031671  -2.83894043  -1.70209455 
	       6.000000            12.000000         -1.14750936  0.85113050 -0.71452486   
	       6.000000            12.000000         -0.43658941 -1.64869616 -1.04038789   
	       6.000000            12.000000          2.01123038 -2.44255817 -0.57472745   
	       6.000000            12.000000          3.83732702 -0.74112474  0.23998968   
	       6.000000            12.000000          3.11814120  1.78389905  0.56510572   
	       6.000000            12.000000          0.68933833  2.56390408  0.08725814   
	      17.000000            34.968853          5.33482812  3.98505611  1.58593064   
	       8.000000            15.994915          6.24158784 -1.31725180  0.71324177   
	       6.000000            12.000000          7.18796950 -3.82446854  0.51648817   
	       6.000000            12.000000         10.05432813 -3.61368572  0.66003032   
	       6.000000            12.000000         10.61812433 -3.22308443  3.48664228   
	       6.000000            12.000000          8.36108221 -4.42855664  4.91639273   
	       6.000000            12.000000          6.52090573 -5.37404961  2.86128424   
	       1.000000             1.007825         -5.65539148 -1.88111304 -1.06442568   
	       1.000000             1.007825         -6.62689623  7.03679661 -2.14559589   
	       1.000000             1.007825        -11.59026060  -3.72608484  -1.84329160 
	       1.000000             1.007825         -1.77147130 -3.02809277 -1.69983844   
	       1.000000             1.007825          2.48063585 -4.39237639 -0.85357871   
	       1.000000             1.007825          0.19911891  4.51293524  0.33553599   
	       1.000000             1.007825          6.55027687 -4.65742449 -1.24220573   
	       1.000000             1.007825         10.86153825 -5.38186209 -0.00328027   
	       1.000000             1.007825         10.76423736 -2.10825909 -0.53061176   
	       1.000000             1.007825         10.73829166 -1.22365102  3.90805363   
	       1.000000             1.007825         12.40909317 -4.06412871  4.01879971   
	       1.000000             1.007825          7.44584226 -3.03563955  6.10575609   
	       1.000000             1.007825          8.95274120 -5.96301747  6.13853387   
	       1.000000             1.007825          4.55560417 -5.19466230  3.40639942   
	       1.000000             1.007825          6.86290694 -7.35508676  2.43889353   

	 - Coordinate -           - BOHR/RAD -       - ANG/DEG -
	 H(5,24)          =         3.848358           2.036463
	 H(8,25)          =         4.292523           2.271505
	 R(1,2)           =         2.498749           1.322281
	 R(1,6)           =         2.493356           1.319427
	 R(2,3)           =         2.641743           1.397950
	 R(2,10)          =         2.803305           1.483445
	 R(3,4)           =         2.600250           1.375993
	 R(3,23)          =         2.019740           1.068801
	 R(4,5)           =         2.498505           1.322152
	 R(4,7)           =         2.850691           1.508521
	 R(5,6)           =         2.478942           1.311800
	 R(6,24)          =         2.031592           1.075072
	 R(7,8)           =         2.232217           1.181238
	 R(7,9)           =         2.513480           1.330076
	 R(9,25)          =         1.791449           0.947994
	 R(10,11)         =         2.619299           1.386073
	 R(10,15)         =         2.636372           1.395108
	 R(11,12)         =         2.615125           1.383865
	 R(11,26)         =         2.029660           1.074050
	 R(12,13)         =         2.625504           1.389357
	 R(12,27)         =         2.024819           1.071488
	 R(13,14)         =         2.645501           1.399939
	 R(13,17)         =         2.517213           1.332052
	 R(14,15)         =         2.595348           1.373399
	 R(14,16)         =         3.286469           1.739124
	 R(15,28)         =         2.025013           1.071591
	 R(17,18)         =         2.687096           1.421950
	 R(18,19)         =         2.877681           1.522803
	 R(18,22)         =         2.888641           1.528603
	 R(18,29)         =         2.047797           1.083647
	 R(19,20)         =         2.908637           1.539185
	 R(19,30)         =         2.053781           1.086814
	 R(19,31)         =         2.046438           1.082928
	 R(20,21)         =         2.931141           1.551093
	 R(20,32)         =         2.046891           1.083168
	 R(20,33)         =         2.048931           1.084247
	 R(21,22)         =         2.916107           1.543137
	 R(21,34)         =         2.047552           1.083518
	 R(21,35)         =         2.048965           1.084266
	 R(22,36)         =         2.047374           1.083424
	 R(22,37)         =         2.054236           1.087055
	 B(1,2,3)         =         2.093474         119.947238
	 B(1,2,10)        =         2.048463         117.368262
	 B(1,6,5)         =         2.212786         126.783294
	 B(1,6,24)        =         2.032300         116.442208
	 B(2,1,6)         =         2.057924         117.910338
	 B(2,3,4)         =         2.038019         116.769891
	 B(2,3,23)        =         2.138576         122.531360
	 B(2,10,11)       =         2.137601         122.475514
	 B(2,10,15)       =         2.086872         119.568975
	 B(3,2,10)        =         2.141207         122.682104
	 B(3,4,5)         =         2.144226         122.855084
	 B(3,4,7)         =         2.119552         121.441367
	 B(4,3,23)        =         2.106418         120.688834
	 B(4,5,6)         =         2.019786         115.725234
	 B(4,7,8)         =         2.177885         124.783608
	 B(4,7,9)         =         1.957771         112.172010
	 B(5,4,7)         =         2.019392         115.702667
	 B(5,6,24)        =         2.038091         116.774014
	 B(7,9,25)        =         1.887846         108.165602
	 B(8,7,9)         =         2.147530         123.044378
	 B(10,11,12)      =         2.119543         121.440885
	 B(10,11,26)      =         2.106603         120.699454
	 B(10,15,14)      =         2.109200         120.848237
	 B(10,15,28)      =         2.087382         119.598191
	 B(11,10,15)      =         2.058693         117.954393
	 B(11,12,13)      =         2.105467         120.634378
	 B(11,12,27)      =         2.076923         118.998950
	 B(12,11,26)      =         2.056868         117.849874
	 B(12,13,14)      =         2.057352         117.877612
	 B(12,13,17)      =         2.182585         125.052922
	 B(13,12,27)      =         2.100794         120.366646
	 B(13,14,15)      =         2.116048         121.240648
	 B(13,14,16)      =         2.087565         119.608676
	 B(13,17,18)      =         2.136700         122.423892
	 B(14,13,17)      =         2.043170         117.065001
	 B(14,15,28)      =         2.086603         119.553541
	 B(15,14,16)      =         2.079569         119.150513
	 B(17,18,19)      =         1.853354         106.189358
	 B(17,18,22)      =         1.938809         111.085574
	 B(17,18,29)      =         1.910001         109.435009
	 B(18,19,20)      =         1.824906         104.559394
	 B(18,19,30)      =         1.888429         108.198987
	 B(18,19,31)      =         1.950233         111.740093
	 B(18,22,21)      =         1.825964         104.620032
	 B(18,22,36)      =         1.972288         113.003751
	 B(18,22,37)      =         1.888063         108.178058
	 B(19,18,22)      =         1.801662         103.227655
	 B(19,18,29)      =         1.963635         112.507979
	 B(19,20,21)      =         1.843709         105.636767
	 B(19,20,32)      =         1.920510         110.037128
	 B(19,20,33)      =         1.946264         111.512729
	 B(20,19,30)      =         1.931886         110.688901
	 B(20,19,31)      =         1.981631         113.539104
	 B(20,21,22)      =         1.849905         105.991724
	 B(20,21,34)      =         1.925971         110.350030
	 B(20,21,35)      =         1.956905         112.122419
	 B(21,20,32)      =         1.924645         110.274061
	 B(21,20,33)      =         1.957969         112.183350
	 B(21,22,36)      =         1.971097         112.935540
	 B(21,22,37)      =         1.931067         110.642006
	 B(22,18,29)      =         1.989985         114.017760
	 B(22,21,34)      =         1.926089         110.356798
	 B(22,21,35)      =         1.938807         111.085469
	 B(30,19,31)      =         1.885023         108.003866
	 B(32,20,33)      =         1.871482         107.228004
	 B(34,21,35)      =         1.867181         106.981600
	 B(36,22,37)      =         1.874498         107.400817
	 D(1,2,3,4)       =         0.017585           1.007533
	 D(1,2,3,23)      =        -3.104122        -177.853115
	 D(1,2,10,11)     =        -2.838781        -162.650175
	 D(1,2,10,15)     =         0.295958          16.957128
	 D(1,6,5,4)       =         0.012340           0.707056
	 D(2,1,6,5)       =        -0.003380          -0.193656
	 D(2,1,6,24)      =        -3.140387        -179.930939
	 D(2,3,4,5)       =        -0.008503          -0.487160
	 D(2,3,4,7)       =        -3.143871        -180.130516
	 D(2,10,11,12)    =         3.141670         180.004433
	 D(2,10,11,26)    =         0.020369           1.167035
	 D(2,10,15,14)    =         3.135262         179.637259
	 D(2,10,15,28)    =        -0.005210          -0.298535
	 D(3,2,1,6)       =        -0.012189          -0.698383
	 D(3,2,10,11)     =         0.312658          17.913962
	 D(3,2,10,15)     =        -2.835789        -162.478735
	 D(3,4,5,6)       =        -0.005602          -0.320948
	 D(3,4,7,8)       =         3.134556         179.596814
	 D(3,4,7,9)       =        -0.006654          -0.381260
	 D(4,3,2,10)      =        -3.134099        -179.570658
	 D(4,5,6,24)      =        -3.133851        -179.556424
	 D(4,7,9,25)      =         3.138479         179.821573
	 D(5,4,3,23)      =         3.113594         178.395821
	 D(5,4,7,8)       =        -0.001234          -0.070691
	 D(5,4,7,9)       =        -3.142444        -180.048765
	 D(6,1,2,10)      =         3.138968         179.849603
	 D(6,5,4,7)       =         3.130097         179.341360
	 D(7,4,3,23)      =        -0.021774          -1.247534
	 D(8,7,9,25)      =        -0.002739          -0.156943
	 D(10,2,3,23)     =         0.027379           1.568694
	 D(10,11,12,13)   =         0.000534           0.030569
	 D(10,11,12,27)   =        -3.140043        -179.911207
	 D(10,15,14,13)   =         0.011727           0.671903
	 D(10,15,14,16)   =        -3.132446        -179.475908
	 D(11,10,15,14)   =        -0.012877          -0.737788
	 D(11,10,15,28)   =         3.129836         179.326418
	 D(11,12,13,14)   =        -0.002039          -0.116815
	 D(11,12,13,17)   =        -3.129783        -179.323342
	 D(12,11,10,15)   =         0.006826           0.391101
	 D(12,13,14,15)   =        -0.004051          -0.232126
	 D(12,13,14,16)   =         3.140133         179.916352
	 D(12,13,17,18)   =        -0.042899          -2.457923
	 D(13,12,11,26)   =         3.122393         178.899946
	 D(13,14,15,28)   =        -3.130986        -179.392274
	 D(13,17,18,19)   =         2.941699         168.546929
	 D(13,17,18,22)   =        -1.394574         -79.903205
	 D(13,17,18,29)   =         0.818018          46.868976
	 D(14,13,12,27)   =         3.138524         179.824164
	 D(14,13,17,18)   =         3.112441         178.329720
	 D(15,10,11,26)   =        -3.114475        -178.446296
	 D(15,14,13,17)   =         3.124810         179.038443
	 D(16,14,13,17)   =        -0.014191          -0.813078
	 D(16,14,15,28)   =         0.008027           0.459915
	 D(17,13,12,27)   =         0.010780           0.617637
	 D(17,18,19,20)   =         1.355829          77.683264
	 D(17,18,19,30)   =        -2.867696        -164.306888
	 D(17,18,19,31)   =        -0.794686         -45.532153
	 D(17,18,22,21)   =        -1.321571         -75.720418
	 D(17,18,22,36)   =         0.829525          47.528269
	 D(17,18,22,37)   =         2.902529         166.302653
	 D(18,19,20,21)   =         0.446866          25.603540
	 D(18,19,20,32)   =        -1.630398         -93.414915
	 D(18,19,20,33)   =         2.578350         147.728545
	 D(18,22,21,20)   =        -0.379714         -21.756009
	 D(18,22,21,34)   =         1.705684          97.728485
	 D(18,22,21,35)   =        -2.509536        -143.785826
	 D(19,18,22,21)   =         0.658123          37.707670
	 D(19,18,22,36)   =         2.809218         160.956357
	 D(19,18,22,37)   =        -1.400963         -80.269259
	 D(19,20,21,22)   =        -0.039931          -2.287850
	 D(19,20,21,34)   =        -2.125406        -121.776785
	 D(19,20,21,35)   =         2.078286         119.077004
	 D(20,19,18,22)   =        -0.685174         -39.257575
	 D(20,19,18,29)   =        -2.838323        -162.623937
	 D(20,21,22,36)   =        -2.531578        -145.048758
	 D(20,21,22,37)   =         1.649796          94.526376
	 D(21,20,19,30)   =        -1.582881         -90.692382
	 D(21,20,19,31)   =         2.576926         147.646994
	 D(21,22,18,29)   =         2.793737         160.069330
	 D(22,18,19,30)   =         1.374486          78.752273
	 D(22,18,19,31)   =        -2.835689        -162.472992
	 D(22,21,20,32)   =         2.034588         116.573325
	 D(22,21,20,33)   =        -2.163877        -123.981028
	 D(26,11,12,27)   =        -0.018183          -1.041830
	 D(29,18,19,30)   =        -0.778663         -44.614089
	 D(29,18,19,31)   =         1.294347          74.160646
	 D(29,18,22,36)   =        -1.338353         -76.681984
	 D(29,18,22,37)   =         0.734651          42.092401
	 D(30,19,20,32)   =         2.623041         150.289162
	 D(30,19,20,33)   =         0.548603          31.432622
	 D(31,19,20,32)   =         0.499662          28.628538
	 D(31,19,20,33)   =        -1.574776         -90.228001
	 D(32,20,21,34)   =        -0.050887          -2.915610
	 D(32,20,21,35)   =        -2.130381        -122.061820
	 D(33,20,21,34)   =         2.033833         116.530037
	 D(33,20,21,35)   =        -0.045661          -2.616174
	 D(34,21,22,36)   =        -0.446181         -25.564264
	 D(34,21,22,37)   =        -2.547991        -145.989129
	 D(35,21,22,36)   =         1.621785          92.921425
	 D(35,21,22,37)   =        -0.480026         -27.503441


	        --- Internal Coordinate Step in ANG or DEG, aJ/ANG or AJ/DEG ---
	-------------------------------------------------------------------------------
	           Coordinate      Previous         Force          Change          New 
	           ----------      --------        ------          ------        ------
	              H(5,24)       2.03646        0.00004        0.00001       2.03648
	              H(8,25)       2.27151        0.00000        0.00000       2.27151
	               R(1,2)       1.32228        0.00007        0.00003       1.32231
	               R(1,6)       1.31943       -0.00012       -0.00003       1.31939
	               R(2,3)       1.39795       -0.00006       -0.00004       1.39791
	              R(2,10)       1.48344       -0.00001       -0.00001       1.48343
	               R(3,4)       1.37599        0.00013        0.00003       1.37602
	              R(3,23)       1.06880       -0.00003        0.00000       1.06880
	               R(4,5)       1.32215       -0.00017       -0.00003       1.32212
	               R(4,7)       1.50852        0.00002        0.00001       1.50853
	               R(5,6)       1.31180        0.00013        0.00003       1.31183
	              R(6,24)       1.07507       -0.00003       -0.00000       1.07507
	               R(7,8)       1.18124        0.00004       -0.00000       1.18124
	               R(7,9)       1.33008       -0.00001       -0.00000       1.33007
	              R(9,25)       0.94799       -0.00003        0.00000       0.94799
	             R(10,11)       1.38607       -0.00004        0.00000       1.38608
	             R(10,15)       1.39511       -0.00007        0.00000       1.39511
	             R(11,12)       1.38386        0.00008       -0.00000       1.38386
	             R(11,26)       1.07405       -0.00003        0.00000       1.07405
	             R(12,13)       1.38936        0.00019       -0.00003       1.38933
	             R(12,27)       1.07149       -0.00012        0.00003       1.07151
	             R(13,14)       1.39994       -0.00031       -0.00001       1.39993
	             R(13,17)       1.33205        0.00007       -0.00005       1.33200
	             R(14,15)       1.37340        0.00002        0.00000       1.37340
	             R(14,16)       1.73912        0.00000        0.00001       1.73914
	             R(15,28)       1.07159        0.00004        0.00000       1.07159
	             R(17,18)       1.42195        0.00036       -0.00010       1.42185
	             R(18,19)       1.52280       -0.00034       -0.00025       1.52255
	             R(18,22)       1.52860        0.00001        0.00008       1.52869
	             R(18,29)       1.08365        0.00022        0.00003       1.08368
	             R(19,20)       1.53918       -0.00014       -0.00085       1.53833
	             R(19,30)       1.08681       -0.00006        0.00003       1.08684
	             R(19,31)       1.08293       -0.00002        0.00006       1.08299
	             R(20,21)       1.55109        0.00102        0.00032       1.55141
	             R(20,32)       1.08317       -0.00015       -0.00003       1.08314
	             R(20,33)       1.08425       -0.00008       -0.00002       1.08422
	             R(21,22)       1.54314       -0.00035        0.00087       1.54401
	             R(21,34)       1.08352       -0.00004       -0.00006       1.08346
	             R(21,35)       1.08427       -0.00010       -0.00000       1.08426
	             R(22,36)       1.08342       -0.00033       -0.00000       1.08342
	             R(22,37)       1.08706       -0.00011       -0.00012       1.08694
	             B(1,2,3)     119.94724        0.00000        0.00186     119.94910
	            B(1,2,10)     117.36826       -0.00000       -0.00190     117.36636
	             B(1,6,5)     126.78329        0.00000       -0.00017     126.78313
	            B(1,6,24)     116.44221        0.00000        0.00179     116.44399
	             B(2,1,6)     117.91034       -0.00000       -0.00139     117.90894
	             B(2,3,4)     116.76989       -0.00000       -0.00073     116.76916
	            B(2,3,23)     122.53136        0.00000       -0.00156     122.52980
	           B(2,10,11)     122.47551        0.00000       -0.00276     122.47275
	           B(2,10,15)     119.56897       -0.00000        0.00050     119.56947
	            B(3,2,10)     122.68210        0.00000       -0.00035     122.68175
	             B(3,4,5)     122.85508       -0.00000       -0.00067     122.85442
	             B(3,4,7)     121.44137        0.00000        0.00001     121.44138
	            B(4,3,23)     120.68883        0.00000        0.00215     120.69099
	             B(4,5,6)     115.72523        0.00000        0.00098     115.72622
	             B(4,7,8)     124.78361       -0.00000       -0.00030     124.78331
	             B(4,7,9)     112.17201       -0.00000        0.00017     112.17218
	             B(5,4,7)     115.70267        0.00000        0.00082     115.70348
	            B(5,6,24)     116.77401       -0.00000       -0.00138     116.77263
	            B(7,9,25)     108.16560       -0.00000        0.00008     108.16568
	             B(8,7,9)     123.04438        0.00000        0.00011     123.04449
	          B(10,11,12)     121.44089       -0.00000       -0.00141     121.43947
	          B(10,11,26)     120.69945        0.00000       -0.00065     120.69880
	          B(10,15,14)     120.84824        0.00000       -0.00090     120.84733
	          B(10,15,28)     119.59819       -0.00000        0.00171     119.59990
	          B(11,10,15)     117.95439        0.00000        0.00229     117.95668
	          B(11,12,13)     120.63438        0.00000       -0.00191     120.63247
	          B(11,12,27)     118.99895       -0.00000        0.00480     119.00375
	          B(12,11,26)     117.84987        0.00000        0.00203     117.85191
	          B(12,13,14)     117.87761       -0.00000        0.00500     117.88261
	          B(12,13,17)     125.05292        0.00000       -0.01618     125.03674
	          B(13,12,27)     120.36665        0.00000       -0.00289     120.36376
	          B(13,14,15)     121.24065        0.00000       -0.00309     121.23756
	          B(13,14,16)     119.60868       -0.00000        0.00282     119.61150
	          B(13,17,18)     122.42389        0.00001       -0.01730     122.40659
	          B(14,13,17)     117.06500       -0.00000        0.01155     117.07655
	          B(14,15,28)     119.55354       -0.00000       -0.00081     119.55273
	          B(15,14,16)     119.15051        0.00000        0.00026     119.15077
	          B(17,18,19)     106.18936       -0.00000       -0.02074     106.16862
	          B(17,18,22)     111.08557        0.00000       -0.00252     111.08305
	          B(17,18,29)     109.43501        0.00000        0.01813     109.45314
	          B(18,19,20)     104.55939        0.00000       -0.20781     104.35158
	          B(18,19,30)     108.19899       -0.00000        0.00781     108.20679
	          B(18,19,31)     111.74009        0.00000        0.09932     111.83941
	          B(18,22,21)     104.62003       -0.00000        0.05193     104.67196
	          B(18,22,36)     113.00375        0.00000       -0.02765     112.97611
	          B(18,22,37)     108.17806        0.00000        0.00169     108.17975
	          B(19,18,22)     103.22766        0.00000       -0.04544     103.18222
	          B(19,18,29)     112.50798       -0.00000        0.05903     112.56700
	          B(19,20,21)     105.63677       -0.00000       -0.12215     105.51462
	          B(19,20,32)     110.03713       -0.00000       -0.11603     109.92110
	          B(19,20,33)     111.51273        0.00000        0.13374     111.64647
	          B(20,19,30)     110.68890        0.00000        0.02571     110.71461
	          B(20,19,31)     113.53910       -0.00000        0.04013     113.57923
	          B(20,21,22)     105.99172        0.00000        0.01884     106.01057
	          B(20,21,34)     110.35003        0.00000        0.06005     110.41008
	          B(20,21,35)     112.12242        0.00000       -0.03753     112.08489
	          B(21,20,32)     110.27406        0.00000       -0.03896     110.23510
	          B(21,20,33)     112.18335        0.00000        0.12365     112.30700
	          B(21,22,36)     112.93554       -0.00000       -0.01044     112.92510
	          B(21,22,37)     110.64201        0.00000        0.01354     110.65555
	          B(22,18,29)     114.01776       -0.00000       -0.01162     114.00614
	          B(22,21,34)     110.35680       -0.00000        0.11321     110.47001
	          B(22,21,35)     111.08547       -0.00000       -0.10138     110.98409
	          B(30,19,31)     108.00387        0.00000        0.03035     108.03422
	          B(32,20,33)     107.22800       -0.00000        0.01373     107.24173
	          B(34,21,35)     106.98160       -0.00000       -0.04830     106.93330
	          B(36,22,37)     107.40082       -0.00000       -0.02674     107.37408
	           D(1,2,3,4)       1.00753        0.00000        0.01178       1.01931
	          D(1,2,3,23)    -177.85312        0.00000        0.01941    -177.83371
	         D(1,2,10,11)    -162.65018       -0.00000        0.01414    -162.63604
	         D(1,2,10,15)      16.95713       -0.00000        0.01873      16.97586
	           D(1,6,5,4)       0.70706       -0.00000       -0.01624       0.69082
	           D(2,1,6,5)      -0.19366        0.00000        0.04118      -0.15248
	          D(2,1,6,24)    -179.93094       -0.00000       -0.03393    -179.96487
	           D(2,3,4,5)      -0.48716       -0.00000        0.01367      -0.47349
	           D(2,3,4,7)    -180.13052        0.00000       -0.02027    -180.15079
	        D(2,10,11,12)     180.00443       -0.00000       -0.00160     180.00283
	        D(2,10,11,26)       1.16703        0.00000        0.00026       1.16729
	        D(2,10,15,14)     179.63726        0.00000       -0.00436     179.63290
	        D(2,10,15,28)      -0.29854        0.00000        0.00112      -0.29742
	           D(3,2,1,6)      -0.69838       -0.00000       -0.03672      -0.73510
	         D(3,2,10,11)      17.91396        0.00000        0.05904      17.97300
	         D(3,2,10,15)    -162.47873        0.00000        0.06363    -162.41510
	           D(3,4,5,6)      -0.32095        0.00000       -0.01211      -0.33306
	           D(3,4,7,8)     179.59681        0.00000        0.03681     179.63362
	           D(3,4,7,9)      -0.38126       -0.00000       -0.02776      -0.40902
	          D(4,3,2,10)    -179.57066       -0.00000       -0.03426    -179.60492
	          D(4,5,6,24)    -179.55642        0.00000        0.05910    -179.49733
	          D(4,7,9,25)     179.82157        0.00000        0.02971     179.85129
	          D(5,4,3,23)     178.39582       -0.00000        0.00615     178.40197
	           D(5,4,7,8)      -0.07069        0.00000        0.00517      -0.06553
	           D(5,4,7,9)    -180.04876       -0.00000       -0.05940    -180.10816
	          D(6,1,2,10)     179.84960        0.00000        0.00691     179.85652
	           D(6,5,4,7)     179.34136        0.00000        0.02002     179.36138
	          D(7,4,3,23)      -1.24753       -0.00000       -0.02779      -1.27533
	          D(8,7,9,25)      -0.15694       -0.00000       -0.03355      -0.19049
	         D(10,2,3,23)       1.56869       -0.00000       -0.02664       1.54206
	       D(10,11,12,13)       0.03057        0.00000        0.00261       0.03318
	       D(10,11,12,27)    -179.91121        0.00000       -0.00335    -179.91456
	       D(10,15,14,13)       0.67190       -0.00000        0.00967       0.68157
	       D(10,15,14,16)    -179.47591       -0.00000        0.00347    -179.47244
	       D(11,10,15,14)      -0.73779       -0.00000        0.00000      -0.73779
	       D(11,10,15,28)     179.32642       -0.00000        0.00548     179.33190
	       D(11,12,13,14)      -0.11682       -0.00000        0.00686      -0.10995
	       D(11,12,13,17)    -179.32334        0.00000       -0.02691    -179.35025
	       D(12,11,10,15)       0.39110        0.00000       -0.00612       0.38499
	       D(12,13,14,15)      -0.23213        0.00000       -0.01298      -0.24511
	       D(12,13,14,16)     179.91635        0.00000       -0.00675     179.90960
	       D(12,13,17,18)      -2.45792       -0.00000        0.10542      -2.35251
	       D(13,12,11,26)     178.89995        0.00000        0.00077     178.90072
	       D(13,14,15,28)    -179.39227       -0.00000        0.00419    -179.38808
	       D(13,17,18,19)     168.54693       -0.00000       -0.03615     168.51078
	       D(13,17,18,22)     -79.90320       -0.00000       -0.10135     -80.00456
	       D(13,17,18,29)      46.86898       -0.00000       -0.10474      46.76424
	       D(14,13,12,27)     179.82416       -0.00000        0.01290     179.83707
	       D(14,13,17,18)     178.32972        0.00000        0.07194     178.40166
	       D(15,10,11,26)    -178.44630        0.00000       -0.00426    -178.45055
	       D(15,14,13,17)     179.03844       -0.00000        0.01786     179.05630
	       D(16,14,13,17)      -0.81308       -0.00000        0.02408      -0.78900
	       D(16,14,15,28)       0.45991       -0.00000       -0.00200       0.45791
	       D(17,13,12,27)       0.61764        0.00000       -0.02087       0.59677
	       D(17,18,19,20)      77.68326       -0.00000       -0.78717      76.89610
	       D(17,18,19,30)    -164.30689       -0.00000       -0.85975    -165.16664
	       D(17,18,19,31)     -45.53215       -0.00000       -0.75830     -46.29046
	       D(17,18,22,21)     -75.72042        0.00000       -0.25169     -75.97211
	       D(17,18,22,36)      47.52827        0.00000       -0.24569      47.28258
	       D(17,18,22,37)     166.30265        0.00000       -0.29463     166.00802
	       D(18,19,20,21)      25.60354       -0.00000        1.48984      27.09338
	       D(18,19,20,32)     -93.41492        0.00000        1.66581     -91.74911
	       D(18,19,20,33)     147.72854        0.00000        1.63965     149.36820
	       D(18,22,21,20)     -21.75601       -0.00000        1.22283     -20.53318
	       D(18,22,21,34)      97.72849        0.00000        1.36700      99.09548
	       D(18,22,21,35)    -143.78583       -0.00000        1.31523    -142.47060
	       D(19,18,22,21)      37.70767        0.00000       -0.30035      37.40732
	       D(19,18,22,36)     160.95636       -0.00000       -0.29435     160.66201
	       D(19,18,22,37)     -80.26926       -0.00000       -0.34329     -80.61255
	       D(19,20,21,22)      -2.28785        0.00000       -1.66576      -3.95361
	       D(19,20,21,34)    -121.77678        0.00000       -1.84474    -123.62152
	       D(19,20,21,35)     119.07700        0.00000       -1.79973     117.27727
	       D(20,19,18,22)     -39.25757       -0.00000       -0.75563     -40.01321
	       D(20,19,18,29)    -162.62394       -0.00000       -0.74461    -163.36855
	       D(20,21,22,36)    -145.04876       -0.00000        1.22797    -143.82079
	       D(20,21,22,37)      94.52638       -0.00000        1.25981      95.78619
	       D(21,20,19,30)     -90.69238        0.00000        1.58252     -89.10987
	       D(21,20,19,31)     147.64699        0.00000        1.49514     149.14213
	       D(21,22,18,29)     160.06933        0.00000       -0.26500     159.80433
	       D(22,18,19,30)      78.75227       -0.00000       -0.82822      77.92405
	       D(22,18,19,31)    -162.47299       -0.00000       -0.72677    -163.19976
	       D(22,21,20,32)     116.57333       -0.00000       -1.89376     114.67956
	       D(22,21,20,33)    -123.98103        0.00000       -1.82184    -125.80287
	       D(26,11,12,27)      -1.04183        0.00000       -0.00518      -1.04702
	       D(29,18,19,30)     -44.61409       -0.00000       -0.81720     -45.43129
	       D(29,18,19,31)      74.16065       -0.00000       -0.71575      73.44490
	       D(29,18,22,36)     -76.68198       -0.00000       -0.25900     -76.94098
	       D(29,18,22,37)      42.09240       -0.00000       -0.30794      41.78446
	       D(30,19,20,32)     150.28916        0.00000        1.75848     152.04764
	       D(30,19,20,33)      31.43262        0.00000        1.73233      33.16495
	       D(31,19,20,32)      28.62854        0.00000        1.67111      30.29965
	       D(31,19,20,33)     -90.22800        0.00000        1.64495     -88.58305
	       D(32,20,21,34)      -2.91561       -0.00000       -2.07273      -4.98834
	       D(32,20,21,35)    -122.06182       -0.00000       -2.02773    -124.08955
	       D(33,20,21,34)     116.53004       -0.00000       -2.00081     114.52922
	       D(33,20,21,35)      -2.61617       -0.00000       -1.95581      -4.57198
	       D(34,21,22,36)     -25.56426       -0.00000        1.37214     -24.19213
	       D(34,21,22,37)    -145.98913        0.00000        1.40398    -144.58515
	       D(35,21,22,36)      92.92142       -0.00000        1.32037      94.24179
	       D(35,21,22,37)     -27.50344       -0.00000        1.35221     -26.15123
	-------------------------------------------------------------------------------

	                                 ==> Convergence Check <==                                  
    
	Measures of convergence in internal coordinates in au.
    
	Criteria marked as inactive (o), active & met (*), and active & unmet ( ).

	----------------------------------------------------------------------------------------------
	   Step    Total Energy     Delta E     Max Force     RMS Force      Max Disp      RMS Disp   
	----------------------------------------------------------------------------------------------
	  Convergence Criteria     1.00e-06 *    3.00e-04 *             o    1.20e-03 *             o
	----------------------------------------------------------------------------------------------
	    12   -1407.64307321   -1.97e-06      1.23e-04 *    2.40e-05 o    3.62e-02      1.07e-02 o  ~
	----------------------------------------------------------------------------------------------

Next Geometry in Ang 
	Fragment 1 (Ang)

	    N  -2.1638709446   2.2277490487  -0.7860538892
	    C  -1.9873872334   0.9258760322  -0.6361376371
	    C  -3.0823525856   0.0600375978  -0.7105497060
	    C  -4.3082787043   0.6315067481  -0.9634773631
	    N  -4.4734932012   1.9335191403  -1.1230666759
	    C  -3.3877489532   2.6623200984  -1.0185895756
	    C  -5.5595047307  -0.2045514804  -1.0688361771
	    O  -6.6404790052   0.2236116809  -1.2773907548
	    O  -5.3129223588  -1.5005877699  -0.8997685061
	    C  -0.6061241757   0.4501924867  -0.3784399637
	    C  -0.2304408962  -0.8728637109  -0.5504622023
	    C   1.0646574140  -1.2934152356  -0.3036149465
	    C   2.0311745031  -0.3933308099   0.1275721581
	    C   1.6511138631   0.9430228251   0.2993979281
	    C   0.3661074137   1.3562614309   0.0459868197
	   Cl   2.8244187769   2.1074433793   0.8398419559
	    O   3.3030418084  -0.6990607699   0.3788024983
	    C   3.8029474811  -2.0259444451   0.2733490106
	    C   5.3195178444  -1.9149810335   0.3499299875
	    C   5.6104493910  -1.6901231632   1.8436701105
	    C   4.4295777367  -2.3528378525   2.6007921906
	    C   3.4503605712  -2.8466325469   1.5139285476
	    H  -2.9922634408  -0.9945711110  -0.5621351488
	    H  -3.5041898710   3.7244672295  -1.1371853475
	    H  -6.1332955845  -1.9697332368  -0.9744932939
	    H  -0.9370574921  -1.6025821157  -0.8994530293
	    H   1.3127555995  -2.3253696917  -0.4507810655
	    H   0.1070683833   2.3877702178   0.1771385308
	    H   3.4646352158  -2.4661746895  -0.6572974034
	    H   5.7463174440  -2.8558496109   0.0125281972
	    H   5.6985582344  -1.1267294285  -0.2886974425
	    H   5.6440722010  -0.6288167506   2.0574303935
	    H   6.5692941258  -2.1064471155   2.1314751052
	    H   3.9445458248  -1.6326922737   3.2488758044
	    H   4.7574637973  -3.1730194336   3.2296145836
	    H   2.4115708771  -2.7476176171   1.8053190014
	    H   3.6255094172  -3.8952785980   1.2878717240


    Structure for next step:
    Molecular point group: c1
    Full point group: C1

    Geometry (in Angstrom), charge = 0, multiplicity = 1:

    N           -2.164429780777     2.227770656494    -0.786100737651
    C           -1.987946069535     0.925897639980    -0.636184485600
    C           -3.082911421748     0.060059205586    -0.710596554513
    C           -4.308837540474     0.631528355877    -0.963524211599
    N           -4.474052037299     1.933540748053    -1.123113524376
    C           -3.388307789293     2.662341706151    -1.018636424063
    C           -5.560063566878    -0.204529872625    -1.068883025548
    O           -6.641037841370     0.223633288707    -1.277437603247
    O           -5.313481194906    -1.500566162098    -0.899815354565
    C           -0.606683011869     0.450214094441    -0.378486812173
    C           -0.230999732295    -0.872842103127    -0.550509050739
    C            1.064098577818    -1.293393627870    -0.303661794967
    C            2.030615666926    -0.393309202146     0.127525309613
    C            1.650555026975     0.943044432894     0.299351079621
    C            0.365548577576     1.356283038619     0.045939971230
    CL           2.823859940796     2.107464987063     0.839795107442
    O            3.302482972295    -0.699039162145     0.378755649854
    C            3.802388644938    -2.025922837360     0.273302162162
    C            5.318959008226    -1.914959425719     0.349883139055
    C            5.609890554855    -1.690101555445     1.843623262067
    C            4.429018900600    -2.352816244701     2.600745342141
    C            3.449801735087    -2.846610939182     1.513881699120
    H           -2.992822276945    -0.994549503228    -0.562181997241
    H           -3.504748707128     3.724488837256    -1.137232195991
    H           -6.133854420677    -1.969711629029    -0.974540142387
    H           -0.937616328258    -1.602560507968    -0.899499877721
    H            1.312196763362    -2.325348083944    -0.450827913944
    H            0.106509547115     2.387791825598     0.177091682359
    H            3.464076379681    -2.466153081737    -0.657344251895
    H            5.745758607835    -2.855828003150     0.012481348728
    H            5.697999398253    -1.126707820751    -0.288744290957
    H            5.643513364829    -0.628795142869     2.057383545036
    H            6.568735289665    -2.106425507718     2.131428256724
    H            3.943986988662    -1.632670665910     3.248828955946
    H            4.756904961173    -3.172997825814     3.229567735175
    H            2.411012040968    -2.747596009339     1.805272152937
    H            3.624950581108    -3.895256990262     1.287824875542


Scratch directory: /tmp/
gradient() will perform analytic gradient computation.
   => Libint2 <=

    Primary   basis highest AM E, G, H:  6, 6, 3
    Auxiliary basis highest AM E, G, H:  7, 7, 4
    Onebody   basis highest AM E, G, H:  -, -, -
    Solid Harmonics ordering:            Gaussian

*** tstart() called on gunsnroses
*** at Thu Jan 23 19:50:02 2025

   => Loading Basis Set <=

    Name: 6-31G**
    Role: ORBITAL
    Keyword: BASIS
    atoms 1, 5                   entry N          line   132 file /home/joaopedroval/miniforge3/envs/PubChem/share/psi4/basis/6-31gss.gbs 
    atoms 2-4, 6-7, 10-15, 18-22 entry C          line   115 file /home/joaopedroval/miniforge3/envs/PubChem/share/psi4/basis/6-31gss.gbs 
    atoms 8-9, 17                entry O          line   149 file /home/joaopedroval/miniforge3/envs/PubChem/share/psi4/basis/6-31gss.gbs 
    atoms 16                     entry CL         line   344 file /home/joaopedroval/miniforge3/envs/PubChem/share/psi4/basis/6-31gss.gbs 
    atoms 23-37                  entry H          line    44 file /home/joaopedroval/miniforge3/envs/PubChem/share/psi4/basis/6-31gss.gbs 


         ---------------------------------------------------------
                                   SCF
               by Justin Turney, Rob Parrish, Andy Simmonett
                          and Daniel G. A. Smith
                              RHF Reference
                        8 Threads,  22888 MiB Core
         ---------------------------------------------------------

  ==> Geometry <==

    Molecular point group: c1
    Full point group: C1

    Geometry (in Angstrom), charge = 0, multiplicity = 1:

       Center              X                  Y                   Z               Mass       
    ------------   -----------------  -----------------  -----------------  -----------------
         N           -2.164429780777     2.227770656494    -0.786100737651    14.003074004430
         C           -1.987946069535     0.925897639980    -0.636184485600    12.000000000000
         C           -3.082911421748     0.060059205586    -0.710596554513    12.000000000000
         C           -4.308837540474     0.631528355877    -0.963524211599    12.000000000000
         N           -4.474052037299     1.933540748053    -1.123113524376    14.003074004430
         C           -3.388307789293     2.662341706151    -1.018636424063    12.000000000000
         C           -5.560063566878    -0.204529872625    -1.068883025548    12.000000000000
         O           -6.641037841370     0.223633288707    -1.277437603247    15.994914619570
         O           -5.313481194906    -1.500566162098    -0.899815354565    15.994914619570
         C           -0.606683011869     0.450214094441    -0.378486812173    12.000000000000
         C           -0.230999732295    -0.872842103127    -0.550509050739    12.000000000000
         C            1.064098577818    -1.293393627870    -0.303661794967    12.000000000000
         C            2.030615666926    -0.393309202146     0.127525309613    12.000000000000
         C            1.650555026975     0.943044432894     0.299351079621    12.000000000000
         C            0.365548577576     1.356283038619     0.045939971230    12.000000000000
         CL           2.823859940796     2.107464987063     0.839795107442    34.968852682000
         O            3.302482972295    -0.699039162145     0.378755649854    15.994914619570
         C            3.802388644938    -2.025922837360     0.273302162162    12.000000000000
         C            5.318959008226    -1.914959425719     0.349883139055    12.000000000000
         C            5.609890554855    -1.690101555445     1.843623262067    12.000000000000
         C            4.429018900600    -2.352816244701     2.600745342141    12.000000000000
         C            3.449801735087    -2.846610939182     1.513881699120    12.000000000000
         H           -2.992822276945    -0.994549503228    -0.562181997241     1.007825032230
         H           -3.504748707128     3.724488837256    -1.137232195991     1.007825032230
         H           -6.133854420677    -1.969711629029    -0.974540142387     1.007825032230
         H           -0.937616328258    -1.602560507968    -0.899499877721     1.007825032230
         H            1.312196763362    -2.325348083944    -0.450827913944     1.007825032230
         H            0.106509547115     2.387791825598     0.177091682359     1.007825032230
         H            3.464076379681    -2.466153081737    -0.657344251895     1.007825032230
         H            5.745758607835    -2.855828003150     0.012481348728     1.007825032230
         H            5.697999398253    -1.126707820751    -0.288744290957     1.007825032230
         H            5.643513364829    -0.628795142869     2.057383545036     1.007825032230
         H            6.568735289665    -2.106425507718     2.131428256724     1.007825032230
         H            3.943986988662    -1.632670665910     3.248828955946     1.007825032230
         H            4.756904961173    -3.172997825814     3.229567735175     1.007825032230
         H            2.411012040968    -2.747596009339     1.805272152937     1.007825032230
         H            3.624950581108    -3.895256990262     1.287824875542     1.007825032230

  Running in c1 symmetry.

  Rotational constants: A =      0.02076  B =      0.00339  C =      0.00300 [cm^-1]
  Rotational constants: A =    622.47637  B =    101.60189  C =     89.96495 [MHz]
  Nuclear repulsion = 1808.207236929363262

  Charge       = 0
  Multiplicity = 1
  Electrons    = 166
  Nalpha       = 83
  Nbeta        = 83

  ==> Algorithm <==

  SCF Algorithm Type is DF.
  DIIS enabled.
  MOM disabled.
  Fractional occupation disabled.
  Guess Type is READ.
  Energy threshold   = 1.00e-08
  Density threshold  = 1.00e-08
  Integral threshold = 1.00e-12

  ==> Primary Basis <==

  Basis Set: 6-31G**
    Blend: 6-31G**
    Number of shells: 179
    Number of basis functions: 409
    Number of Cartesian functions: 409
    Spherical Harmonics?: false
    Max angular momentum: 2

   => Loading Basis Set <=

    Name: (6-31G** AUX)
    Role: JKFIT
    Keyword: DF_BASIS_SCF
    atoms 1, 5                   entry N          line   171 file /home/joaopedroval/miniforge3/envs/PubChem/share/psi4/basis/cc-pvdz-jkfit.gbs 
    atoms 2-4, 6-7, 10-15, 18-22 entry C          line   121 file /home/joaopedroval/miniforge3/envs/PubChem/share/psi4/basis/cc-pvdz-jkfit.gbs 
    atoms 8-9, 17                entry O          line   221 file /home/joaopedroval/miniforge3/envs/PubChem/share/psi4/basis/cc-pvdz-jkfit.gbs 
    atoms 16                     entry CL         line   667 file /home/joaopedroval/miniforge3/envs/PubChem/share/psi4/basis/cc-pvdz-jkfit.gbs 
    atoms 23-37                  entry H          line    51 file /home/joaopedroval/miniforge3/envs/PubChem/share/psi4/basis/cc-pvdz-jkfit.gbs 

   => Loading Basis Set <=

    Name: 6-31G**
    Role: ORBITAL
    Keyword: BASIS
    atoms 1, 5                   entry N          line   132 file /home/joaopedroval/miniforge3/envs/PubChem/share/psi4/basis/6-31gss.gbs 
    atoms 2-4, 6-7, 10-15, 18-22 entry C          line   115 file /home/joaopedroval/miniforge3/envs/PubChem/share/psi4/basis/6-31gss.gbs 
    atoms 8-9, 17                entry O          line   149 file /home/joaopedroval/miniforge3/envs/PubChem/share/psi4/basis/6-31gss.gbs 
    atoms 16                     entry CL         line   344 file /home/joaopedroval/miniforge3/envs/PubChem/share/psi4/basis/6-31gss.gbs 
    atoms 23-37                  entry H          line    44 file /home/joaopedroval/miniforge3/envs/PubChem/share/psi4/basis/6-31gss.gbs 

  Reading orbitals from file /tmp/stdout.default.8009.180.npy, no projection.

  ==> Integral Setup <==

  DFHelper Memory: AOs need 1.742 GiB; user supplied 16.764 GiB. 
  Using in-core AOs.

  ==> MemDFJK: Density-Fitted J/K Matrices <==

    J tasked:                   Yes
    K tasked:                   Yes
    wK tasked:                   No
    OpenMP threads:               8
    Memory [MiB]:             17166
    Algorithm:                 Core
    Schwarz Cutoff:           1E-12
    Mask sparsity (%):      39.6746
    Fitting Condition:        1E-10

   => Auxiliary Basis Set <=

  Basis Set: (6-31G** AUX)
    Blend: CC-PVDZ-JKFIT
    Number of shells: 675
    Number of basis functions: 2206
    Number of Cartesian functions: 2206
    Spherical Harmonics?: false
    Max angular momentum: 3

  Minimum eigenvalue in the overlap matrix is 3.5531837522E-04.
  Reciprocal condition number of the overlap matrix is 4.4164822289E-05.
    Using symmetric orthogonalization.

  ==> Pre-Iterations <==

  SCF Guess: Orbitals guess was supplied from a previous computation.

   -------------------------------------------------------
    Irrep   Nso     Nmo     Nalpha   Nbeta   Ndocc  Nsocc
   -------------------------------------------------------
     A        409     409      83      83      83       0
   -------------------------------------------------------
    Total     409     409      83      83      83       0
   -------------------------------------------------------

  ==> Iterations <==

                           Total Energy        Delta E     RMS |[F,P]|

   @DF-RHF iter   0: -1407.64228767351642   -1.40764e+03   6.93756e-05 
   @DF-RHF iter   1: -1407.64303398643096   -7.46313e-04   1.49031e-05 DIIS
   @DF-RHF iter   2: -1407.64306903669944   -3.50503e-05   4.87832e-06 DIIS
   @DF-RHF iter   3: -1407.64307370680694   -4.67011e-06   1.17823e-06 DIIS
   @DF-RHF iter   4: -1407.64307385333359   -1.46527e-07   2.42198e-07 DIIS
   @DF-RHF iter   5: -1407.64307386444898   -1.11154e-08   9.04290e-08 DIIS
   @DF-RHF iter   6: -1407.64307386535734   -9.08358e-10   2.92633e-08 DIIS
   @DF-RHF iter   7: -1407.64307386549831   -1.40972e-10   8.82227e-09 DIIS
  Energy and wave function converged.


  ==> Post-Iterations <==

    Orbital Energies [Eh]
    ---------------------

    Doubly Occupied:                                                      

       1A   -104.822839     2A    -20.630945     3A    -20.603471  
       4A    -20.567428     5A    -15.581771     6A    -15.580832  
       7A    -11.399267     8A    -11.329884     9A    -11.318201  
      10A    -11.318134    11A    -11.313604    12A    -11.299597  
      13A    -11.298021    14A    -11.263475    15A    -11.260067  
      16A    -11.258109    17A    -11.255802    18A    -11.249013  
      19A    -11.230512    20A    -11.226667    21A    -11.223556  
      22A    -11.220794    23A    -10.555810    24A     -8.025273  
      25A     -8.021849    26A     -8.021816    27A     -1.493728  
      28A     -1.438209    29A     -1.384871    30A     -1.336458  
      31A     -1.223574    32A     -1.193788    33A     -1.134460  
      34A     -1.128507    35A     -1.098032    36A     -1.040571  
      37A     -1.011283    38A     -0.980448    39A     -0.977759  
      40A     -0.948138    41A     -0.913998    42A     -0.874926  
      43A     -0.851711    44A     -0.816898    45A     -0.793243  
      46A     -0.788835    47A     -0.754313    48A     -0.736712  
      49A     -0.729728    50A     -0.706009    51A     -0.687723  
      52A     -0.675546    53A     -0.669860    54A     -0.664065  
      55A     -0.655302    56A     -0.647292    57A     -0.635782  
      58A     -0.628833    59A     -0.617184    60A     -0.597695  
      61A     -0.595252    62A     -0.590703    63A     -0.579607  
      64A     -0.562845    65A     -0.552150    66A     -0.532873  
      67A     -0.525676    68A     -0.505608    69A     -0.497835  
      70A     -0.490148    71A     -0.481400    72A     -0.478944  
      73A     -0.476609    74A     -0.474814    75A     -0.472294  
      76A     -0.465246    77A     -0.459228    78A     -0.447385  
      79A     -0.428472    80A     -0.421299    81A     -0.391310  
      82A     -0.349402    83A     -0.313133  

    Virtual:                                                              

      84A      0.059058    85A      0.090782    86A      0.123355  
      87A      0.169562    88A      0.203061    89A      0.214139  
      90A      0.221464    91A      0.238776    92A      0.242717  
      93A      0.243328    94A      0.265503    95A      0.290703  
      96A      0.291124    97A      0.295173    98A      0.311895  
      99A      0.318808   100A      0.321108   101A      0.324620  
     102A      0.335038   103A      0.338150   104A      0.345816  
     105A      0.350060   106A      0.361672   107A      0.380614  
     108A      0.388738   109A      0.396903   110A      0.406842  
     111A      0.411490   112A      0.416863   113A      0.432073  
     114A      0.448303   115A      0.453931   116A      0.467868  
     117A      0.486617   118A      0.495762   119A      0.504575  
     120A      0.507821   121A      0.516690   122A      0.523597  
     123A      0.539929   124A      0.568321   125A      0.585717  
     126A      0.594607   127A      0.628277   128A      0.638620  
     129A      0.641954   130A      0.656660   131A      0.667936  
     132A      0.694246   133A      0.710308   134A      0.711782  
     135A      0.727277   136A      0.736690   137A      0.738115  
     138A      0.745739   139A      0.749374   140A      0.751313  
     141A      0.759523   142A      0.764645   143A      0.779117  
     144A      0.789928   145A      0.801763   146A      0.807192  
     147A      0.813766   148A      0.825603   149A      0.828456  
     150A      0.843096   151A      0.852089   152A      0.859637  
     153A      0.875591   154A      0.885595   155A      0.890826  
     156A      0.892214   157A      0.902224   158A      0.918322  
     159A      0.923583   160A      0.929932   161A      0.937543  
     162A      0.939106   163A      0.949062   164A      0.953989  
     165A      0.960882   166A      0.966773   167A      0.981938  
     168A      0.989619   169A      1.014642   170A      1.022549  
     171A      1.025596   172A      1.032456   173A      1.039357  
     174A      1.047744   175A      1.060039   176A      1.069120  
     177A      1.073034   178A      1.078317   179A      1.081682  
     180A      1.087688   181A      1.104182   182A      1.112974  
     183A      1.120977   184A      1.126867   185A      1.129510  
     186A      1.137225   187A      1.142022   188A      1.151715  
     189A      1.154130   190A      1.157466   191A      1.161945  
     192A      1.165079   193A      1.169923   194A      1.178032  
     195A      1.189672   196A      1.195036   197A      1.199210  
     198A      1.205153   199A      1.213340   200A      1.217237  
     201A      1.223544   202A      1.236992   203A      1.258308  
     204A      1.277188   205A      1.302394   206A      1.305757  
     207A      1.315713   208A      1.331906   209A      1.351000  
     210A      1.365952   211A      1.373830   212A      1.404602  
     213A      1.421972   214A      1.434560   215A      1.444628  
     216A      1.458229   217A      1.465510   218A      1.476063  
     219A      1.501085   220A      1.503360   221A      1.508903  
     222A      1.532696   223A      1.540033   224A      1.554760  
     225A      1.563880   226A      1.589768   227A      1.614633  
     228A      1.627823   229A      1.636757   230A      1.643988  
     231A      1.653211   232A      1.658048   233A      1.669976  
     234A      1.683951   235A      1.700192   236A      1.707264  
     237A      1.724432   238A      1.737365   239A      1.770744  
     240A      1.774408   241A      1.794224   242A      1.804297  
     243A      1.808286   244A      1.820283   245A      1.831743  
     246A      1.840180   247A      1.866986   248A      1.897816  
     249A      1.921515   250A      1.927125   251A      1.939489  
     252A      1.946486   253A      1.982894   254A      2.008446  
     255A      2.026651   256A      2.032728   257A      2.042401  
     258A      2.054453   259A      2.057006   260A      2.066854  
     261A      2.074984   262A      2.098231   263A      2.102527  
     264A      2.122085   265A      2.140399   266A      2.152930  
     267A      2.164233   268A      2.166675   269A      2.180135  
     270A      2.186698   271A      2.209562   272A      2.213682  
     273A      2.224071   274A      2.237944   275A      2.255729  
     276A      2.266707   277A      2.274704   278A      2.275311  
     279A      2.290239   280A      2.297959   281A      2.310029  
     282A      2.323674   283A      2.325298   284A      2.340085  
     285A      2.349682   286A      2.367978   287A      2.382098  
     288A      2.391784   289A      2.405269   290A      2.410016  
     291A      2.423324   292A      2.443562   293A      2.470287  
     294A      2.489598   295A      2.503532   296A      2.505956  
     297A      2.524139   298A      2.547926   299A      2.559378  
     300A      2.579136   301A      2.586555   302A      2.594936  
     303A      2.606458   304A      2.610226   305A      2.616819  
     306A      2.625659   307A      2.636328   308A      2.649225  
     309A      2.660236   310A      2.662512   311A      2.679422  
     312A      2.685115   313A      2.696791   314A      2.704450  
     315A      2.722415   316A      2.736563   317A      2.743493  
     318A      2.746047   319A      2.763653   320A      2.785400  
     321A      2.807266   322A      2.818742   323A      2.826564  
     324A      2.836076   325A      2.849828   326A      2.859844  
     327A      2.864328   328A      2.881042   329A      2.883442  
     330A      2.889795   331A      2.896588   332A      2.901696  
     333A      2.911301   334A      2.917906   335A      2.947405  
     336A      2.965926   337A      2.969874   338A      2.979845  
     339A      3.000922   340A      3.013324   341A      3.041218  
     342A      3.044869   343A      3.066367   344A      3.074461  
     345A      3.087111   346A      3.090006   347A      3.096443  
     348A      3.125182   349A      3.126888   350A      3.132997  
     351A      3.134495   352A      3.145246   353A      3.176878  
     354A      3.195789   355A      3.205099   356A      3.220216  
     357A      3.251187   358A      3.258402   359A      3.279645  
     360A      3.287759   361A      3.322961   362A      3.352579  
     363A      3.372148   364A      3.410218   365A      3.445643  
     366A      3.477131   367A      3.544184   368A      3.566116  
     369A      3.573005   370A      3.598526   371A      3.622299  
     372A      3.660082   373A      3.674161   374A      3.677940  
     375A      3.693165   376A      3.744321   377A      3.764339  
     378A      3.774700   379A      3.831382   380A      3.839658  
     381A      3.855653   382A      3.863421   383A      3.873269  
     384A      3.913008   385A      3.974990   386A      4.061395  
     387A      4.184859   388A      4.372940   389A      4.467088  
     390A      4.490349   391A      4.524609   392A      4.552484  
     393A      4.554243   394A      4.576759   395A      4.659019  
     396A      4.709045   397A      4.763820   398A      4.783570  
     399A      4.809654   400A      4.826642   401A      4.843549  
     402A      4.875991   403A      4.911861   404A      5.018017  
     405A      5.082624   406A      5.161694   407A      5.191794  
     408A      5.233271   409A      5.292962  

    Final Occupation by Irrep:
              A 
    DOCC [    83 ]
    NA   [    83 ]
    NB   [    83 ]

  @DF-RHF Final Energy: -1407.64307386549831

   => Energetics <=

    Nuclear Repulsion Energy =           1808.2072369293632619
    One-Electron Energy =               -5522.0917133075108723
    Two-Electron Energy =                2306.2414025126495289
    Total Energy =                      -1407.6430738654980814

Computation Completed


Properties will be evaluated at   0.000000,   0.000000,   0.000000 [a0]

Properties computed using the SCF density matrix


 Multipole Moments:

 ------------------------------------------------------------------------------------
     Multipole            Electronic (a.u.)      Nuclear  (a.u.)        Total (a.u.)
 ------------------------------------------------------------------------------------

 L = 1.  Multiply by 2.5417464519 to convert [e a0] to [Debye]
 Dipole X            :        -24.2692561           25.2416866            0.9724305
 Dipole Y            :         19.7384437          -22.0242209           -2.2857772
 Dipole Z            :         -7.5038883            7.6461419            0.1422536
 Magnitude           :                                                    2.4880986

 ------------------------------------------------------------------------------------

*** tstop() called on gunsnroses at Thu Jan 23 19:50:18 2025
Module time:
	user time   =     103.65 seconds =       1.73 minutes
	system time =       5.25 seconds =       0.09 minutes
	total time  =         16 seconds =       0.27 minutes
Total time:
	user time   =    2228.54 seconds =      37.14 minutes
	system time =     135.76 seconds =       2.26 minutes
	total time  =        397 seconds =       6.62 minutes

*** tstart() called on gunsnroses
*** at Thu Jan 23 19:50:18 2025


         ------------------------------------------------------------
                                   SCF GRAD                          
                          Rob Parrish, Justin Turney,                
                       Andy Simmonett, and Alex Sokolov              
         ------------------------------------------------------------

  ==> Geometry <==

    Molecular point group: c1
    Full point group: C1

    Geometry (in Angstrom), charge = 0, multiplicity = 1:

       Center              X                  Y                   Z               Mass       
    ------------   -----------------  -----------------  -----------------  -----------------
         N           -2.164429780777     2.227770656494    -0.786100737651    14.003074004430
         C           -1.987946069535     0.925897639980    -0.636184485600    12.000000000000
         C           -3.082911421748     0.060059205586    -0.710596554513    12.000000000000
         C           -4.308837540474     0.631528355877    -0.963524211599    12.000000000000
         N           -4.474052037299     1.933540748053    -1.123113524376    14.003074004430
         C           -3.388307789293     2.662341706151    -1.018636424063    12.000000000000
         C           -5.560063566878    -0.204529872625    -1.068883025548    12.000000000000
         O           -6.641037841370     0.223633288707    -1.277437603247    15.994914619570
         O           -5.313481194906    -1.500566162098    -0.899815354565    15.994914619570
         C           -0.606683011869     0.450214094441    -0.378486812173    12.000000000000
         C           -0.230999732295    -0.872842103127    -0.550509050739    12.000000000000
         C            1.064098577818    -1.293393627870    -0.303661794967    12.000000000000
         C            2.030615666926    -0.393309202146     0.127525309613    12.000000000000
         C            1.650555026975     0.943044432894     0.299351079621    12.000000000000
         C            0.365548577576     1.356283038619     0.045939971230    12.000000000000
         CL           2.823859940796     2.107464987063     0.839795107442    34.968852682000
         O            3.302482972295    -0.699039162145     0.378755649854    15.994914619570
         C            3.802388644938    -2.025922837360     0.273302162162    12.000000000000
         C            5.318959008226    -1.914959425719     0.349883139055    12.000000000000
         C            5.609890554855    -1.690101555445     1.843623262067    12.000000000000
         C            4.429018900600    -2.352816244701     2.600745342141    12.000000000000
         C            3.449801735087    -2.846610939182     1.513881699120    12.000000000000
         H           -2.992822276945    -0.994549503228    -0.562181997241     1.007825032230
         H           -3.504748707128     3.724488837256    -1.137232195991     1.007825032230
         H           -6.133854420677    -1.969711629029    -0.974540142387     1.007825032230
         H           -0.937616328258    -1.602560507968    -0.899499877721     1.007825032230
         H            1.312196763362    -2.325348083944    -0.450827913944     1.007825032230
         H            0.106509547115     2.387791825598     0.177091682359     1.007825032230
         H            3.464076379681    -2.466153081737    -0.657344251895     1.007825032230
         H            5.745758607835    -2.855828003150     0.012481348728     1.007825032230
         H            5.697999398253    -1.126707820751    -0.288744290957     1.007825032230
         H            5.643513364829    -0.628795142869     2.057383545036     1.007825032230
         H            6.568735289665    -2.106425507718     2.131428256724     1.007825032230
         H            3.943986988662    -1.632670665910     3.248828955946     1.007825032230
         H            4.756904961173    -3.172997825814     3.229567735175     1.007825032230
         H            2.411012040968    -2.747596009339     1.805272152937     1.007825032230
         H            3.624950581108    -3.895256990262     1.287824875542     1.007825032230

  Nuclear repulsion = 1808.207236929363262

  ==> Basis Set <==

  Basis Set: 6-31G**
    Blend: 6-31G**
    Number of shells: 179
    Number of basis functions: 409
    Number of Cartesian functions: 409
    Spherical Harmonics?: false
    Max angular momentum: 2

  ==> DFJKGrad: Density-Fitted SCF Gradients <==

    Gradient:                    1
    J tasked:                  Yes
    K tasked:                  Yes
    wK tasked:                  No
    OpenMP threads:              8
    Integrals threads:           8
    Memory [MiB]:            17166
    Schwarz Cutoff:          1E-12
    Fitting Condition:       1E-10

   => Auxiliary Basis Set <=

  Basis Set: (6-31G** AUX)
    Blend: CC-PVDZ-JKFIT
    Number of shells: 675
    Number of basis functions: 2206
    Number of Cartesian functions: 2206
    Spherical Harmonics?: false
    Max angular momentum: 3


  -Total Gradient:
     Atom            X                  Y                   Z
    ------   -----------------  -----------------  -----------------
       1       -0.000008880390    -0.000003423029    -0.000004771957
       2        0.000000413010     0.000007720588     0.000041084264
       3        0.000007545887     0.000000145058    -0.000030564287
       4       -0.000007723112     0.000000938102     0.000076066671
       5        0.000008103787     0.000004995888    -0.000025246640
       6        0.000000142408    -0.000002146335    -0.000022174872
       7        0.000004053295     0.000002189821    -0.000014763962
       8        0.000002983529    -0.000005040430    -0.000001244937
       9       -0.000002937876     0.000001490949    -0.000004814415
      10       -0.000001373625     0.000006981271    -0.000038944374
      11        0.000004064093    -0.000003902175     0.000033170800
      12        0.000049009159     0.000014850614     0.000033381437
      13        0.000045238739     0.000013350746    -0.000144499467
      14       -0.000035770234     0.000010901976     0.000053245556
      15        0.000010757289     0.000015879644     0.000014178885
      16       -0.000004878115     0.000014386200     0.000005707016
      17       -0.000024052773    -0.000093265220     0.000100070870
      18       -0.000027156387     0.000197433013     0.000056455666
      19        0.000072754785    -0.000278417365    -0.000027745153
      20       -0.000037867231     0.000160528373    -0.000045567789
      21       -0.000058350720    -0.000008130492     0.000011018200
      22        0.000034631670    -0.000039121427    -0.000052414059
      23        0.000004321284    -0.000005555068    -0.000008756494
      24       -0.000000166416     0.000000704226     0.000008858717
      25       -0.000002509895    -0.000003024511     0.000001224659
      26        0.000000253227    -0.000005466837    -0.000000830543
      27        0.000024957092    -0.000042745034     0.000015834638
      28        0.000001054319    -0.000003448686     0.000001793279
      29       -0.000045259213    -0.000010798517     0.000017958829
      30        0.000015168338     0.000042051384    -0.000012829684
      31       -0.000011548612    -0.000015309773    -0.000022153056
      32        0.000050874011    -0.000006394213     0.000026299148
      33        0.000017392124     0.000045510617    -0.000008832872
      34        0.000004836732    -0.000033972520     0.000005812286
      35       -0.000030984390     0.000022110956     0.000009371693
      36       -0.000063837405    -0.000010495103    -0.000030800554
      37        0.000004741648     0.000008487302    -0.000014577499


*** tstop() called on gunsnroses at Thu Jan 23 19:50:29 2025
Module time:
	user time   =      48.06 seconds =       0.80 minutes
	system time =       4.10 seconds =       0.07 minutes
	total time  =         11 seconds =       0.18 minutes
Total time:
	user time   =    2276.61 seconds =      37.94 minutes
	system time =     139.86 seconds =       2.33 minutes
	total time  =        408 seconds =       6.80 minutes

    			-----------------------------------------

    			 OPTKING 3.0: for geometry optimizations 

    			     By R.A. King, Bethel University     

    			        with contributions from          

    			    A.V. Copan, J. Cayton, A. Heide      

    			-----------------------------------------

    
	                            ===> Fragment 1 <== 

	 Z (Atomic Numbers)          Masses                          Geom                  
	       7.000000            14.003074         -4.09017950  4.20987641 -1.48551510   
	       6.000000            12.000000         -3.75667362  1.74969296 -1.20221444   
	       6.000000            12.000000         -5.82585826  0.11349545 -1.34283287   
	       6.000000            12.000000         -8.14252287  1.19341563 -1.82079688   
	       7.000000            14.003074         -8.45473302  3.65386247 -2.12237697   
	       6.000000            12.000000         -6.40297375  5.03109668 -1.92494386   
	       6.000000            12.000000        -10.50699738  -0.38650544  -2.01989618 
	       8.000000            15.994915        -12.54974271   0.42260567  -2.41400721 
	       8.000000            15.994915        -10.04102423  -2.83565908  -1.70040458 
	       6.000000            12.000000         -1.14646474  0.85078134 -0.71523642   
	       6.000000            12.000000         -0.43652623 -1.64943253 -1.04031134   
	       6.000000            12.000000          2.01085488 -2.44415973 -0.57383763   
	       6.000000            12.000000          3.83730748 -0.74324667  0.24098791   
	       6.000000            12.000000          3.11909696  1.78209570  0.56569156   
	       6.000000            12.000000          0.69078670  2.56300349  0.08681396   
	      17.000000            34.968853          5.33632190  3.98253164  1.58698275   
	       8.000000            15.994915          6.24078835 -1.32099257  0.71574445   
	       6.000000            12.000000          7.18547316 -3.82843931  0.51646624   
	       6.000000            12.000000         10.05137580 -3.61874886  0.66118331   
	       6.000000            12.000000         10.60115674 -3.19382906  3.48394304   
	       6.000000            12.000000          8.36963273 -4.44617833  4.91469642   
	       6.000000            12.000000          6.51918047 -5.37931506  2.86082180   
	       1.000000             1.007825         -5.65561445 -1.87942618 -1.06237001   
	       1.000000             1.007825         -6.62301520  7.03826386 -2.14905739   
	       1.000000             1.007825        -11.59130495  -3.72221552  -1.84161397 
	       1.000000             1.007825         -1.77183807 -3.02840046 -1.69980842   
	       1.000000             1.007825          2.47969251 -4.39427103 -0.85194129   
	       1.000000             1.007825          0.20127387  4.51227259  0.33465478   
	       1.000000             1.007825          6.54615564 -4.66035391 -1.24220061   
	       1.000000             1.007825         10.85791015 -5.39673279  0.02358633   
	       1.000000             1.007825         10.76765833 -2.12916920 -0.54564763   
	       1.000000             1.007825         10.66469464 -1.18825061  3.88789144   
	       1.000000             1.007825         12.41311069 -3.98056731  4.02781566   
	       1.000000             1.007825          7.45305525 -3.08530041  6.13939696   
	       1.000000             1.007825          8.98924758 -5.99609689  6.10299852   
	       1.000000             1.007825          4.55615244 -5.19220396  3.41146995   
	       1.000000             1.007825          6.85016382 -7.36096890  2.43363631   

	 - Coordinate -           - BOHR/RAD -       - ANG/DEG -
	 H(5,24)          =         3.848386           2.036478
	 H(8,25)          =         4.292526           2.271507
	 R(1,2)           =         2.498797           1.322307
	 R(1,6)           =         2.493295           1.319395
	 R(2,3)           =         2.641674           1.397914
	 R(2,10)          =         2.803280           1.483432
	 R(3,4)           =         2.600310           1.376025
	 R(3,23)          =         2.019747           1.068804
	 R(4,5)           =         2.498444           1.322120
	 R(4,7)           =         2.850707           1.508529
	 R(5,6)           =         2.479006           1.311833
	 R(6,24)          =         2.031592           1.075072
	 R(7,8)           =         2.232217           1.181238
	 R(7,9)           =         2.513476           1.330074
	 R(9,25)          =         1.791450           0.947994
	 R(10,11)         =         2.619304           1.386076
	 R(10,15)         =         2.636377           1.395110
	 R(11,12)         =         2.615122           1.383863
	 R(11,26)         =         2.029667           1.074053
	 R(12,13)         =         2.625448           1.389327
	 R(12,27)         =         2.024867           1.071513
	 R(13,14)         =         2.645489           1.399933
	 R(13,17)         =         2.517122           1.332004
	 R(14,15)         =         2.595348           1.373399
	 R(14,16)         =         3.286494           1.739138
	 R(15,28)         =         2.025018           1.071593
	 R(17,18)         =         2.686900           1.421846
	 R(18,19)         =         2.877205           1.522552
	 R(18,22)         =         2.888800           1.528687
	 R(18,29)         =         2.047857           1.083679
	 R(19,20)         =         2.907024           1.538331
	 R(19,30)         =         2.053839           1.086845
	 R(19,31)         =         2.046546           1.082985
	 R(20,21)         =         2.931746           1.551413
	 R(20,32)         =         2.046841           1.083141
	 R(20,33)         =         2.048885           1.084223
	 R(21,22)         =         2.917759           1.544012
	 R(21,34)         =         2.047436           1.083456
	 R(21,35)         =         2.048959           1.084262
	 R(22,36)         =         2.047365           1.083419
	 R(22,37)         =         2.054018           1.086939
	 B(1,2,3)         =         2.093507         119.949095
	 B(1,2,10)        =         2.048429         117.366358
	 B(1,6,5)         =         2.212783         126.783125
	 B(1,6,24)        =         2.032331         116.443994
	 B(2,1,6)         =         2.057899         117.908944
	 B(2,3,4)         =         2.038006         116.769164
	 B(2,3,23)        =         2.138548         122.529798
	 B(2,10,11)       =         2.137553         122.472755
	 B(2,10,15)       =         2.086881         119.569473
	 B(3,2,10)        =         2.141201         122.681755
	 B(3,4,5)         =         2.144214         122.854416
	 B(3,4,7)         =         2.119552         121.441379
	 B(4,3,23)        =         2.106455         120.690988
	 B(4,5,6)         =         2.019804         115.726217
	 B(4,7,8)         =         2.177880         124.783312
	 B(4,7,9)         =         1.957774         112.172184
	 B(5,4,7)         =         2.019407         115.703482
	 B(5,6,24)        =         2.038067         116.772634
	 B(7,9,25)        =         1.887847         108.165681
	 B(8,7,9)         =         2.147531         123.044490
	 B(10,11,12)      =         2.119519         121.439472
	 B(10,11,26)      =         2.106592         120.698803
	 B(10,15,14)      =         2.109184         120.847333
	 B(10,15,28)      =         2.087412         119.599900
	 B(11,10,15)      =         2.058732         117.956680
	 B(11,12,13)      =         2.105434         120.632468
	 B(11,12,27)      =         2.077007         119.003754
	 B(12,11,26)      =         2.056904         117.851907
	 B(12,13,14)      =         2.057440         117.882613
	 B(12,13,17)      =         2.182303         125.036742
	 B(13,12,27)      =         2.100744         120.363757
	 B(13,14,15)      =         2.115995         121.237556
	 B(13,14,16)      =         2.087614         119.611497
	 B(13,17,18)      =         2.136398         122.406592
	 B(14,13,17)      =         2.043371         117.076552
	 B(14,15,28)      =         2.086589         119.552731
	 B(15,14,16)      =         2.079573         119.150768
	 B(17,18,19)      =         1.852992         106.168622
	 B(17,18,22)      =         1.938765         111.083053
	 B(17,18,29)      =         1.910318         109.453144
	 B(18,19,20)      =         1.821279         104.351584
	 B(18,19,30)      =         1.888565         108.206793
	 B(18,19,31)      =         1.951966         111.839414
	 B(18,22,21)      =         1.826870         104.671960
	 B(18,22,36)      =         1.971805         112.976106
	 B(18,22,37)      =         1.888093         108.179748
	 B(19,18,22)      =         1.800869         103.182217
	 B(19,18,29)      =         1.964665         112.567005
	 B(19,20,21)      =         1.841577         105.514617
	 B(19,20,32)      =         1.918485         109.921095
	 B(19,20,33)      =         1.948598         111.646466
	 B(20,19,30)      =         1.932334         110.714609
	 B(20,19,31)      =         1.982332         113.579235
	 B(20,21,22)      =         1.850233         106.010567
	 B(20,21,34)      =         1.927019         110.410075
	 B(20,21,35)      =         1.956250         112.084890
	 B(21,20,32)      =         1.923965         110.235098
	 B(21,20,33)      =         1.960127         112.306996
	 B(21,22,36)      =         1.970915         112.925100
	 B(21,22,37)      =         1.931304         110.655550
	 B(22,18,29)      =         1.989783         114.006141
	 B(22,21,34)      =         1.928065         110.470011
	 B(22,21,35)      =         1.937038         110.984086
	 B(30,19,31)      =         1.885553         108.034215
	 B(32,20,33)      =         1.871721         107.241735
	 B(34,21,35)      =         1.866338         106.933297
	 B(36,22,37)      =         1.874031         107.374080
	 D(1,2,3,4)       =         0.017790           1.019313
	 D(1,2,3,23)      =        -3.103784        -177.833710
	 D(1,2,10,11)     =        -2.838534        -162.636036
	 D(1,2,10,15)     =         0.296285          16.975858
	 D(1,6,5,4)       =         0.012057           0.690820
	 D(2,1,6,5)       =        -0.002661          -0.152478
	 D(2,1,6,24)      =        -3.140980        -179.964870
	 D(2,3,4,5)       =        -0.008264          -0.473488
	 D(2,3,4,7)       =        -3.144224        -180.150789
	 D(2,10,11,12)    =         3.141642         180.002830
	 D(2,10,11,26)    =         0.020373           1.167290
	 D(2,10,15,14)    =         3.135186         179.632897
	 D(2,10,15,28)    =        -0.005191          -0.297418
	 D(3,2,1,6)       =        -0.012830          -0.735099
	 D(3,2,10,11)     =         0.313688          17.973003
	 D(3,2,10,15)     =        -2.834678        -162.415104
	 D(3,4,5,6)       =        -0.005813          -0.333062
	 D(3,4,7,8)       =         3.135198         179.633620
	 D(3,4,7,9)       =        -0.007139          -0.409016
	 D(4,3,2,10)      =        -3.134697        -179.604920
	 D(4,5,6,24)      =        -3.132819        -179.497328
	 D(4,7,9,25)      =         3.138997         179.851285
	 D(5,4,3,23)      =         3.113702         178.401972
	 D(5,4,7,8)       =        -0.001144          -0.065526
	 D(5,4,7,9)       =        -3.143480        -180.108162
	 D(6,1,2,10)      =         3.139088         179.856516
	 D(6,5,4,7)       =         3.130447         179.361385
	 D(7,4,3,23)      =        -0.022259          -1.275328
	 D(8,7,9,25)      =        -0.003325          -0.190490
	 D(10,2,3,23)     =         0.026914           1.542057
	 D(10,11,12,13)   =         0.000579           0.033177
	 D(10,11,12,27)   =        -3.140101        -179.914557
	 D(10,15,14,13)   =         0.011896           0.681569
	 D(10,15,14,16)   =        -3.132385        -179.472438
	 D(11,10,15,14)   =        -0.012877          -0.737785
	 D(11,10,15,28)   =         3.129932         179.331899
	 D(11,12,13,14)   =        -0.001919          -0.109955
	 D(11,12,13,17)   =        -3.130252        -179.350254
	 D(12,11,10,15)   =         0.006719           0.384986
	 D(12,13,14,15)   =        -0.004278          -0.245106
	 D(12,13,14,16)   =         3.140015         179.909600
	 D(12,13,17,18)   =        -0.041059          -2.352505
	 D(13,12,11,26)   =         3.122407         178.900719
	 D(13,14,15,28)   =        -3.130913        -179.388083
	 D(13,17,18,19)   =         2.941068         168.510776
	 D(13,17,18,22)   =        -1.396343         -80.004557
	 D(13,17,18,29)   =         0.816190          46.764239
	 D(14,13,12,27)   =         3.138749         179.837067
	 D(14,13,17,18)   =         3.113696         178.401657
	 D(15,10,11,26)   =        -3.114550        -178.450555
	 D(15,14,13,17)   =         3.125122         179.056298
	 D(16,14,13,17)   =        -0.013771          -0.788995
	 D(16,14,15,28)   =         0.007992           0.457910
	 D(17,13,12,27)   =         0.010416           0.596768
	 D(17,18,19,20)   =         1.342090          76.896096
	 D(17,18,19,30)   =        -2.882702        -165.166643
	 D(17,18,19,31)   =        -0.807921         -46.290456
	 D(17,18,22,21)   =        -1.325963         -75.972111
	 D(17,18,22,36)   =         0.825237          47.282580
	 D(17,18,22,37)   =         2.897387         166.008023
	 D(18,19,20,21)   =         0.472869          27.093383
	 D(18,19,20,32)   =        -1.601324         -91.749105
	 D(18,19,20,33)   =         2.606967         149.368199
	 D(18,22,21,20)   =        -0.358372         -20.533180
	 D(18,22,21,34)   =         1.729542          99.095481
	 D(18,22,21,35)   =        -2.486581        -142.470600
	 D(19,18,22,21)   =         0.652881          37.407319
	 D(19,18,22,36)   =         2.804081         160.662010
	 D(19,18,22,37)   =        -1.406954         -80.612547
	 D(19,20,21,22)   =        -0.069004          -3.953615
	 D(19,20,21,34)   =        -2.157603        -123.621520
	 D(19,20,21,35)   =         2.046875         117.277274
	 D(20,19,18,22)   =        -0.698362         -40.013208
	 D(20,19,18,29)   =        -2.851319        -163.368551
	 D(20,21,22,36)   =        -2.510146        -143.820788
	 D(20,21,22,37)   =         1.671784          95.786190
	 D(21,20,19,30)   =        -1.555261         -89.109867
	 D(21,20,19,31)   =         2.603021         149.142135
	 D(21,22,18,29)   =         2.789112         159.804330
	 D(22,18,19,30)   =         1.360031          77.924053
	 D(22,18,19,31)   =        -2.848373        -163.199760
	 D(22,21,20,32)   =         2.001536         114.679564
	 D(22,21,20,33)   =        -2.195674        -125.802870
	 D(26,11,12,27)   =        -0.018274          -1.047015
	 D(29,18,19,30)   =        -0.792926         -45.431290
	 D(29,18,19,31)   =         1.281855          73.444897
	 D(29,18,22,36)   =        -1.342873         -76.940979
	 D(29,18,22,37)   =         0.729276          41.784464
	 D(30,19,20,32)   =         2.653732         152.047644
	 D(30,19,20,33)   =         0.578838          33.164949
	 D(31,19,20,32)   =         0.528829          30.299646
	 D(31,19,20,33)   =        -1.546066         -88.583049
	 D(32,20,21,34)   =        -0.087063          -4.988341
	 D(32,20,21,35)   =        -2.165771        -124.089547
	 D(33,20,21,34)   =         1.998912         114.529225
	 D(33,20,21,35)   =        -0.079796          -4.571981
	 D(34,21,22,36)   =        -0.422232         -24.192127
	 D(34,21,22,37)   =        -2.523487        -144.585149
	 D(35,21,22,36)   =         1.644830          94.241792
	 D(35,21,22,37)   =        -0.456425         -26.151230


	        --- Internal Coordinate Step in ANG or DEG, aJ/ANG or AJ/DEG ---
	-------------------------------------------------------------------------------
	           Coordinate      Previous         Force          Change          New 
	           ----------      --------        ------          ------        ------
	              H(5,24)       2.03648        0.00000        0.00000       2.03648
	              H(8,25)       2.27151        0.00001        0.00001       2.27151
	               R(1,2)       1.32231        0.00001        0.00000       1.32231
	               R(1,6)       1.31939        0.00001       -0.00000       1.31939
	               R(2,3)       1.39791        0.00004       -0.00000       1.39791
	              R(2,10)       1.48343        0.00007        0.00000       1.48344
	               R(3,4)       1.37602        0.00003        0.00001       1.37603
	              R(3,23)       1.06880       -0.00004       -0.00000       1.06880
	               R(4,5)       1.32212       -0.00006       -0.00001       1.32211
	               R(4,7)       1.50853       -0.00002       -0.00000       1.50853
	               R(5,6)       1.31183        0.00003        0.00001       1.31184
	              R(6,24)       1.07507        0.00000        0.00000       1.07507
	               R(7,8)       1.18124        0.00003        0.00000       1.18124
	               R(7,9)       1.33007       -0.00001       -0.00000       1.33007
	              R(9,25)       0.94799       -0.00003       -0.00000       0.94799
	             R(10,11)       1.38608       -0.00011       -0.00001       1.38607
	             R(10,15)       1.39511       -0.00014       -0.00001       1.39510
	             R(11,12)       1.38386        0.00013        0.00001       1.38388
	             R(11,26)       1.07405       -0.00003       -0.00000       1.07405
	             R(12,13)       1.38933        0.00059        0.00004       1.38937
	             R(12,27)       1.07151       -0.00037       -0.00003       1.07148
	             R(13,14)       1.39993       -0.00034       -0.00003       1.39990
	             R(13,17)       1.33200        0.00072        0.00004       1.33205
	             R(14,15)       1.37340        0.00004        0.00000       1.37340
	             R(14,16)       1.73914       -0.00007       -0.00001       1.73913
	             R(15,28)       1.07159        0.00003        0.00000       1.07160
	             R(17,18)       1.42185        0.00073        0.00010       1.42195
	             R(18,19)       1.52255       -0.00017        0.00013       1.52269
	             R(18,22)       1.52869        0.00067       -0.00004       1.52865
	             R(18,29)       1.08368       -0.00003        0.00001       1.08369
	             R(19,20)       1.53833       -0.00020        0.00040       1.53873
	             R(19,30)       1.08684        0.00022       -0.00002       1.08683
	             R(19,31)       1.08299        0.00002       -0.00003       1.08296
	             R(20,21)       1.55141       -0.00084       -0.00015       1.55126
	             R(20,32)       1.08314       -0.00000       -0.00001       1.08313
	             R(20,33)       1.08422        0.00004        0.00001       1.08424
	             R(21,22)       1.54401        0.00003       -0.00044       1.54358
	             R(21,34)       1.08346        0.00018        0.00004       1.08350
	             R(21,35)       1.08426        0.00017        0.00000       1.08427
	             R(22,36)       1.08342       -0.00043       -0.00005       1.08337
	             R(22,37)       1.08694        0.00004        0.00003       1.08697
	             B(1,2,3)     119.94910       -0.00000        0.00022     119.94932
	            B(1,2,10)     117.36636       -0.00000       -0.00394     117.36242
	             B(1,6,5)     126.78313        0.00000        0.00032     126.78344
	            B(1,6,24)     116.44399        0.00000        0.00037     116.44437
	             B(2,1,6)     117.90894       -0.00000       -0.00057     117.90838
	             B(2,3,4)     116.76916       -0.00000       -0.00026     116.76890
	            B(2,3,23)     122.52980        0.00000        0.00003     122.52983
	           B(2,10,11)     122.47275        0.00000        0.00310     122.47586
	           B(2,10,15)     119.56947       -0.00000       -0.00247     119.56700
	            B(3,2,10)     122.68175        0.00000        0.00315     122.68491
	             B(3,4,5)     122.85442        0.00000       -0.00011     122.85431
	             B(3,4,7)     121.44138       -0.00000       -0.00008     121.44130
	            B(4,3,23)     120.69099       -0.00000        0.00010     120.69108
	             B(4,5,6)     115.72622       -0.00000        0.00009     115.72631
	             B(4,7,8)     124.78331       -0.00000       -0.00031     124.78300
	             B(4,7,9)     112.17218       -0.00000       -0.00092     112.17127
	             B(5,4,7)     115.70348       -0.00000       -0.00005     115.70344
	            B(5,6,24)     116.77263       -0.00000       -0.00063     116.77201
	            B(7,9,25)     108.16568       -0.00000       -0.00097     108.16471
	             B(8,7,9)     123.04449        0.00000        0.00121     123.04570
	          B(10,11,12)     121.43947       -0.00000       -0.00102     121.43846
	          B(10,11,26)     120.69880       -0.00000       -0.00082     120.69798
	          B(10,15,14)     120.84733        0.00000        0.00116     120.84849
	          B(10,15,28)     119.59990       -0.00000       -0.00035     119.59955
	          B(11,10,15)     117.95668       -0.00000       -0.00080     117.95587
	          B(11,12,13)     120.63247        0.00000        0.00195     120.63441
	          B(11,12,27)     119.00375       -0.00000       -0.00415     118.99961
	          B(12,11,26)     117.85191        0.00000        0.00178     117.85369
	          B(12,13,14)     117.88261       -0.00000       -0.00370     117.87892
	          B(12,13,17)     125.03674        0.00001        0.01908     125.05582
	          B(13,12,27)     120.36376        0.00000        0.00218     120.36594
	          B(13,14,15)     121.23756        0.00000        0.00224     121.23979
	          B(13,14,16)     119.61150       -0.00000       -0.00411     119.60739
	          B(13,17,18)     122.40659        0.00002        0.02538     122.43197
	          B(14,13,17)     117.07655       -0.00001       -0.01665     117.05990
	          B(14,15,28)     119.55273       -0.00000       -0.00080     119.55193
	          B(15,14,16)     119.15077        0.00000        0.00187     119.15263
	          B(17,18,19)     106.16862       -0.00000       -0.00206     106.16656
	          B(17,18,22)     111.08305        0.00000        0.00282     111.08587
	          B(17,18,29)     109.45314       -0.00000       -0.00270     109.45045
	          B(18,19,20)     104.35158        0.00000        0.11348     104.46506
	          B(18,19,30)     108.20679       -0.00000       -0.03257     108.17422
	          B(18,19,31)     111.83941        0.00000       -0.02550     111.81392
	          B(18,22,21)     104.67196        0.00000       -0.02366     104.64830
	          B(18,22,36)     112.97611        0.00000        0.02896     113.00507
	          B(18,22,37)     108.17975        0.00000       -0.00572     108.17403
	          B(19,18,22)     103.18222       -0.00000        0.02716     103.20937
	          B(19,18,29)     112.56700        0.00000       -0.03553     112.53147
	          B(19,20,21)     105.51462        0.00000        0.05444     105.56905
	          B(19,20,32)     109.92110       -0.00000        0.02349     109.94459
	          B(19,20,33)     111.64647        0.00000       -0.04584     111.60063
	          B(20,19,30)     110.71461       -0.00000       -0.03710     110.67751
	          B(20,19,31)     113.57923        0.00000       -0.01080     113.56843
	          B(20,21,22)     106.01057       -0.00000        0.00315     106.01372
	          B(20,21,34)     110.41008       -0.00000       -0.02971     110.38037
	          B(20,21,35)     112.08489       -0.00000        0.02076     112.10565
	          B(21,20,32)     110.23510       -0.00000       -0.00596     110.22914
	          B(21,20,33)     112.30700       -0.00000       -0.03078     112.27622
	          B(21,22,36)     112.92510       -0.00000       -0.01879     112.90631
	          B(21,22,37)     110.65555       -0.00000        0.00350     110.65905
	          B(22,18,29)     114.00614        0.00000        0.01031     114.01645
	          B(22,21,34)     110.47001        0.00000       -0.05151     110.41850
	          B(22,21,35)     110.98409       -0.00000        0.03184     111.01593
	          B(30,19,31)     108.03422        0.00000       -0.00778     108.02643
	          B(32,20,33)     107.24173        0.00000        0.00541     107.24715
	          B(34,21,35)     106.93330        0.00000        0.02308     106.95638
	          B(36,22,37)     107.37408        0.00000        0.01539     107.38947
	           D(1,2,3,4)       1.01931        0.00000        0.03056       1.04987
	          D(1,2,3,23)    -177.83371        0.00000        0.03853    -177.79518
	         D(1,2,10,11)    -162.63604        0.00000        0.03371    -162.60232
	         D(1,2,10,15)      16.97586       -0.00000        0.00359      16.97945
	           D(1,6,5,4)       0.69082        0.00000       -0.01219       0.67863
	           D(2,1,6,5)      -0.15248       -0.00000        0.01550      -0.13698
	          D(2,1,6,24)    -179.96487        0.00000       -0.01039    -179.97526
	           D(2,3,4,5)      -0.47349       -0.00000       -0.02829      -0.50178
	           D(2,3,4,7)    -180.15079        0.00000        0.02104    -180.12975
	        D(2,10,11,12)     180.00283       -0.00000       -0.00369     179.99914
	        D(2,10,11,26)       1.16729        0.00000       -0.00027       1.16702
	        D(2,10,15,14)     179.63290        0.00000        0.00448     179.63738
	        D(2,10,15,28)      -0.29742       -0.00000        0.00169      -0.29572
	           D(3,2,1,6)      -0.73510       -0.00000       -0.02434      -0.75944
	         D(3,2,10,11)      17.97300        0.00000        0.09199      18.06500
	         D(3,2,10,15)    -162.41510        0.00000        0.06187    -162.35323
	           D(3,4,5,6)      -0.33306        0.00000        0.01891      -0.31416
	           D(3,4,7,8)     179.63362       -0.00000       -0.00943     179.62419
	           D(3,4,7,9)      -0.40902       -0.00000       -0.02980      -0.43881
	          D(4,3,2,10)    -179.60492       -0.00000       -0.02921    -179.63413
	          D(4,5,6,24)    -179.49733       -0.00000        0.01377    -179.48356
	          D(4,7,9,25)     179.85129       -0.00000        0.01267     179.86395
	          D(5,4,3,23)     178.40197       -0.00000       -0.03612     178.36586
	           D(5,4,7,8)      -0.06553        0.00000        0.03656      -0.02896
	           D(5,4,7,9)    -180.10816        0.00000        0.01619    -180.09197
	          D(6,1,2,10)     179.85652        0.00000        0.03225     179.88877
	           D(6,5,4,7)     179.36138       -0.00000       -0.02780     179.33358
	          D(7,4,3,23)      -1.27533        0.00000        0.01321      -1.26211
	          D(8,7,9,25)      -0.19049        0.00000       -0.00729      -0.19778
	         D(10,2,3,23)       1.54206       -0.00000       -0.02123       1.52083
	       D(10,11,12,13)       0.03318        0.00000        0.00865       0.04183
	       D(10,11,12,27)    -179.91456        0.00000        0.02666    -179.88790
	       D(10,15,14,13)       0.68157       -0.00000       -0.01190       0.66967
	       D(10,15,14,16)    -179.47244       -0.00000       -0.01445    -179.48689
	       D(11,10,15,14)      -0.73779       -0.00000       -0.02427      -0.76206
	       D(11,10,15,28)     179.33190       -0.00000       -0.02706     179.30484
	       D(11,12,13,14)      -0.10995       -0.00000       -0.04411      -0.15406
	       D(11,12,13,17)    -179.35025        0.00000        0.06556    -179.28469
	       D(12,11,10,15)       0.38499        0.00000        0.02598       0.41096
	       D(12,13,14,15)      -0.24511        0.00000        0.04594      -0.19917
	       D(12,13,14,16)     179.90960        0.00000        0.04849     179.95809
	       D(12,13,17,18)      -2.35251       -0.00000       -0.02590      -2.37841
	       D(13,12,11,26)     178.90072        0.00000        0.00529     178.90601
	       D(13,14,15,28)    -179.38808       -0.00000       -0.00911    -179.39719
	       D(13,17,18,19)     168.51078        0.00000       -0.05086     168.45992
	       D(13,17,18,22)     -80.00456       -0.00000       -0.01893     -80.02349
	       D(13,17,18,29)      46.76424        0.00000       -0.00552      46.75872
	       D(14,13,12,27)     179.83707       -0.00000       -0.06237     179.77470
	       D(14,13,17,18)     178.40166        0.00000        0.08287     178.48453
	       D(15,10,11,26)    -178.45055        0.00000        0.02940    -178.42116
	       D(15,14,13,17)     179.05630       -0.00000       -0.05460     179.00170
	       D(16,14,13,17)      -0.78900       -0.00000       -0.05205      -0.84104
	       D(16,14,15,28)       0.45791       -0.00000       -0.01166       0.44625
	       D(17,13,12,27)       0.59677        0.00000        0.04730       0.64407
	       D(17,18,19,20)      76.89610        0.00001        0.40071      77.29680
	       D(17,18,19,30)    -165.16664        0.00000        0.40054    -164.76610
	       D(17,18,19,31)     -46.29046        0.00000        0.35497     -45.93548
	       D(17,18,22,21)     -75.97211       -0.00000        0.10774     -75.86437
	       D(17,18,22,36)      47.28258        0.00000        0.08556      47.36814
	       D(17,18,22,37)     166.00802        0.00000        0.11850     166.12652
	       D(18,19,20,21)      27.09338       -0.00000       -0.73509      26.35829
	       D(18,19,20,32)     -91.74911       -0.00000       -0.77108     -92.52019
	       D(18,19,20,33)     149.36820       -0.00000       -0.76416     148.60404
	       D(18,22,21,20)     -20.53318        0.00000       -0.57846     -21.11164
	       D(18,22,21,34)      99.09548       -0.00000       -0.64006      98.45542
	       D(18,22,21,35)    -142.47060        0.00000       -0.62411    -143.09471
	       D(19,18,22,21)      37.40732       -0.00000        0.12072      37.52804
	       D(19,18,22,36)     160.66201       -0.00000        0.09854     160.76055
	       D(19,18,22,37)     -80.61255       -0.00000        0.13147     -80.48107
	       D(19,20,21,22)      -3.95361        0.00000        0.80731      -3.14630
	       D(19,20,21,34)    -123.62152        0.00000        0.88317    -122.73835
	       D(19,20,21,35)     117.27727        0.00000        0.86049     118.13777
	       D(20,19,18,22)     -40.01321        0.00001        0.38633     -39.62688
	       D(20,19,18,29)    -163.36855        0.00000        0.37579    -162.99276
	       D(20,21,22,36)    -143.82079       -0.00000       -0.58712    -144.40791
	       D(20,21,22,37)      95.78619        0.00000       -0.59649      95.18970
	       D(21,20,19,30)     -89.10987        0.00000       -0.74164     -89.85151
	       D(21,20,19,31)     149.14213        0.00000       -0.69609     148.44605
	       D(21,22,18,29)     159.80433       -0.00000        0.10116     159.90549
	       D(22,18,19,30)      77.92405        0.00000        0.38616      78.31022
	       D(22,18,19,31)    -163.19976        0.00000        0.34060    -162.85916
	       D(22,21,20,32)     114.67956       -0.00000        0.86320     115.54277
	       D(22,21,20,33)    -125.80287        0.00000        0.84582    -124.95705
	       D(26,11,12,27)      -1.04702        0.00000        0.02330      -1.02371
	       D(29,18,19,30)     -45.43129       -0.00000        0.37562     -45.05567
	       D(29,18,19,31)      73.44490       -0.00000        0.33006      73.77495
	       D(29,18,22,36)     -76.94098       -0.00000        0.07898     -76.86200
	       D(29,18,22,37)      41.78446       -0.00000        0.11192      41.89638
	       D(30,19,20,32)     152.04764        0.00000       -0.77763     151.27002
	       D(30,19,20,33)      33.16495       -0.00000       -0.77071      32.39424
	       D(31,19,20,32)      30.29965        0.00000       -0.73207      29.56757
	       D(31,19,20,33)     -88.58305        0.00000       -0.72515     -89.30820
	       D(32,20,21,34)      -4.98834       -0.00000        0.93906      -4.04928
	       D(32,20,21,35)    -124.08955       -0.00000        0.91638    -123.17316
	       D(33,20,21,34)     114.52922        0.00000        0.92168     115.45090
	       D(33,20,21,35)      -4.57198       -0.00000        0.89900      -3.67298
	       D(34,21,22,36)     -24.19213       -0.00000       -0.64872     -24.84085
	       D(34,21,22,37)    -144.58515       -0.00000       -0.65809    -145.24324
	       D(35,21,22,36)      94.24179       -0.00000       -0.63278      93.60901
	       D(35,21,22,37)     -26.15123        0.00000       -0.64215     -26.79338
	-------------------------------------------------------------------------------

	                                 ==> Convergence Check <==                                  
    
	Measures of convergence in internal coordinates in au.
    
	Criteria marked as inactive (o), active & met (*), and active & unmet ( ).

	----------------------------------------------------------------------------------------------
	   Step    Total Energy     Delta E     Max Force     RMS Force      Max Disp      RMS Disp   
	----------------------------------------------------------------------------------------------
	  Convergence Criteria     1.00e-06 *    3.00e-04 *             o    1.20e-03 *             o
	----------------------------------------------------------------------------------------------
	    13   -1407.64307387   -6.57e-07 *    2.06e-04 *    3.24e-05 o    1.64e-02      4.99e-03 o  ~
	----------------------------------------------------------------------------------------------

Next Geometry in Ang 
	Fragment 1 (Ang)

	    N  -2.1651473544   2.2274342115  -0.7876903961
	    C  -1.9888797938   0.9255702540  -0.6374072762
	    C  -3.0840422626   0.0599284832  -0.7111728364
	    C  -4.3098425165   0.6314990592  -0.9645258949
	    N  -4.4748350076   1.9334781535  -1.1245433385
	    C  -3.3889386709   2.6621206365  -1.0204484772
	    C  -5.5613344642  -0.2042959598  -1.0687968027
	    O  -6.6422359151   0.2239904567  -1.2774875977
	    O  -5.3149981660  -1.5002843817  -0.8990060390
	    C  -0.6077890784   0.4499040791  -0.3787349281
	    C  -0.2317938637  -0.8730393771  -0.5508788292
	    C   1.0631888332  -1.2934715438  -0.3031542881
	    C   2.0292487351  -0.3934146099   0.1292445619
	    C   1.6490090039   0.9429346152   0.3004365519
	    C   0.3641265378   1.3560568359   0.0461893011
	   Cl   2.8220301638   2.1075238885   0.8411139417
	    O   3.3013707868  -0.6984051965   0.3803034639
	    C   3.8028630864  -2.0247338470   0.2740463335
	    C   5.3194796277  -1.9118709629   0.3495859698
	    C   5.6149541863  -1.6972623626   1.8443516573
	    C   4.4285185468  -2.3499404652   2.6011894181
	    C   3.4515399475  -2.8465293014   1.5142036436
	    H  -2.9942158429  -0.9945710984  -0.5618509039
	    H  -3.5052473981   3.7242684449  -1.1391717293
	    H  -6.1354967501  -1.9692792729  -0.9732640426
	    H  -0.9380353017  -1.6027218771  -0.9006948168
	    H   1.3115858833  -2.3252394195  -0.4508766514
	    H   0.1049587767   2.3875770355   0.1770320504
	    H   3.4650558867  -2.4647533552  -0.6568923270
	    H   5.7467995440  -2.8497736001   0.0047196346
	    H   5.6960730793  -1.1188073686  -0.2844691280
	    H   5.6613652828  -0.6375228302   2.0633607300
	    H   6.5693995864  -2.1262808813   2.1281645640
	    H   3.9436433203  -1.6227760186   3.2415746786
	    H   4.7502658500  -3.1668580507   3.2373967275
	    H   2.4124739009  -2.7504364689   1.8054111046
	    H   3.6299536297  -3.8946509919   1.2881029962


    Final optimized geometry and variables:
    Molecular point group: c1
    Full point group: C1

    Geometry (in Angstrom), charge = 0, multiplicity = 1:

    N           -2.164429780777     2.227770656494    -0.786100737651
    C           -1.987946069535     0.925897639980    -0.636184485600
    C           -3.082911421748     0.060059205586    -0.710596554513
    C           -4.308837540474     0.631528355877    -0.963524211599
    N           -4.474052037299     1.933540748053    -1.123113524376
    C           -3.388307789293     2.662341706151    -1.018636424063
    C           -5.560063566878    -0.204529872625    -1.068883025548
    O           -6.641037841370     0.223633288707    -1.277437603247
    O           -5.313481194906    -1.500566162098    -0.899815354565
    C           -0.606683011869     0.450214094441    -0.378486812173
    C           -0.230999732295    -0.872842103127    -0.550509050739
    C            1.064098577818    -1.293393627870    -0.303661794967
    C            2.030615666926    -0.393309202146     0.127525309613
    C            1.650555026975     0.943044432894     0.299351079621
    C            0.365548577576     1.356283038619     0.045939971230
    CL           2.823859940796     2.107464987063     0.839795107442
    O            3.302482972295    -0.699039162145     0.378755649854
    C            3.802388644938    -2.025922837360     0.273302162162
    C            5.318959008226    -1.914959425719     0.349883139055
    C            5.609890554855    -1.690101555445     1.843623262067
    C            4.429018900600    -2.352816244701     2.600745342141
    C            3.449801735087    -2.846610939182     1.513881699120
    H           -2.992822276945    -0.994549503228    -0.562181997241
    H           -3.504748707128     3.724488837256    -1.137232195991
    H           -6.133854420677    -1.969711629029    -0.974540142387
    H           -0.937616328258    -1.602560507968    -0.899499877721
    H            1.312196763362    -2.325348083944    -0.450827913944
    H            0.106509547115     2.387791825598     0.177091682359
    H            3.464076379681    -2.466153081737    -0.657344251895
    H            5.745758607835    -2.855828003150     0.012481348728
    H            5.697999398253    -1.126707820751    -0.288744290957
    H            5.643513364829    -0.628795142869     2.057383545036
    H            6.568735289665    -2.106425507718     2.131428256724
    H            3.943986988662    -1.632670665910     3.248828955946
    H            4.756904961173    -3.172997825814     3.229567735175
    H            2.411012040968    -2.747596009339     1.805272152937
    H            3.624950581108    -3.895256990262     1.287824875542

Optimizer: Optimization complete!
