31
 energy: -58.143401643012 gnorm: 0.087020039475 xtb: 6.7.1 (edcfbbe)
N            1.12890000000000        0.51904000000000       -0.16929000000000
C            0.94280000000000       -0.81016000000000       -0.05288000000000
C           -0.29514000000000       -1.40405000000000       -0.17786000000000
C           -1.35135000000000       -0.55040000000000       -0.41306000000000
N           -1.20951000000000        0.78699000000000       -0.54442000000000
C            0.03597000000000        1.25349000000000       -0.41814000000000
C           -2.75242000000000       -1.06714000000000       -0.49903000000000
O           -3.76701000000000       -0.41571000000000       -0.66406000000000
O           -2.82215000000000       -2.40887000000000       -0.35774000000000
C            2.11982000000000       -1.59738000000000        0.31374000000000
C            2.82253000000000       -2.35699000000000       -0.63572000000000
C            3.88131000000000       -3.18498000000000       -0.24574000000000
C            4.24918000000000       -3.25484000000000        1.09940000000000
C            3.56616000000000       -2.49457000000000        2.05151000000000
C            2.52046000000000       -1.65929000000000        1.65802000000000
Cl           3.96191000000000       -2.57843000000000        3.72977000000000
O            5.20653000000000       -4.14626000000000        1.51316000000000
C            6.52633000000000       -3.85124000000000        1.01295000000000
C            7.29860000000000       -2.74465000000000        1.67947000000000
C            7.62925000000000       -4.17399000000000        1.98855000000000
H           -0.42615000000000       -2.47148000000000       -0.05756000000000
H            0.17383000000000        2.32514000000000       -0.51706000000000
H           -3.78479000000000       -2.59212000000000       -0.41816000000000
H            2.53507000000000       -2.32134000000000       -1.68542000000000
H            4.39067000000000       -3.79387000000000       -0.98744000000000
H            1.99092000000000       -1.07059000000000        2.40476000000000
H            6.73561000000000       -4.06239000000000       -0.03143000000000
H            7.99785000000000       -2.18101000000000        1.07375000000000
H            6.81006000000000       -2.16028000000000        2.44964000000000
H            7.34777000000000       -4.55743000000000        2.96340000000000
H            8.55198000000000       -4.58344000000000        1.59765000000000
31
 energy: -58.149891193522 gnorm: 0.031189742755 xtb: 6.7.1 (edcfbbe)
N            1.11708113709743        0.51729165018908       -0.16389313749336
C            0.95209649585323       -0.80158573067411       -0.04041370099562
C           -0.29622504033730       -1.39691522738593       -0.17678807810114
C           -1.36016965145530       -0.54253235391701       -0.41558784928178
N           -1.20229261763656        0.77829432974830       -0.54408603552467
C            0.03221814530362        1.23512998741251       -0.42213280708833
C           -2.75946152643030       -1.05614358861968       -0.50397533249828
O           -3.75207244268663       -0.39834331946432       -0.66961721007007
O           -2.83165000384312       -2.39456131017696       -0.36054100850383
C            2.13224041279158       -1.60630644864901        0.31880401979123
C            2.82052515485305       -2.36285945557881       -0.62574255004443
C            3.87519397441428       -3.17560880220639       -0.24102962560834
C            4.24981451737665       -3.25897935456704        1.09648852086263
C            3.56428687851023       -2.49459850696478        2.04136751790229
C            2.52098574842174       -1.66885332591256        1.65326468066363
Cl           3.98122559749749       -2.58128022667059        3.71229994739541
O            5.22433361876631       -4.13050443483998        1.51327024976762
C            6.53258372341358       -3.85954722503087        1.03280231156929
C            7.30182101559343       -2.74522866955464        1.67930763160751
C            7.63988625368306       -4.17219600316268        1.99490145471417
H           -0.42872132899118       -2.46168185614790       -0.06679903743729
H            0.16873395916876        2.30387537444487       -0.52249275282817
H           -3.78094380582451       -2.61222205144253       -0.41863990226343
H            2.53104042346629       -2.32142992224993       -1.66749217507949
H            4.39167584823670       -3.77251590145191       -0.97832608251607
H            1.99805740046735       -1.07986736547035        2.39446364723226
H            6.70002214281959       -4.05964082441634       -0.02003642946912
H            7.98356936603630       -2.17701265780419        1.06289428365714
H            6.80393356972608       -2.16175237052732        2.43896938807820
H            7.35291087359264       -4.55878566642381        2.96054972260908
H            8.55229016011551       -4.59187874248508        1.59897033895288
31
 energy: -58.151209441475 gnorm: 0.008401271387 xtb: 6.7.1 (edcfbbe)
N            1.10958034567858        0.51563992802529       -0.15620654618341
C            0.95617543001893       -0.79662032180508       -0.03191527451418
C           -0.29813806822517       -1.39263511300411       -0.17720493311870
C           -1.36712965569187       -0.53718231991275       -0.41826078659869
N           -1.19847209583599        0.77452018337155       -0.54551573644015
C            0.02973598399481        1.22699495678574       -0.41976037200190
C           -2.76887022766968       -1.04533235207071       -0.51063154017310
O           -3.74632591402164       -0.37452053813658       -0.68072494431517
O           -2.83948643777911       -2.38166303891905       -0.36561829011793
C            2.13331266376420       -1.61799980531783        0.32608466108035
C            2.81628945415856       -2.36912752748738       -0.61943172028048
C            3.87287102658191       -3.17159213083259       -0.23664183628496
C            4.25335163026466       -3.26205183139147        1.09780370392625
C            3.56325960919136       -2.49674422831096        2.03977034557532
C            2.51687929447702       -1.67817667838784        1.65741259960758
Cl           4.00545571726986       -2.58505265613031        3.70331913815358
O            5.23682760117009       -4.11875407628382        1.52063472030241
C            6.53168946983597       -3.86352179354001        1.04507854584274
C            7.30823475983903       -2.74462687284121        1.67366491529354
C            7.64405144462209       -4.17065321380527        1.99483671035482
H           -0.43247797348854       -2.45626965862134       -0.07616451041628
H            0.16901100547339        2.29358759295178       -0.53633230927161
H           -3.77615643110255       -2.63771835687308       -0.42144728313293
H            2.52405634464944       -2.32374096257370       -1.65712859300947
H            4.39875426036610       -3.75976315571885       -0.97183943697688
H            1.99996777394883       -1.08776866530549        2.39705376089707
H            6.66665114660183       -4.06288773857298       -0.01458516756852
H            7.98328781237108       -2.17729916265952        1.05172959957635
H            6.81193809555825       -2.16174523493191        2.43315062399398
H            7.35994236348403       -4.54799064521157        2.96301966846765
H            8.55072357049461       -4.59754458248890        1.59661028733250
31
 energy: -58.151398710642 gnorm: 0.005958768967 xtb: 6.7.1 (edcfbbe)
N            1.10856698556416        0.51417005185532       -0.15184498768913
C            0.95416950725795       -0.79705475056477       -0.02651148685685
C           -0.30080856974626       -1.39287513671054       -0.17693001878452
C           -1.36951132365217       -0.53647706325007       -0.42008740042971
N           -1.19784957876256        0.77474703138087       -0.55042424304930
C            0.03089149159574        1.22636478742054       -0.42518473712773
C           -2.77380673893154       -1.04071111478739       -0.51713100084577
O           -3.74569753385724       -0.36237788046137       -0.69266167310913
O           -2.84423659658931       -2.37539374918733       -0.36976026183049
C            2.12874403543068       -1.62286317559314        0.33334413809458
C            2.81262073969767       -2.37189461436353       -0.61388026833870
C            3.87253147833790       -3.17148988009737       -0.23168882216016
C            4.25427327789138       -3.26155826289971        1.10272395214455
C            3.56187573947156       -2.49757453481957        2.04510575461957
C            2.51287291087682       -1.68115755386089        1.66535599882758
Cl           4.01591524289877       -2.58534565683380        3.70547353105096
O            5.23922185090440       -4.11251699017047        1.53025704929977
C            6.53046188040835       -3.86486070410200        1.04744168187872
C            7.31464375361785       -2.74404115457136        1.66545797880777
C            7.64687207446673       -4.17013494016310        1.99168891348089
H           -0.43640448909109       -2.45666106670559       -0.07979911142146
H            0.17130408894964        2.29321602545609       -0.53980872568710
H           -3.77531452603317       -2.64815179258801       -0.42663321593304
H            2.51912953637143       -2.32579412263737       -1.65125577757319
H            4.40293810102675       -3.75601388323765       -0.96744994341795
H            1.99639741584552       -1.09175987700214        2.40599242346333
H            6.65743448593082       -4.06958142843513       -0.01269340359916
H            7.98761178101888       -2.18011658283431        1.03857445330492
H            6.82273195796072       -2.15836587985748        2.42617790905754
H            7.36690832893033       -4.53946818978371        2.96481218319268
H            8.55050269220943       -4.60249791059490        1.59209911063017
31
 energy: -58.151563490269 gnorm: 0.003694737658 xtb: 6.7.1 (edcfbbe)
N            1.10752000377725        0.51032228888175       -0.14288312292355
C            0.94887143296095       -0.80031299717461       -0.01857940027945
C           -0.30604042040486       -1.39480426783338       -0.17816420040184
C           -1.37191757981226       -0.53653532069714       -0.42620524603168
N           -1.19652511418276        0.77525695766509       -0.55909575013589
C            0.03271186279489        1.22580565159894       -0.42663433200814
C           -2.78066900926588       -1.03384817636020       -0.52993372031493
O           -3.74419443083295       -0.34523399956891       -0.71509055530632
O           -2.85235642521051       -2.36532551487224       -0.37828791269000
C            2.11963559239335       -1.62926284700945        0.34729317662193
C            2.80729318208192       -2.37462331417697       -0.60136119733903
C            3.87222265391301       -3.17042659420758       -0.22034928342954
C            4.25469434349241       -3.25812724843368        1.11417695068298
C            3.55763112594380       -2.49764629894582        2.05757471235859
C            2.50431669164592       -1.68529060940486        1.68073377400526
Cl           4.02488468339270       -2.58443344553572        3.71420092814429
O            5.24181476749032       -4.10001607977691        1.54951435518196
C            6.52913966525508       -3.86704894060546        1.04925771968910
C            7.32770288032255       -2.74364714486040        1.64774690745645
C            7.65324322902774       -4.16937743865006        1.98477080654661
H           -0.44431644027288       -2.45862226391686       -0.08431374896723
H            0.17786712651297        2.29123725077932       -0.55179886748172
H           -3.77560331747781       -2.65958389681898       -0.43757256724438
H            2.51220626779898       -2.32883656969693       -1.63867679023002
H            4.40709346513656       -3.75051018057408       -0.95751331103395
H            1.98646975008366       -1.09839585144769        2.42273040427895
H            6.64638537289671       -4.08399391582318       -0.00980596312664
H            7.99707929637484       -2.18787905092400        1.01000044653212
H            6.84564189687793       -2.15049098551821        2.40995000236454
H            7.38156610821565       -4.52394596746174        2.96688476831182
H            8.55062133907099       -4.61264322862982        1.58219101676905
31
 energy: -58.151648316081 gnorm: 0.003864371278 xtb: 6.7.1 (edcfbbe)
N            1.10694049262909        0.50627335646300       -0.13768610424004
C            0.94412298109107       -0.80404672237742       -0.01247701713104
C           -0.31029529277303       -1.39671574886870       -0.17922050447772
C           -1.37282047405052       -0.53681049176798       -0.43214563730429
N           -1.19471459735201        0.77508283323064       -0.56714942158298
C            0.03510241485552        1.22366220686326       -0.43138505701243
C           -2.78395991609370       -1.02986685827184       -0.54173548792760
O           -3.74284071650367       -0.33689981975772       -0.73363431286361
O           -2.85812313831350       -2.35911790692560       -0.38468404718175
C            2.11323320961132       -1.63241766972973        0.35843884490356
C            2.80420238652831       -2.37587522383621       -0.58951093998651
C            3.87221969418838       -3.16862101830072       -0.20913267508403
C            4.25451003336320       -3.25376286735387        1.12541104117740
C            3.55318490855408       -2.49641963900730        2.06908314910957
C            2.49730705353720       -1.68751174248589        1.69255567239423
Cl           4.02253417426590       -2.58234127455258        3.72479848793079
O            5.24406662106397       -4.08923977748135        1.56530152877509
C            6.52884682868412       -3.86863081438855        1.04971916855094
C            7.33875686205483       -2.74407587956944        1.63189237295592
C            7.65927666691102       -4.16875369167538        1.97876453045614
H           -0.45068497660094       -2.46040197346965       -0.08615960728038
H            0.18275890047557        2.28866731094499       -0.55430897741294
H           -3.77783542024187       -2.66105787398125       -0.44634492848654
H            2.50922152882306       -2.33086255500350       -1.62708172419112
H            4.40836706159746       -3.74631370923040       -0.94730347132154
H            1.97675324773914       -1.10292745599175        2.43471410102504
H            6.63864730424813       -4.09646168343214       -0.00772195141370
H            8.00527602167124       -2.19650877918688        0.98399658386689
H            6.86574079591983       -2.14288279649909        2.39381724829265
H            7.39439660668350       -4.51225917187007        2.96696122889729
H            8.55079873743366       -4.62114256248658        1.57298790656179
31
 energy: -58.151774537659 gnorm: 0.005082381034 xtb: 6.7.1 (edcfbbe)
N            1.10616879809419        0.49976619958328       -0.13128609556409
C            0.93761330826483       -0.81030964809370       -0.00547508983101
C           -0.31635586878383       -1.39955981674432       -0.18137365795190
C           -1.37365674543383       -0.53693504551164       -0.44203937914635
N           -1.19154549929424        0.77466171331462       -0.57816512048472
C            0.03853189497792        1.21990063611289       -0.43438119444286
C           -2.78722980867600       -1.02472287483781       -0.55748709350815
O           -3.74126546334042       -0.32864621287099       -0.75949567990721
O           -2.86621129584101       -2.35164676815706       -0.39227766462670
C            2.10505101823076       -1.63651968100816        0.37304576165821
C            2.80170610799413       -2.37721795454202       -0.57259701851566
C            3.87362496983438       -3.16483190288648       -0.19198785008443
C            4.25430997668429       -3.24684143296647        1.14285278394877
C            3.54531388442965       -2.49511431525325        2.08617158483554
C            2.48624164733393       -1.69161116941667        1.70809031116655
Cl           4.01051236695899       -2.58005329004543        3.74244914261365
O            5.24841406703621       -4.07324643801648        1.58783928112365
C            6.52903124448133       -3.87038012018552        1.05040893384568
C            7.35473187885807       -2.74501410787721        1.60860294469582
C            7.66856079442717       -4.16751465532022        1.97020231414330
H           -0.45996323352568       -2.46283365132859       -0.08767006809361
H            0.19088588000362        2.28376843458712       -0.55932842385195
H           -3.78380724186346       -2.65605513546689       -0.45767151481655
H            2.50846253974870       -2.33357032159526       -1.61086336895935
H            4.41159800462277       -3.73888567710156       -0.93129825676544
H            1.96049358286458       -1.11054353027850        2.44957553724999
H            6.62671675441642       -4.11404518503931       -0.00438081846690
H            8.01727873294861       -2.21046701131018        0.94552083441373
H            6.89523905048006       -2.13081032031270        2.36866917922002
H            7.41338695915392       -4.49624589009033        2.96588768666929
H            8.55115169491445       -4.63271482734077        1.55922199943140
31
 energy: -58.151980537368 gnorm: 0.007012335290 xtb: 6.7.1 (edcfbbe)
N            1.10511168785290        0.48974239927701       -0.12266313032307
C            0.92845674707882       -0.81991415575054        0.00505135765521
C           -0.32535492589850       -1.40342800534639       -0.18332812092014
C           -1.37488094632993       -0.53639664845478       -0.45699650429607
N           -1.18613391655279        0.77400012055032       -0.59512878498644
C            0.04435924901466        1.21360286785944       -0.43958580401654
C           -2.79044544781874       -1.01774733243460       -0.58247379983438
O           -3.73885886573536       -0.31992517353873       -0.80181951509003
O           -2.87796466951479       -2.34192021947230       -0.40175425242382
C            2.09360869851288       -1.64308855896750        0.39451785800928
C            2.79985283556633       -2.37921950905086       -0.54694712185989
C            3.87721567719668       -3.15809838178054       -0.16416478265830
C            4.25415299712807       -3.23620451895165        1.17158558601468
C            3.53197045137564       -2.49402512102225        2.11336971079944
C            2.46845789528094       -1.69899638727114        1.73107839847742
Cl           3.98608068676604       -2.57747409343319        3.77203623546756
O            5.25625926288776       -4.04828590365475        1.62329878479269
C            6.52871728382412       -3.87308943070291        1.05210879851691
C            7.37851234574876       -2.74670594824108        1.57126409758395
C            7.68300079137406       -4.16499952084051        1.95649572088546
H           -0.47402765114385       -2.46593650544352       -0.08791356756539
H            0.20360549637621        2.27610814632995       -0.56540831279925
H           -3.79562837121609       -2.64241968977689       -0.47416659752549
H            2.51067638843993       -2.33798191495188       -1.58654885095130
H            4.41938473672308       -3.72600855853039       -0.90446281032122
H            1.93409916820008       -1.12321604163190        2.47077764212591
H            6.60430361714459       -4.14156410511887        0.00154785403857
H            8.03457952374025       -2.23369278437790        0.88396891499989
H            6.94079020955462       -2.11094293195243        2.32702282070373
H            7.44371118873875       -4.47120845461456        2.96320694437612
H            8.55137785568556       -4.64920363870408        1.53679123112268
31
 energy: -58.152279744574 gnorm: 0.009243912829 xtb: 6.7.1 (edcfbbe)
N            1.10317684421177        0.47494292941309       -0.11013045544105
C            0.91555562322161       -0.83380150620646        0.02130770719415
C           -0.33877243915514       -1.40873916562925       -0.18366002577248
C           -1.37734923276998       -0.53519654465749       -0.47828481507249
N           -1.17797605276940        0.77272664229355       -0.62033222075956
C            0.05295918152375        1.20410871590995       -0.44651923815451
C           -2.79441951223734       -1.00784080486999       -0.61971940628274
O           -3.73465071812389       -0.30903230164276       -0.87040954708937
O           -2.89629346912481       -2.32836748395444       -0.41418903435239
C            2.07687153778726       -1.65438943406140        0.42608845607866
C            2.79875429883939       -2.38222919562051       -0.50939513747368
C            3.88439538690080       -3.14658244898274       -0.12141339325015
C            4.25502094393561       -3.21977947026439        1.21614437214496
C            3.51153601804561       -2.49310874611620        2.15470587482776
C            2.44085910783423       -1.71156908892801        1.76522217162482
Cl           3.94826893560447       -2.57460627141956        3.81763902457485
O            5.26976500354139       -4.00937567123015        1.67738504907118
C            6.52733589351835       -3.87737976678040        1.05620549172631
C            7.41349241171287       -2.74988778776563        1.51311520000536
C            7.70434016147428       -4.16090169786914        1.93540259575338
H           -0.49552038754389       -2.46987126067614       -0.08514720592924
H            0.22252854654729        2.26459904924237       -0.57622529244515
H           -3.81644755044469       -2.61807482154625       -0.49966505405554
H            2.51695019575406       -2.34436965786253       -1.55118914887054
H            4.43591622092916       -3.70413853635279       -0.86204398991261
H            1.89324632614808       -1.14416126533114        2.50200623596958
H            6.56578528761402       -4.18385342922858        0.01293580459920
H            8.05896902289160       -2.27134553579486        0.78904269899129
H            7.00960816261080       -2.08047051429656        2.26042688314679
H            7.49036555757523       -4.43201338963369        2.95857866847611
H            8.55071869394854       -4.67353154013705        1.50287773067438
31
 energy: -58.152593030972 gnorm: 0.011270073035 xtb: 6.7.1 (edcfbbe)
N            1.10016355534385        0.45808688649419       -0.09620292402195
C            0.90099734909845       -0.84908761371312        0.04199299235647
C           -0.35441991319809       -1.41451612600663       -0.17944440490153
C           -1.38079132785251       -0.53413760819861       -0.50078822213538
N           -1.16863664409760        0.77022507121585       -0.64935464314749
C            0.06251880461919        1.19265475024649       -0.45531835963390
C           -2.79747651127492       -0.99812877147575       -0.66526176559826
O           -3.72775620903391       -0.30034783656703       -0.95674613132540
O           -2.91851119910751       -2.31406889939227       -0.42795138976689
C            2.05781260803724       -1.66824228887906        0.46294691443707
C            2.79844438516989       -2.38481932338228       -0.46623215987859
C            3.89387536355361       -3.13078128269676       -0.07100848352365
C            4.25799009608719       -3.19887094162222        1.26856244913397
C            3.48922813677420       -2.49142654880952        2.20287533703833
C            2.40936589676088       -1.72654666237462        1.80499231155750
Cl           3.90682513695840       -2.57004737522480        3.87109720484754
O            5.28841630014631       -3.96118493477613        1.73832799641575
C            6.52528098419489       -3.88189901796983        1.06240064648867
C            7.45208879341864       -2.75594850375367        1.44370343419498
C            7.72808301465933       -4.15668908370133        1.91004198946207
H           -0.52124170250889       -2.47365675344205       -0.07586796378723
H            0.24332584503010        2.25088200117416       -0.59019023688840
H           -3.84369348335513       -2.58578430459983       -0.53072662322243
H            2.52539985939346       -2.35120387701677       -1.51041337005907
H            4.45833039097361       -3.67582629221984       -0.81072949851156
H            1.84660727818958       -1.16955328809862        2.53857847163224
H            6.51799688155428       -4.23177331315870        0.03068878456205
H            8.08351697906414       -2.31992090709786        0.67840738961880
H            7.08806888353095       -2.04746158843754        2.17738255086562
H            7.54509234067799       -4.38639110889887        2.95028992492435
H            8.54808810719378       -4.70177445761579        1.46470777886255
31
 energy: -58.152915302039 gnorm: 0.007010647686 xtb: 6.7.1 (edcfbbe)
N            1.09747597980051        0.44889218073174       -0.08989007565388
C            0.89347464455563       -0.85659289929248        0.05626422279389
C           -0.36325754396218       -1.41726823113970       -0.16991352838640
C           -1.38313761749566       -0.53435859835575       -0.51065657114543
N           -1.16317565817566        0.76681907061195       -0.66576105764016
C            0.06739392285544        1.18514186722679       -0.46083243503399
C           -2.79613046684844       -0.99583641826643       -0.69217257695789
O           -3.72043344425458       -0.30316770722922       -1.01286551352944
O           -2.93180876911048       -2.30896398383757       -0.43641095871412
C            2.04814435171528       -1.67652481184405        0.48383086668062
C            2.79958418867082       -2.38459101394747       -0.44264028413360
C            3.90059947462712       -3.11784628886503       -0.04189751222801
C            4.26276163797073       -3.18405249084587        1.29851347926966
C            3.47973675816568       -2.48914416958102        2.22972947134175
C            2.39348023026902       -1.73524851295727        1.82705979640481
Cl           3.88695820966890       -2.56500564541794        3.90173256795839
O            5.30388183525384       -3.92949315403060        1.76787876536513
C            6.52354449610165       -3.88298205346375        1.06783562015729
C            7.46936587109460       -2.76343667039391        1.40262946818324
C            7.73935179881475       -4.15516183153532        1.89462596771483
H           -0.53698492668171       -2.47451522828833       -0.05995667125329
H            0.25359746410890        2.24202157098407       -0.60098301808576
H           -3.86365386267967       -2.56005398986312       -0.55096447670663
H            2.53168781430967       -2.35383240102780       -1.48785816075205
H            4.47481898007730       -3.65503311489731       -0.77939242311696
H            1.82268246838519       -1.18525569373617        2.55917451236571
H            6.48719741513495       -4.25515189371434        0.04796052390341
H            8.09010778334647       -2.35480471486950        0.61755064108731
H            7.12841061617505       -2.03380142216738        2.12242715564667
H            7.57610385753710       -4.36168256874520        2.94025467331927
H            8.54321249057140       -4.71730918124065        1.44548753114124
31
 energy: -58.153192975644 gnorm: 0.009006466410 xtb: 6.7.1 (edcfbbe)
N            1.09418746620669        0.43648048639920       -0.07767581451242
C            0.88306755377911       -0.86643620016979        0.07590354438896
C           -0.37535917538961       -1.42199983113809       -0.15925681630009
C           -1.38657691260415       -0.53626477685867       -0.52431592295421
N           -1.15597680176525        0.76151979626608       -0.68897593831675
C            0.07375914450220        1.17562514652950       -0.46793721863220
C           -2.79733288441319       -0.99099238354767       -0.72967169045295
O           -3.70843955731663       -0.29779948347203       -1.08835679268899
O           -2.95159307869978       -2.29842276831294       -0.45323672345710
C            2.03346479958275       -1.68890161642346        0.51394331984906
C            2.80165892205025       -2.38245810661900       -0.41051996268541
C            3.91100043619968       -3.09918718415228       -0.00297397661240
C            4.26789188029286       -3.16376715198838        1.33995892240957
C            3.46476302506184       -2.48633597686522        2.26677054281414
C            2.36905833347829       -1.74847474964698        1.85989979065654
Cl           3.86647370530433       -2.56276507843462        3.94091564748253
O            5.32094961636439       -3.88306777022255        1.81875413218533
C            6.51670627261907       -3.88858957239102        1.07915208651474
C            7.49564883031839       -2.77189071180132        1.33886545592384
C            7.75383785767535       -4.15112052689142        1.87626447883963
H           -0.55896265342192       -2.47683759195226       -0.04283821325495
H            0.26715346055614        2.23048659056154       -0.61613639814645
H           -3.88570382294659       -2.53810144299594       -0.57829385261813
H            2.54168554991220       -2.35176459268150       -1.45752391405108
H            4.50280843987114       -3.62152735076553       -0.73866792677869
H            1.78574024061572       -1.21124031334852        2.59142877554798
H            6.43777669006470       -4.30207294895163        0.07469802775222
H            8.09981625303725       -2.40493472004722        0.51836524867402
H            7.19265242203546       -2.00833168489240        2.04328548752087
H            7.62234335423535       -4.31277464504636        2.93829989970547
H            8.53249063279586       -4.74629284013793        1.42063580119169
31
 energy: -58.153485836362 gnorm: 0.009634862134 xtb: 6.7.1 (edcfbbe)
N            1.09132170903577        0.43290701863420       -0.07208216443512
C            0.87988670810452       -0.86708237507384        0.08902727452933
C           -0.38012202903847       -1.42447621354215       -0.14284855339785
C           -1.38879908786366       -0.54206084937125       -0.52393431864986
N           -1.15366818101245        0.75362336660850       -0.70028084908558
C            0.07410694512302        1.17071562280429       -0.47315062144762
C           -2.79533828646099       -0.99480668841427       -0.74976933469788
O           -3.69322933439107       -0.29978973733566       -1.13127198880413
O           -2.96229543258240       -2.29657661802612       -0.46765810344300
C            2.02833985649673       -1.69390315773342        0.52848089346661
C            2.80771864526226       -2.37238275687168       -0.39890264724960
C            3.92178654026456       -3.07877631058322        0.01274309788132
C            4.27460156932934       -3.14686003400677        1.35838567409774
C            3.46105307729559       -2.48195984015226        2.28217668291158
C            2.35865976504197       -1.75479100070021        1.87643654813700
Cl           3.87249458171801       -2.56261360353583        3.95482641240772
O            5.33174839017884       -3.84835208023426        1.84557674117126
C            6.50649987790221       -3.89542677186774        1.09348097286301
C            7.49997264977569       -2.78360039139021        1.29658743212101
C            7.75443724659994       -4.14910234184812        1.87072744311171
H           -0.57027909676353       -2.47698267337722       -0.01850986144690
H            0.26722011945367        2.22466252596315       -0.62748102887676
H           -3.89494705398684       -2.53561173818549       -0.59413500288177
H            2.55278759330241       -2.33697006455572       -1.44666894655224
H            4.52937724996801       -3.58850071557395       -0.72046313730121
H            1.76856636550514       -1.22960093375753        2.61013790114383
H            6.40127694211545       -4.33824947152786        0.10702363766082
H            8.08815875819653       -2.44760746165576        0.45687184778483
H            7.22153114169400       -2.00040396128913        1.98483015311170
H            7.64576782737212       -4.27574363011151        2.93987290342831
H            8.51635494236565       -4.76791711328732        1.42073094243605
31
 energy: -58.153720999090 gnorm: 0.014516536492 xtb: 6.7.1 (edcfbbe)
N            1.08743237552587        0.42381593998597       -0.06506453367775
C            0.86998727883021       -0.87365406897984        0.10818070456405
C           -0.39046154781727       -1.42954773915629       -0.12527840271198
C           -1.39116282743684       -0.54839162118377       -0.53229520127070
N           -1.14947048075324        0.74497418311532       -0.72357929213649
C            0.07648955324932        1.16194144947898       -0.48458302291777
C           -2.79534132059716       -0.99588840844022       -0.78389018266196
O           -3.67773551422854       -0.29940086480573       -1.21049060012153
O           -2.97913235945374       -2.29052255843805       -0.47401430071283
C            2.01723044827656       -1.69770230203715        0.55640281146398
C            2.81556649019699       -2.35865413776977       -0.36910717934485
C            3.93818012838036       -3.04978186465685        0.04683322815097
C            4.28106954160781       -3.11992607884663        1.39573232523862
C            3.44539124954736       -2.47616371513524        2.31695590271893
C            2.33538835169039       -1.76297803642463        1.90761804140488
Cl           3.85020916199266       -2.56110870596313        3.99183693461711
O            5.34674481225287       -3.79661257087183        1.89509525664511
C            6.49910344319644       -3.90665079600815        1.10627629740661
C            7.52054334983312       -2.80052174664262        1.22956537310364
C            7.76687880342332       -4.14733290324556        1.85616529200723
H           -0.58799145155132       -2.47955385756060        0.01011630121683
H            0.27271165652831        2.21460431819188       -0.64138612814128
H           -3.91080313070525       -2.52699259047050       -0.62290689657604
H            2.56914423598417       -2.32008612265114       -1.41900035547292
H            4.55873714454895       -3.54503101548868       -0.68516211485100
H            1.73129101539066       -1.25224379907033        2.64088521525393
H            6.35806253563334       -4.39543878778856        0.14222591650947
H            8.08970041870468       -2.50996392734693        0.35579645277897
H            7.27544224466649       -1.98230501322871        1.89424111254080
H            7.68656023660319       -4.22914107767676        2.93296197166926
H            8.50522415648257       -4.79798158088267        1.41062907330026
31
 energy: -58.154055691630 gnorm: 0.010264116775 xtb: 6.7.1 (edcfbbe)
N            1.08542942002700        0.42532140023909       -0.07106553709308
C            0.86752588404138       -0.87143823767247        0.11201839490799
C           -0.39159371209198       -1.43091199584013       -0.11558365161405
C           -1.39049849852985       -0.55518568153581       -0.53294757000446
N           -1.15231536398778        0.73885189491604       -0.73030681832675
C            0.07182757868662        1.16037938786147       -0.49179234701239
C           -2.79319631112021       -1.00455921438327       -0.79231281262294
O           -3.66956414837777       -0.30911664241670       -1.22782174587117
O           -2.97860579985431       -2.29543194772902       -0.47001796370575
C            2.01819369339064       -1.68734647454960        0.56323468167067
C            2.82619859178137       -2.33874481445676       -0.36019146454770
C            3.95080664328555       -3.02738746885940        0.05489879044283
C            4.28345344360765       -3.10384941457913        1.40554563753172
C            3.43803796200084       -2.47076419892327        2.32752613138293
C            2.32783111012152       -1.75989508232737        1.91637260277116
Cl           3.83411391163611       -2.56263100356458        4.00437872177925
O            5.34902261991568       -3.77375870737665        1.91102051890840
C            6.49432918037609       -3.91713152118225        1.11263881247826
C            7.52164684288648       -2.81796664503939        1.20090498342821
C            7.76832681339144       -4.14943535717201        1.85548647087568
H           -0.58815330965779       -2.47975484938150        0.03139991759096
H            0.26511155086326        2.21329184352045       -0.64704380451671
H           -3.90644480626693       -2.54094624302081       -0.63428209281069
H            2.58513342303180       -2.29403327266046       -1.41157190572513
H            4.57300628343054       -3.51476872140963       -0.67843293307644
H            1.71636010552613       -1.25605728781137        2.64877436686964
H            6.34597794764885       -4.42849013369458        0.16478125447163
H            8.08258760546498       -2.55042910367710        0.31656044085288
H            7.28401907722393       -1.98432673686955        1.84697507527382
H            7.69822506652477       -4.20761957060770        2.93027847867082
H            8.49819719502621       -4.81410419979480        1.42133536701377
31
 energy: -58.154549323210 gnorm: 0.009744433203 xtb: 6.7.1 (edcfbbe)
N            1.08198004916064        0.42864710442739       -0.08330436442618
C            0.86421025004842       -0.86635764630743        0.11899091660229
C           -0.39316487531894       -1.43143115181278       -0.09790805659774
C           -1.38905966984083       -0.56612540987667       -0.53470262980506
N           -1.15759457889076        0.72845194603900       -0.74007034288074
C            0.06295412900640        1.15749260270753       -0.50172573193278
C           -2.78910255709359       -1.02102162113830       -0.80343893989964
O           -3.65610707350939       -0.33215341289917       -1.25834046378032
O           -2.97576851585922       -2.30562813314808       -0.47054016686118
C            2.02100889634362       -1.66807221751675        0.57641116600626
C            2.84677525317707       -2.29981078852662       -0.34256228981545
C            3.97196069857411       -2.98744163879494        0.07188865527032
C            4.28553603738670       -3.08016134726784        1.42466161086709
C            3.42542365453584       -2.46445015129884        2.34687185611015
C            2.31479139057301       -1.75783099049579        1.93228447003262
Cl           3.79923915203516       -2.57254584131759        4.02808620531361
O            5.35347814869798       -3.73792910971642        1.93723920961795
C            6.48170862555939       -3.93545042765043        1.12742034183480
C            7.52433005028705       -2.84969290912375        1.14069977526609
C            7.76719336724867       -4.14919056727780        1.85854278197271
H           -0.58668819684266       -2.47806369516564        0.07001689133077
H            0.25208105662182        2.21041290772455       -0.66148153958506
H           -3.89529416576637       -2.56575842367704       -0.65414686826026
H            2.61876762424351       -2.23969518828613       -1.39689055084959
H            4.60510455860773       -3.45147041265698       -0.66672483790295
H            1.68985304072834       -1.26735991703488        2.66268093321680
H            6.31338945061068       -4.49546387823494        0.21177165955147
H            8.07104137454352       -2.63354114225892        0.23290212564836
H            7.30681527730350       -1.98102656404031        1.74902310230187
H            7.72481913571524       -4.14376729605093        2.94113145880724
H            8.47530841211559       -4.85180467932181        1.44197362283960
31
 energy: -58.154960269089 gnorm: 0.013323189612 xtb: 6.7.1 (edcfbbe)
N            1.07912081604856        0.43918144751857       -0.10309682756970
C            0.86575896583412       -0.85391305556900        0.12293864312487
C           -0.39051275230036       -1.42688749359607       -0.07186435406701
C           -1.38732834148554       -0.57655387278383       -0.52713117894879
N           -1.16787326893163        0.71863445833777       -0.74544729494016
C            0.04908360689242        1.15820907625910       -0.51333987291565
C           -2.78491911789381       -1.04408584050878       -0.80089478389677
O           -3.64672980645516       -0.36763545738341       -1.29377536268349
O           -2.96593668664200       -2.32321759196207       -0.44976367303105
C            2.03104077407394       -1.63999296836850        0.58130941800629
C            2.87239930077244       -2.24913578771524       -0.33494250932803
C            3.99401920751730       -2.94441805381980        0.07768922414808
C            4.28716980545059       -3.06257130888377        1.43115098705484
C            3.41913557837716       -2.46074063415539        2.35438092148129
C            2.31017584436086       -1.75399781169734        1.93826124203286
Cl           3.76501844605877       -2.59287766606295        4.03949108085136
O            5.35278964540910       -3.72114889524932        1.94503383838970
C            6.46779715224822       -3.95411355074350        1.14187528010657
C            7.51521287379840       -2.88553421363468        1.09230778181602
C            7.75984549533337       -4.14638169596716        1.87052728320742
H           -0.57407503962244       -2.47197049512384        0.11621634553435
H            0.23064079685063        2.21167365539962       -0.68212844111086
H           -3.87234525633767       -2.60385931116604       -0.65642857790128
H            2.65922661696689       -2.16645320731169       -1.39175399050694
H            4.63857237710406       -3.38172449485621       -0.66803350979012
H            1.67423526413273       -1.27596315440342        2.66672879449225
H            6.28637284207676       -4.55834166027707        0.26007823932573
H            8.05198644356053       -2.71655508894816        0.17410927964679
H            7.30874162505763       -1.99092526225661        1.65993355020065
H            7.73314028982152       -4.09067829088010        2.94560542410074
H            8.45322650192474       -4.87626177418962        1.48172304316302
31
 energy: -58.155367261468 gnorm: 0.018210189751 xtb: 6.7.1 (edcfbbe)
N            1.07251790141456        0.44541130874102       -0.11392450445435
C            0.86202743248797       -0.84424429832046        0.13470640221300
C           -0.39415940586915       -1.42243247174438       -0.04827170274547
C           -1.38936313345956       -0.58508945931801       -0.53208225937650
N           -1.17579027969807        0.70866462446923       -0.76258850514707
C            0.03783553065823        1.15604621644902       -0.52897404262226
C           -2.77972271450091       -1.06737492105914       -0.82974306999351
O           -3.63398816833315       -0.40773381879081       -1.34951542485930
O           -2.96231266023245       -2.33825221477239       -0.44684548541971
C            2.03091442324308       -1.62024579678234        0.60147588173670
C            2.90210538797478       -2.19448344499625       -0.31199423297668
C            4.02558036710107       -2.88571364311570        0.10759309862472
C            4.29455309113903       -3.02762089780606        1.46417422602179
C            3.40154304025660       -2.45351847055336        2.38367243123966
C            2.28674736355622       -1.75891642098958        1.96208075553195
Cl           3.71808906797726       -2.61073609656136        4.07303143119819
O            5.36054281109940       -3.67581266448669        1.98902768756290
C            6.44952435508982       -3.98096228096126        1.16502369689785
C            7.52208354503961       -2.92895732257140        1.00457925640799
C            7.76147353679526       -4.14217385954114        1.87222863951102
H           -0.57309507611788       -2.46472745986124        0.16058409756644
H            0.21520369345280        2.20915628310706       -0.70733277274285
H           -3.85902733346365       -2.63006944690038       -0.66443564251876
H            2.70883534954262       -2.09195833781622       -1.37173858979836
H            4.69040010475324       -3.29453977984876       -0.63840530364146
H            1.63105818068109       -1.30265523204722        2.68858572770535
H            6.22700434236463       -4.65401375520157        0.32658036830402
H            8.03959174760261       -2.83358784637345        0.05517969023891
H            7.35052873933048       -1.98717648391485        1.52045315779516
H            7.76623465218607       -4.01183221257260        2.94584617356366
H            8.42805410793051       -4.91268979585833        1.51178881416948
31
 energy: -58.155534276723 gnorm: 0.033234693908 xtb: 6.7.1 (edcfbbe)
N            1.06934349036006        0.45749775858847       -0.12095492922323
C            0.86762923656615       -0.83101226016613        0.12658396268744
C           -0.38983343274813       -1.41101996919062       -0.05576381938608
C           -1.39336606300841       -0.57756469575816       -0.53405000680592
N           -1.18345389838291        0.71493606023590       -0.76136459252068
C            0.03197566303384        1.16388754834704       -0.53655444246214
C           -2.77690374850576       -1.07902053601000       -0.82918290879905
O           -3.64581802408921       -0.43877945808865       -1.31832021847566
O           -2.94474068763178       -2.35174816105900       -0.44095485688978
C            2.03361655156777       -1.61351977555912        0.59370860551848
C            2.91398774609279       -2.17450992238119       -0.32181478952958
C            4.03408004198946       -2.86934589831087        0.10753301508950
C            4.29800405861569       -3.02188043376451        1.46403479764654
C            3.39786984857255       -2.45444540477310        2.37900169654352
C            2.28160505162912       -1.76149778075020        1.95442497388557
Cl           3.70896419889704       -2.62209403685287        4.06628685799043
O            5.35277506958295       -3.69125138109275        1.98905514554075
C            6.44441693436755       -3.99088251828030        1.16743659245411
C            7.51520780563165       -2.94459707718169        1.00689815352945
C            7.75798565816064       -4.14513454756886        1.87253388690255
H           -0.56202087234069       -2.45354555345442        0.15001058657569
H            0.20590584209937        2.21733028960418       -0.71660228222632
H           -3.84096863818259       -2.64495135597301       -0.63471628948103
H            2.72624022283159       -2.06848066127766       -1.37961080429501
H            4.70227360099247       -3.28476315441204       -0.62748060720948
H            1.62160963849478       -1.31211998703518        2.68112943177299
H            6.21535419000131       -4.64921515831157        0.33220766138712
H            8.03532024309847       -2.85302365893339        0.06678507877361
H            7.34417119121423       -2.00801890564445        1.51642032295092
H            7.76386710696545       -4.00488503117179        2.94352580072380
H            8.42989197412653       -4.90458433377282        1.52055397732423
31
 energy: -58.156071336503 gnorm: 0.017247068479 xtb: 6.7.1 (edcfbbe)
N            1.06515017087248        0.46533530941229       -0.13074063634533
C            0.86834097686872       -0.82065554088130        0.13371339310569
C           -0.38977879551352       -1.40548831487718       -0.03452010317619
C           -1.39667071673047       -0.57973967699284       -0.52248885639639
N           -1.18790542690263        0.71004129758849       -0.77423620306966
C            0.02667750874056        1.16519883939749       -0.55519608989215
C           -2.77318366670431       -1.09226567832009       -0.81797344182083
O           -3.64068367348047       -0.46968270902219       -1.37263722356722
O           -2.93611730922472       -2.36140006003894       -0.40870004474007
C            2.03644459991940       -1.60164566671889        0.59950230812621
C            2.92897183223494       -2.14433103181824       -0.31688340314797
C            4.05056561936593       -2.83411121474799        0.11585493246050
C            4.30418065243860       -3.00102266077796        1.47350809203695
C            3.38939580330814       -2.45283787916622        2.38720868804688
C            2.27362594851093       -1.76157632148491        1.96072536496574
Cl           3.69553665920745       -2.63528573348152        4.07363561510724
O            5.35501620732243       -3.67495286732015        1.99928771683462
C            6.43821482823985       -4.00208153680860        1.17271907749491
C            7.51066607644686       -2.97043682424329        0.98098949201697
C            7.75345294144323       -4.15062022842163        1.86768234293552
H           -0.56034985287041       -2.44659766790280        0.18114984474217
H            0.19561904271775        2.21812490237106       -0.73909381180725
H           -3.83012155668529       -2.66480519156505       -0.64068160552000
H            2.75043503028849       -2.02818710013438       -1.37428054097476
H            4.72971180970291       -3.24239264490328       -0.61251170891631
H            1.60142522423870       -1.33057650647965        2.68949796477971
H            6.19994945699098       -4.66518407030490        0.35803126793104
H            8.02133001641458       -2.90518704005336        0.03482977925212
H            7.34770430463123       -2.02054787536645        1.46445800150041
H            7.77154956478392       -3.97419732589814        2.94016109448859
H            8.41583672342562       -4.93113098103828        1.52774869354149
31
 energy: -58.156548698636 gnorm: 0.012844504644 xtb: 6.7.1 (edcfbbe)
N            1.06256210564558        0.47649796561756       -0.14675490692884
C            0.87261071722528       -0.80782660518540        0.13304363031870
C           -0.38376205519383       -1.40090114158941       -0.02383687730130
C           -1.39536663329373       -0.58646464899340       -0.51777325458825
N           -1.19500016994687        0.70311405854773       -0.77882470217006
C            0.01725710920837        1.16772389650359       -0.56639231597836
C           -2.76601535614560       -1.11283150784721       -0.81104496178471
O           -3.63398759640326       -0.50431103883101       -1.37602083752903
O           -2.92072660333798       -2.37906694332562       -0.40018073743022
C            2.04568332640012       -1.58030875392521        0.60132737453259
C            2.95192512109126       -2.10418624462410       -0.31089540005906
C            4.06924149850271       -2.79701194928127        0.12445062736183
C            4.30423116837954       -2.98519557107063        1.48367278341907
C            3.37883236842709       -2.45197294247617        2.39465591014583
C            2.26607032014648       -1.76004554823455        1.96390680315560
Cl           3.66595262619314       -2.65694630167726        4.08296868703685
O            5.35445313458437       -3.65921356378756        2.01314622850551
C            6.42599030145791       -4.01334205075525        1.18685747447362
C            7.50312559008541       -2.99311201380924        0.94262215280372
C            7.74441322382955       -4.14526345442996        1.87709940492965
H           -0.54885059912434       -2.44074576254274        0.20544867051060
H            0.17924185315069        2.22046732112887       -0.75962634058735
H           -3.80922586350792       -2.69545708699427       -0.63508265294025
H            2.78999065511731       -1.96758251119336       -1.37041207194844
H            4.76816461828492       -3.18266147627641       -0.60433449478961
H            1.58208607451818       -1.34529628285179        2.69122202665647
H            6.17283256000270       -4.72369822091611        0.39945499102129
H            8.00363788285882       -2.97039587820127       -0.01900038273938
H            7.35211706075992       -2.01573027907770        1.38909908325395
H            7.76118714350604       -3.94544604581898        2.93123636226777
H            8.39631841757993       -4.95102941808095        1.56072772637439
31
 energy: -58.156816160796 gnorm: 0.004347860884 xtb: 6.7.1 (edcfbbe)
N            1.06229453958103        0.47818835107660       -0.14679220125895
C            0.87465881410900       -0.80649943904317        0.13112186105369
C           -0.37910621620662       -1.40228570393430       -0.02830166110557
C           -1.39327481957605       -0.58851783363528       -0.51962232965325
N           -1.19494230994130        0.70101598557288       -0.78033216021709
C            0.01660417468313        1.16737172875920       -0.56779311401145
C           -2.76173813083820       -1.11768748912217       -0.81724261585566
O           -3.63294988738473       -0.50611898327005       -1.36949273843460
O           -2.91756037413976       -2.38178381988082       -0.39822732775934
C            2.04812522052252       -1.57666912564426        0.60098669997731
C            2.95950512351344       -2.09413780702647       -0.30773158454887
C            4.07501907523319       -2.78778579232829        0.12842861740910
C            4.30357809182952       -2.98230850241932        1.48641985094957
C            3.37435768151938       -2.45499092324707        2.39480966432217
C            2.26194829869556       -1.76294877105436        1.96222709308488
Cl           3.65338531782849       -2.67052730763627        4.08280560426104
O            5.35165828354776       -3.65818201184912        2.01675265486137
C            6.42100786237967       -4.01581641179472        1.19020884987613
C            7.49668107314834       -2.99880649893890        0.93721358693252
C            7.74383763105873       -4.14436556593823        1.87460906656292
H           -0.54398523270913       -2.44179968108622        0.20093781425780
H            0.17824653777281        2.21874707900192       -0.76736959814643
H           -3.81062874177005       -2.69365228703660       -0.61843163029294
H            2.80047046952371       -1.95377280207378       -1.36616332774393
H            4.77577849117314       -3.17122769648205       -0.59686385609621
H            1.57382703678292       -1.35466984796584        2.68649519744859
H            6.16428310947190       -4.72513339254098        0.40706736722602
H            7.99115240730955       -2.98416817744448       -0.02241758571692
H            7.35354523179561       -2.02191953293518        1.37662682399739
H            7.76925358998039       -3.93532958078633        2.93057575576225
H            8.39995765110785       -4.94245815929541        1.56025522285105
31
 energy: -58.157007614039 gnorm: 0.004311277798 xtb: 6.7.1 (edcfbbe)
N            1.06300208221356        0.48067134759143       -0.15041121130337
C            0.87818368042146       -0.80417046008462        0.12791265895591
C           -0.37222717848390       -1.40400666509918       -0.03453680828669
C           -1.38957597237836       -0.59193887842792       -0.52421040694492
N           -1.19364749440877        0.69693590767090       -0.78742524773070
C            0.01710675244142        1.16613172950599       -0.57571357422601
C           -2.76099274806412       -1.11997386975623       -0.81051385762388
O           -3.63390644000571       -0.50959466103861       -1.35790408995309
O           -2.91131021258509       -2.38621579764363       -0.39290091309917
C            2.05224805588558       -1.57117721776530        0.60055663921090
C            2.97308685500599       -2.07759030446479       -0.30365502954930
C            4.08618962846714       -2.77234168816766        0.13495558589828
C            4.30323557552460       -2.97809314583462        1.49256132527935
C            3.36580339050868       -2.46150473216634        2.39703476641486
C            2.25430286274011       -1.76914480548099        1.96100448354015
Cl           3.63023428984985       -2.69362950201663        4.08496537014156
O            5.34885681044842       -3.65567259063944        2.02504553172114
C            6.41424393372766       -4.01926721220334        1.19687521195004
C            7.48725336651854       -3.00577946766658        0.92585544121322
C            7.74321411348150       -4.14108561457240        1.87153322203194
H           -0.53642192297421       -2.44355762866729        0.19363896736093
H            0.17620070561175        2.21711971820706       -0.77826306405429
H           -3.80734883942487       -2.69620105173320       -0.60047820272385
H            2.82140105740548       -1.92792601664295       -1.36126513701521
H            4.79285345010522       -3.14920485344325       -0.58572634286862
H            1.55839458649034       -1.37115630972824        2.68143608835088
H            6.15198297005192       -4.73290240382167        0.42273181107254
H            7.97167281452947       -3.00628979050730       -0.03550612776980
H            7.35245722667993       -2.02552578347710        1.35231496637439
H            7.77805974736818       -3.91893528313358        2.92795391639294
H            8.40043685285009       -4.93621296879166        1.56289402723244
31
 energy: -58.157208929628 gnorm: 0.006515161005 xtb: 6.7.1 (edcfbbe)
N            1.06382990524437        0.48350469129098       -0.15642239253966
C            0.88251248386267       -0.80194897414439        0.12208311422271
C           -0.36515187151684       -1.40585905809399       -0.04128395814511
C           -1.38632232020405       -0.59557796048271       -0.52743337031734
N           -1.19361439805966        0.69303192507016       -0.79259793808178
C            0.01689253011595        1.16522009273292       -0.58415951503968
C           -2.75959244597373       -1.12423347891313       -0.80514424725316
O           -3.63799938784469       -0.51257863291431       -1.34144204922250
O           -2.90450147458756       -2.39197626143507       -0.38725057915748
C            2.05702607105223       -1.56543094078310        0.59903644383148
C            2.99030145621321       -2.05768938501957       -0.30040078853578
C            4.10080123134297       -2.75349038865246        0.14229684725571
C            4.30361269513986       -2.97262596602396        1.50042663594269
C            3.35488409808555       -2.46945769497183        2.40021127703487
C            2.24438452365907       -1.77767731316087        1.95949005053574
Cl           3.60231151294189       -2.71826474753461        4.08838951306568
O            5.34709090001908       -3.65106376557441        2.03622127988076
C            6.40758392546136       -4.02295261141201        1.20574914151713
C            7.47852067396965       -3.01371815873342        0.91106806234358
C            7.74254204683533       -4.13640888541776        1.86986561150617
H           -0.52762955857398       -2.44620325532177        0.18402297877288
H            0.17291338290000        2.21602056986518       -0.78971977410068
H           -3.80432483391491       -2.70001544617085       -0.58005652588425
H            2.84866662983777       -1.89635373399529       -1.35776466827353
H            4.81638674860120       -3.12111355246434       -0.57374086344587
H            1.53863665290274       -1.39118231452869        2.67615642137398
H            6.13863755666794       -4.74575157533900        0.44307259484589
H            7.95223121509595       -3.03384027088710       -0.05529918518795
H            7.35168426170667       -2.02628729666748        1.32148158120953
H            7.78496236102706       -3.89935089719516        2.92428824066548
H            8.39771342799484       -4.93496471312114        1.56961606117307
31
 energy: -58.157497984791 gnorm: 0.005914528844 xtb: 6.7.1 (edcfbbe)
N            1.06510012520894        0.48664065304815       -0.16798489984058
C            0.88804609704985       -0.79925202978711        0.11308552982393
C           -0.35723935872469       -1.40777531769945       -0.04888434695224
C           -1.38315534610476       -0.60008145264411       -0.53022596857567
N           -1.19479374786988        0.68836580153877       -0.79817632121163
C            0.01601530793341        1.16397110433238       -0.59647465246722
C           -2.75942206663539       -1.12958063646197       -0.79342481144421
O           -3.64627914728626       -0.51653533318975       -1.31481445557705
O           -2.89546323179901       -2.40051870982659       -0.38010079638427
C            2.06303856500083       -1.55820851175490        0.59604555418749
C            3.01495262453474       -2.02883700601068       -0.29676043464001
C            4.12215241280201       -2.72556466614185        0.15250475399720
C            4.30479960088247       -2.96370715827372        1.51136990381022
C            3.33902131228650       -2.48027387525009        2.40431110405190
C            2.22965293355262       -1.79078023322827        1.95662743840370
Cl           3.56289610115706       -2.75064756382748        4.09283717304321
O            5.34604038337850       -3.64220873283833        2.05213839580121
C            6.39937017272791       -4.02794477097853        1.21867668173304
C            7.46902009967897       -3.02629110571886        0.88958770000638
C            7.74141425310033       -4.12992425571307        1.86948861140572
H           -0.51668534260893       -2.44931307232850        0.17332885825539
H            0.16818329547827        2.21451855013711       -0.80642229869295
H           -3.79842076424270       -2.70806324306669       -0.55802709172182
H            2.88881596047950       -1.85040755924553       -1.35397607224809
H            4.85201114287577       -3.07832891156659       -0.55751340683678
H            1.50923392245862       -1.42086525616294        2.66842086441076
H            6.12062895600256       -4.76575757240901        0.47228244166013
H            7.92954351793471       -3.07436018477685       -0.08439624206154
H            7.35224830966581       -2.02711484497062        1.27703089045163
H            7.79262343067929       -3.87131670282601        2.91845935059154
H            8.39164048040496       -4.93807740235822        1.58174654701315
31
 energy: -58.157826234113 gnorm: 0.005945339943 xtb: 6.7.1 (edcfbbe)
N            1.06743291907311        0.48984877362837       -0.18844350273345
C            0.89528793520915       -0.79559350013089        0.09997584693839
C           -0.34844179250500       -1.40905027235131       -0.05607521524581
C           -1.38031584713244       -0.60521772675947       -0.53103584331012
N           -1.19750688938379        0.68292304710673       -0.80415292267290
C            0.01460504946191        1.16194791137568       -0.61534073260848
C           -2.75951171533239       -1.13740854076765       -0.77488896171448
O           -3.65880477381080       -0.52273743045997       -1.27479312737644
O           -2.88352601165010       -2.41240439527836       -0.36956119372798
C            2.07082883423120       -1.54852018630170        0.59058031685009
C            3.04934593880948       -1.98691589192824       -0.29220604788332
C            4.15219963785335       -2.68447860457808        0.16656966724430
C            4.30692809783879       -2.95007366593980        1.52527206164438
C            3.31665166190914       -2.49550816776079        2.40806965423109
C            2.20877707838606       -1.81029969884008        1.95045238744172
Cl           3.50701561673911       -2.79717091990827        4.09660079458332
O            5.34555854527667       -3.62783600948428        2.07280350835929
C            6.38889638523629       -4.03552606770617        1.23657941953459
C            7.45734834839481       -3.04649432231550        0.85981382484996
C            7.73952191021014       -4.12124107999260        1.87088696034873
H           -0.50297193760752       -2.45175468001402        0.16486151253463
H            0.16208929414375        2.21205112486507       -0.83141350788082
H           -3.78885771322379       -2.72138356884423       -0.53232792423801
H            2.94614132231739       -1.78370699773630       -1.34857685265066
H            4.90290539850933       -3.01445483693747       -0.53491516128407
H            1.46707076177085       -1.46508266442702        2.65511535246691
H            6.09697436560977       -4.79463831771745        0.51337682193629
H            7.90209570575289       -3.13122910542706       -0.12231896190873
H            7.35172965347646       -2.03177869853511        1.21494612387665
H            7.80318214283919       -3.83041432259400        2.90988269618674
H            8.38234007759913       -4.94409118423940        1.60102300620075
31
 energy: -58.158068677784 gnorm: 0.007600509656 xtb: 6.7.1 (edcfbbe)
N            1.07051829972184        0.49200518050774       -0.21178582285800
C            0.90181184444139       -0.79165260403754        0.08807542199724
C           -0.34206294114264       -1.40830957581123       -0.05791127861027
C           -1.37865981089227       -0.60880481772429       -0.52880346156060
N           -1.20022595776468        0.67852709001557       -0.80953333770867
C            0.01353588931027        1.15976142253919       -0.63524546642885
C           -2.75951630049135       -1.14468506162220       -0.75512383054480
O           -3.66935491066949       -0.53015893756168       -1.23748797296600
O           -2.87265318921503       -2.42293484602489       -0.35783160576545
C            2.07781822707262       -1.53913312806305        0.58469392500379
C            3.08041853162647       -1.94622639432570       -0.28773834753984
C            4.17928387365375       -2.64479957903372        0.17931365848034
C            4.30886657425107       -2.93752439290295        1.53603812832620
C            3.29611214691792       -2.51095525709593        2.40876654258957
C            2.18994000099050       -1.82957408406828        1.94230221159396
Cl           3.45525586220298       -2.84410631663526        4.09613314092351
O            5.34514267789884       -3.61480229452914        2.08901730660330
C            6.37997765801563       -4.04288892988693        1.25191796525477
C            7.44658369105815       -3.06634064390723        0.83489794571709
C            7.73731302900379       -4.11424329227541        1.87263947942237
H           -0.49180660040600       -2.45115433020937        0.16628834794085
H            0.15785707769518        2.20873550669575       -0.85966768679773
H           -3.77823187521963       -2.73541873610777       -0.51186412548259
H            2.99845741279966       -1.71955873593519       -1.34199020424281
H            4.94847678140025       -2.95312386995866       -0.51385435303429
H            1.42896271221749       -1.50810992597561        2.63962856469735
H            6.07755352075203       -4.81977318193070        0.54957328463249
H            7.87950003357832       -3.17954997701835       -0.15146872344571
H            7.34727611808619       -2.04038594625530        1.16270507190668
H            7.81255390307225       -3.79432923328342        2.90089459983645
H            8.37428572003680       -4.94872510757796        1.61818062205224
31
 energy: -58.158339092697 gnorm: 0.007755381994 xtb: 6.7.1 (edcfbbe)
N            1.07498727756378        0.49315745306626       -0.23950468377471
C            0.90787679406903       -0.78670628839487        0.07828112386996
C           -0.33794983888770       -1.40471623554975       -0.05221438835689
C           -1.37774078309455       -0.61068575433558       -0.52313373302443
N           -1.20218502231373        0.67479024610167       -0.81612572146222
C            0.01362915733780        1.15694189068113       -0.65900031934051
C           -2.75848556961775       -1.15180523716390       -0.73488366329040
O           -3.67690904080068       -0.53958503699617       -1.20424688924070
O           -2.86209169177926       -2.43191915278311       -0.34375631366034
C            2.08411542337846       -1.52944747907234        0.57909098182705
C            3.10799087492214       -1.90568944415608       -0.28240265461925
C            4.20286882895799       -2.60634632171635        0.19106444336802
C            4.30999734578310       -2.92725717763273        1.54338593459962
C            3.27709274207493       -2.52827917347642        2.40595133455384
C            2.17309109190414       -1.84948762965569        1.93221793122377
Cl           3.40745059457289       -2.89462345660322        4.09007453687664
O            5.34401064509630       -3.60485426960148        2.10011482727088
C            6.37232398560267       -4.04990867972095        1.26404628075351
C            7.43572178635238       -3.08479070654889        0.81591701342267
C            7.73455267540250       -4.10899102210430        1.87399056351974
H           -0.48336206787124       -2.44617562766941        0.18178582609218
H            0.15620475769342        2.20394102677995       -0.89442411392884
H           -3.76612102459622       -2.75007188775793       -0.49470939700700
H            3.04565616695545       -1.65556004874544       -1.33269888654986
H            4.98786886660618       -2.89384114853467       -0.49392520625104
H            1.39504508032949       -1.55131813689146        2.62177767816116
H            6.06275220405931       -4.84019823171188        0.57954933636969
H            7.86052237064651       -3.21677409996750       -0.17107699920059
H            7.33762600792628       -2.05261202234754        1.12324327567526
H            7.82056307246231       -3.76457334317571        2.89101299186116
H            8.36788728926649       -4.95085300431524        1.63135889025424
31
 energy: -58.158726242959 gnorm: 0.006983319833 xtb: 6.7.1 (edcfbbe)
N            1.08276685149513        0.49278892667550       -0.28117017609975
C            0.91489780382515       -0.77878546919650        0.06961083020256
C           -0.33561847486211       -1.39568988757006       -0.03299801301972
C           -1.37710422954824       -0.61071493941413       -0.51178220905752
N           -1.20279429059328        0.67035844125397       -0.82819356313504
C            0.01583360914947        1.15182696885138       -0.69574708725174
C           -2.75557271115392       -1.16016703178164       -0.70951044699290
O           -3.68278352107673       -0.55324538528293       -1.16747034730958
O           -2.84790653886905       -2.44141160169097       -0.32401599485288
C            2.09078845597323       -1.51668702252152        0.57336756507883
C            3.13918430170551       -1.85246415828477       -0.27328872991562
C            4.22864723184122       -2.55812976878696        0.20516537297262
C            4.30989085948911       -2.91774458998757        1.54844892555616
C            3.25370233094765       -2.55504019473584        2.39793601542605
C            2.15251173322984       -1.87808575060210        1.91747626389918
Cl           3.35085865521646       -2.96725514057800        4.07419534381917
O            5.34090794834642       -3.59677439510434        2.10814866000803
C            6.36370134705927       -4.05841949985790        1.27573085864874
C            7.42154338711827       -3.10594350381621        0.79772992769810
C            7.73069660021849       -4.10343032088118        1.87524190106978
H           -0.47721323749993       -2.43232812863561        0.22530210252775
H            0.15867549004371        2.19440108501964       -0.95137488932343
H           -3.74854718519640       -2.76887841213966       -0.47634579299152
H            3.09996642594756       -1.57078948974314       -1.31574636998589
H            5.03032289290426       -2.81963679329177       -0.46951385208569
H            1.35500092780750       -1.61041867515558        2.59631289678480
H            6.04906270569426       -4.86170408268437        0.61126340182871
H            7.83919949982187       -3.25217519866438       -0.18724780503174
H            7.32140987267631       -2.07049952680575        1.08701897861330
H            7.83094532098035       -3.73203550122627        2.87883683357572
H            8.36201593731117       -4.94916095336107        1.64337939933619
31
 energy: -58.159077746538 gnorm: 0.007249084731 xtb: 6.7.1 (edcfbbe)
N            1.09158151514831        0.48949531917852       -0.32720464287808
C            0.92070259540884       -0.77032770824117        0.06429021262958
C           -0.33547344178878       -1.38315285849381       -0.00394336477346
C           -1.37690635810475       -0.60907723956048       -0.49832536806273
N           -1.20138181306171        0.66496542981320       -0.84556343394439
C            0.02008545084006        1.14390392909251       -0.73909025411674
C           -2.75279866709970       -1.16641093704052       -0.68535869221501
O           -3.68856832490003       -0.56440218654479       -1.13196146747799
O           -2.83257433277339       -2.44992790300962       -0.30656922946288
C            2.09545821709119       -1.50454446650104        0.56962139934680
C            3.16882394543033       -1.79650240948571       -0.26140987555376
C            4.25298848844731       -2.50887802783583        0.21880268352984
C            4.30876068863056       -2.91027988110105        1.55092555660483
C            3.22929078914646       -2.58722622615714        2.38715233423792
C            2.12964149102067       -1.91209857182311        1.90203957971013
Cl           3.29585989751923       -3.04876739335535        4.05197034071696
O            5.33654654131859       -3.59079494787129        2.11371333665825
C            6.35616565132734       -4.06570673841650        1.28629939238474
C            7.40915790528304       -3.12465874807245        0.78041458442108
C            7.72798170914528       -4.09676283180835        1.87700323856289
H           -0.47634537328346       -2.41138999632418        0.28905918884171
H            0.16474597876214        2.18028317954295       -1.01906178177012
H           -3.73057898232800       -2.78585273820876       -0.45941222362080
H            3.15195943567996       -1.47918737293049       -1.29383899296066
H            5.07057330829663       -2.74276728194245       -0.44552905523030
H            1.31216415476790       -1.67857433346569        2.56913413302521
H            6.03839806683607       -4.88294227488297        0.64261318138046
H            7.81951568744402       -3.28652988027494       -0.20354866986439
H            7.30967390653388       -2.08503215306192        1.05267867621587
H            7.84208889948827       -3.70013182437156        2.87010244749617
H            8.35745296977642       -4.94496092684584        1.65575676616161
31
 energy: -58.159446227713 gnorm: 0.008616286748 xtb: 6.7.1 (edcfbbe)
N            1.10144732630163        0.48046634427153       -0.37559224621716
C            0.92350849168760       -0.76240897972432        0.06600684600425
C           -0.34018198955724       -1.36509449562964        0.03996736978151
C           -1.37746520428503       -0.60448380983642       -0.48306820258416
N           -1.19590592780976        0.65803874450942       -0.87195456347446
C            0.02816408287084        1.13139973958845       -0.78964202939694
C           -2.75083041250683       -1.16781942908306       -0.66463547467693
O           -3.69226521211643       -0.57082634154654       -1.10422283406122
O           -2.81942459311288       -2.45402762617476       -0.29236357704867
C            2.09595549405127       -1.49529185941090        0.57068228858410
C            3.18906173109559       -1.74486897931291       -0.24498989772076
C            4.26970740825591       -2.46508873064361        0.23032621557159
C            4.30607999355824       -2.90824141986177        1.54776415562710
C            3.20810220400431       -2.62441263851545        2.37191611360572
C            2.10874947242142       -1.94948143675205        1.88679680567535
Cl           3.25207835531158       -3.13715973385627        4.02004574119286
O            5.33134452775569       -3.59079547161689        2.11165991542375
C            6.35347229503063       -4.06831812353450        1.29080549479109
C            7.40260348648520       -3.13438362274256        0.77174462195914
C            7.72724927990815       -4.09016557027554        1.87828160358693
H           -0.48528616612740       -2.37975907674751        0.37855437185176
H            0.17750211031432        2.15897214054366       -1.09896714937317
H           -3.71493998297724       -2.79663846997159       -0.44744176252491
H            3.18820532445275       -1.39089582996966       -1.26365201500937
H            5.09939117847128       -2.67161364599597       -0.42520953089117
H            1.27511502927210       -1.75026659495270        2.54179548151063
H            6.03891381293103       -4.89523899693355        0.66225799207972
H            7.80989874195550       -3.30563847733887       -0.20984532012854
H            7.30199544924530       -2.09342434587242        1.03393724177854
H            7.84628318715779       -3.68259828951231        2.86505589559794
H            8.35646050595737       -4.93817497310122        1.66474644847828
31
 energy: -58.159743401821 gnorm: 0.010703702988 xtb: 6.7.1 (edcfbbe)
N            1.11190265217982        0.46746192438518       -0.43286950979894
C            0.92685575407402       -0.75498689516887        0.06432710765396
C           -0.34421178977263       -1.34500538667294        0.08509677579741
C           -1.37809610287214       -0.60080506196279       -0.46884364534367
N           -1.18993725643476        0.64647422524756       -0.90690000016367
C            0.03778018217736        1.11373152812906       -0.85262511619061
C           -2.75193539767259       -1.16817126729653       -0.63657158959338
O           -3.70397260739226       -0.57308583526082       -1.05764544302503
O           -2.80559485805354       -2.45961022889599       -0.27522587481959
C            2.09706877650030       -1.48472593365173        0.57130868261723
C            3.22177004786925       -1.67552340438422       -0.22551915369220
C            4.29854789080140       -2.40359128361855        0.24584459935048
C            4.30450251604312       -2.90218423816283        1.54779846862856
C            3.17755793853122       -2.67271921056753        2.35650737900120
C            2.07733821606391       -2.00039251185729        1.86932262588598
Cl           3.18698565701515       -3.25230822582549        3.98568019719989
O            5.32597196772966       -3.58760454155744        2.11498762690896
C            6.34953429568713       -4.07182255015772        1.29955673482053
C            7.39692210577272       -3.14795420098682        0.75516071184473
C            7.72724736267654       -4.08070969148835        1.88132327381394
H           -0.49543362236021       -2.34263378197385        0.47205354967436
H            0.19186128344423        2.13010469149923       -1.19821021849700
H           -3.70146965092758       -2.80589444001008       -0.42221453386722
H            3.24405791433132       -1.27235289758252       -1.22878327096598
H            5.14833164173555       -2.57259184683946       -0.39792018010363
H            1.21885254338065       -1.84809407905052        2.50943756755858
H            6.03496841457567       -4.91431068670860        0.69094180117147
H            7.79747691139688       -3.34339790010129       -0.22641906429237
H            7.30279904686877       -2.09971038048634        0.99596962503587
H            7.85323551476399       -3.65177810129455        2.86199028302375
H            8.35407265186992       -4.93404778769797        1.68320059035932
31
 energy: -58.160161980284 gnorm: 0.007066508818 xtb: 6.7.1 (edcfbbe)
N            1.11581620517060        0.44807634364804       -0.45295885275746
C            0.92168856398258       -0.75610372708424        0.07477836744988
C           -0.35360220139670       -1.32770738895723        0.11915373429152
C           -1.37948247847006       -0.59473661427583       -0.46571197511709
N           -1.18048474926778        0.63619168748919       -0.93847636773800
C            0.04874361969788        1.09503709846281       -0.88811261611725
C           -2.75639891598481       -1.15672202715066       -0.63228331907472
O           -3.71006809379110       -0.55787866653444       -1.04476606322890
O           -2.80787940129346       -2.45179300713848       -0.27677138579438
C            2.08929426363977       -1.48774467536656        0.58145610368476
C            3.21830283448800       -1.65750012880598       -0.20853906487111
C            4.29791037780847       -2.38884853357854        0.24970544621156
C            4.30196209389123       -2.90910302587085        1.53979487511642
C            3.17137907683694       -2.70105122517813        2.34397910255298
C            2.06801023002958       -2.02736140045597        1.86418905151690
Cl           3.17913512704595       -3.31310734466487        3.95591239295530
O            5.32306848017503       -3.59730867940367        2.10490352109010
C            6.35721891349712       -4.06566804525929        1.29184126399642
C            7.40832826131219       -3.13595556584341        0.76196438362985
C            7.73142258407120       -4.07622970312485        1.88379480918837
H           -0.51757001993458       -2.30767210166131        0.53501366529941
H            0.20957195538003        2.10109638846528       -1.25587631337675
H           -3.70732048189970       -2.79181629363371       -0.41480287750334
H            3.23727006660241       -1.23306444951133       -1.19912818005408
H            5.15003612854477       -2.54284460273356       -0.39168454801286
H            1.20694731163870       -1.89363588623374        2.49820281398502
H            6.05233929593211       -4.90691073806707        0.67744049423296
H            7.81383778927478       -3.33528181125025       -0.21866523766331
H            7.31928192265194       -2.08684862634482        1.00339932799668
H            7.84535199625558       -3.65661542160844        2.87292077737417
H            8.36087924411413       -4.92913182832809        1.69008667072990
31
 energy: -58.160491939550 gnorm: 0.007886552186 xtb: 6.7.1 (edcfbbe)
N            1.12535461473050        0.42615987449755       -0.49697523050927
C            0.91947782139238       -0.75597578228156        0.07917351206616
C           -0.36400052938022       -1.30766418675581        0.15856065521571
C           -1.38231881217437       -0.58838099028990       -0.45638941038826
N           -1.17090594949304        0.62201439240094       -0.97819944509177
C            0.06405219984265        1.07173251092340       -0.94733933709460
C           -2.76353441895103       -1.14484994757854       -0.61053153894280
O           -3.71849130683349       -0.54305808473795       -1.01206410842223
O           -2.81374940691079       -2.44282429208570       -0.26294397511045
C            2.08528842157705       -1.48658193152727        0.58919652266518
C            3.22792494437801       -1.61950585508036       -0.18984977882981
C            4.30867521691364       -2.35495764845157        0.25794483963890
C            4.29981022484691       -2.91523630197957        1.53326434958417
C            3.15553630157603       -2.74478420409664        2.32877424195934
C            2.05093883871607       -2.06870479377810        1.85446872329044
Cl           3.14542441364785       -3.41214057992658        3.92070093628804
O            5.32000947790428       -3.60892418515799        2.09411431761065
C            6.36503008648759       -4.05928527282651        1.28333159708187
C            7.41906540843101       -3.12492960195630        0.77228343734590
C            7.73367308139111       -4.07330558211604        1.88656631949960
H           -0.54256585464116       -2.26769733251874        0.61449584504519
H            0.23247040987492        2.06476717455039       -1.34732597570183
H           -3.71502488781187       -2.77869921720641       -0.39374682225090
H            3.25432174136406       -1.15809755374868       -1.16569757471167
H            5.17106806213409       -2.48168681161119       -0.37744730646422
H            1.17757965962359       -1.96930887276592        2.48044403249383
H            6.07049109953479       -4.89383907936519        0.65800318536509
H            7.83081992314379       -3.32317880529575       -0.20407219131492
H            7.33026116016966       -2.07869020596538        1.01471643850510
H            7.83048391535600       -3.66725277955212        2.88036175202941
H            8.36782414316278       -4.92335405371649        1.69694198914121
31
 energy: -58.160894246685 gnorm: 0.008462050111 xtb: 6.7.1 (edcfbbe)
N            1.13267494289454        0.39950505907293       -0.52338288318349
C            0.91464644717494       -0.76394963791794        0.08244734621210
C           -0.37520286623795       -1.29413826862434        0.17358179634734
C           -1.38496769333273       -0.58254520963385       -0.45854485622795
N           -1.16063062734068        0.60600782355351       -1.01498177239730
C            0.08111124927490        1.04545402574466       -0.99325639266798
C           -2.77478014301601       -1.12469223974214       -0.59372729628296
O           -3.72842355463649       -0.51186910534585       -0.97945433860279
O           -2.83500810052776       -2.42301367189034       -0.25092104275735
C            2.07907378526884       -1.49368964812340        0.59974630070585
C            3.22795679289583       -1.60360542183196       -0.17485630647881
C            4.31135046686111       -2.34006772522323        0.26365897809801
C            4.29868017140653       -2.92739402595040        1.52728840450988
C            3.14806650814410       -2.78230757618906        2.31803427822021
C            2.04192098288661       -2.10262769785499        1.85223946818389
Cl           3.13111986230147       -3.48765088113338        3.89261028851820
O            5.31995626842400       -3.62821174323617        2.07815753086967
C            6.37793399768531       -4.04865575227696        1.26467821962424
C            7.43923223638764       -3.09868261261448        0.79770846406457
C            7.73549303147418       -4.07633169062815        1.89044047889628
H           -0.57265239486955       -2.23579019902180        0.65373097910031
H            0.25918065049200        2.02423472166675       -1.42187096128792
H           -3.74131878838710       -2.74834917749083       -0.36845042155686
H            3.25213406968538       -1.12178660672678       -1.13944296305494
H            5.17848134068621       -2.44879430039970       -0.36856944817669
H            1.16712504491967       -2.02262000734666        2.47662288200065
H            6.09518511629045       -4.86085741607613        0.60390534915986
H            7.86436131644619       -3.27953752385002       -0.17419430589214
H            7.34872209593150       -2.05949427190796        1.05545555732748
H            7.80481307441787       -3.69845043116127        2.89644836553181
H            8.37875471640170       -4.91832878783999        1.69565830119004
31
 energy: -58.161315624873 gnorm: 0.008405202591 xtb: 6.7.1 (edcfbbe)
N            1.14394099658353        0.36474576297445       -0.56089465764659
C            0.90970274822001       -0.77558944073278        0.08772027428332
C           -0.38990394575565       -1.27983190981258        0.19817668561173
C           -1.38645357932204       -0.57559418753176       -0.46378194703766
N           -1.14416508352559        0.58576226522253       -1.06867082208725
C            0.10442535975227        1.00988468003572       -1.05562119261667
C           -2.78640235587755       -1.09872584993980       -0.57286372018031
O           -3.74142661060392       -0.46840654318983       -0.93112062284776
O           -2.85937540643925       -2.39686550951735       -0.23550585660998
C            2.07073483555824       -1.50465367170601        0.61235381053543
C            3.22947882147840       -1.58229026114984       -0.15482078309782
C            4.31597997158418       -2.31852745373359        0.27423485415479
C            4.29713319116766       -2.94168339493095        1.52063316730172
C            3.13718991822503       -2.83043290448257        2.30313801294553
C            2.02936129126601       -2.14695670152589        1.84750215073644
Cl           3.10751319300630       -3.58944073091244        3.85490492949268
O            5.31972941323656       -3.65079536826470        2.05758607103968
C            6.39076771050681       -4.03674486283553        1.24131478811428
C            7.46068166279346       -3.06635277764209        0.82830973715590
C            7.73499505456862       -4.08115854056935        1.89542293101309
H           -0.60916565732149       -2.19978727457778        0.71484372737821
H            0.29576985897807        1.96985265374151       -1.51945787116911
H           -3.77260935036789       -2.71009390309918       -0.33496933097168
H            3.25805608677789       -1.06896261472832       -1.10518152939712
H            5.19203977365663       -2.39950678476144       -0.35187025756287
H            1.14835147712411       -2.09653618578909        2.46899429877216
H            6.11974437952493       -4.82041761563845        0.53590463534032
H            7.90321633048855       -3.22255233632691       -0.14091825700286
H            7.36809295494462       -2.03376249610737        1.10999172716436
H            7.77803859783834       -3.73122425546531        2.91629488495351
H            8.38954836193580       -4.91159178700311        1.68911016222792
31
 energy: -58.161621332777 gnorm: 0.012160006499 xtb: 6.7.1 (edcfbbe)
N            1.15221776790709        0.33471000441942       -0.57333253560257
C            0.90608225904832       -0.79384089257899        0.08740642540439
C           -0.40122517730964       -1.27945720983973        0.19693126279733
C           -1.38691849741809       -0.57138275788894       -0.47646544476545
N           -1.12927216919380        0.56927390306380       -1.10652778008792
C            0.12453266800162        0.97840230466071       -1.09007910635385
C           -2.79782640291242       -1.06926086956493       -0.55718381922169
O           -3.74779387201457       -0.41752556035782       -0.89264426506178
O           -2.89322333348704       -2.36352484601084       -0.21883606569302
C            2.06409295064798       -1.52210819537625        0.61848730060698
C            3.22315076412807       -1.59096389352038       -0.14825917568861
C            4.31365572707253       -2.32097647951021        0.27885822949780
C            4.29602332232697       -2.96055292428295        1.51492465554559
C            3.13500644017560       -2.86182063501782        2.29393886513345
C            2.02696275977703       -2.17328529642293        1.84702882066209
Cl           3.10848268201274       -3.63493426389495        3.83216251599355
O            5.32160656551203       -3.67670075035604        2.03419873809569
C            6.40267622538383       -4.02186528672845        1.21253629069503
C            7.48084861144337       -3.02231638811005        0.87499916503558
C            7.73082648460167       -4.09578040629431        1.89722649210232
H           -0.63430967300116       -2.18817390655792        0.72140181800847
H            0.32956073369154        1.92247534550318       -1.57519052857988
H           -3.81352489332381       -2.66275126136555       -0.30200173538004
H            3.24859468161254       -1.07602656185363       -1.09279319504931
H            5.19152962013525       -2.39034423317381       -0.34348401236390
H            1.15097613129893       -2.12718786792595        2.47221042741333
H            6.14158270391064       -4.76183279397198        0.44706417738451
H            7.94751299509270       -3.12774972278662       -0.09373554717720
H            7.37867106349607       -2.00226685232686        1.20578023513544
H            7.74618828335481       -3.79222616956468        2.93621899922554
H            8.39830257803174       -4.90824553236416        1.65991879228167
31
 energy: -58.161918746767 gnorm: 0.012504279928 xtb: 6.7.1 (edcfbbe)
N            1.16080500181646        0.31558920172768       -0.60209211666671
C            0.90686547381648       -0.80001050290846        0.08378645407714
C           -0.40599500908225       -1.27292915980704        0.21230079639239
C           -1.38714406174507       -0.56800511473885       -0.47332285926021
N           -1.12035362275186        0.55817241699194       -1.13203937109952
C            0.13714787995265        0.95580306776662       -1.12964644309680
C           -2.80253254204266       -1.05463479368931       -0.53457912305911
O           -3.75378992594638       -0.39404185958089       -0.85252869641948
O           -2.90028793224659       -2.34967424510332       -0.20079363879001
C            2.06144102170712       -1.52748726492985        0.61664288117789
C            3.23399572667492       -1.56842746850848       -0.14047858443459
C            4.32468296379302       -2.29791831195782        0.28611731881941
C            4.29450297448506       -2.96719485813380        1.51026719603529
C            3.12093237396982       -2.89533641988430        2.28043903991159
C            2.01248619613875       -2.20640110601777        1.83519172619998
Cl           3.08025215417155       -3.70240049989542        3.80544295595074
O            5.31953223793784       -3.68656097962688        2.02390780118328
C            6.40522587456780       -4.01462290646755        1.20446536521944
C            7.48219640176083       -3.00540560472648        0.89568153839274
C            7.72860686698038       -4.10072541632995        1.89539898692319
H           -0.64337056448251       -2.17091489274291        0.75885948465239
H            0.35324027296494        1.88701552662161       -1.64428983177581
H           -3.82351798158067       -2.64451234813693       -0.27425484583984
H            3.26822427102167       -1.03606523705693       -1.07631178475197
H            5.21150996906556       -2.34683046232891       -0.32838742975220
H            1.13219291456228       -2.17362038001924        2.45450191891455
H            6.14984199592509       -4.73986933908078        0.42542328488083
H            7.95893584999050       -3.08386806250833       -0.07232195978448
H            7.37213703426020       -1.99320772733003        1.25348392950742
H            7.73809693350874       -3.81808311077430        2.93836211866623
H            8.39912925080887       -4.90607214082292        1.64153388781991
31
 energy: -58.162194380504 gnorm: 0.014002872150 xtb: 6.7.1 (edcfbbe)
N            1.16621929283168        0.31133959606259       -0.61261252381391
C            0.91298461843281       -0.80643330455797        0.06943594876318
C           -0.39925607821973       -1.28213226344943        0.19996224944350
C           -1.38546992394599       -0.56890231582056       -0.46803326845422
N           -1.11929407573319        0.55742355045421       -1.12357856649101
C            0.14002213395368        0.94589048321071       -1.13910025413387
C           -2.80174529809692       -1.04501154728155       -0.51626517205543
O           -3.74908214149751       -0.37903509349308       -0.82850349922515
O           -2.90130274931010       -2.33951346068887       -0.18181759914961
C            2.06470130183305       -1.53434467405959        0.59987860169768
C            3.23736343516374       -1.58013478274256       -0.15117936911519
C            4.32751865985548       -2.30447285920537        0.28575207249959
C            4.29389620086015       -2.97077401211323        1.50656304030597
C            3.12026839245414       -2.89282097197371        2.27163860048925
C            2.01379865596526       -2.20424990463668        1.82081628122934
Cl           3.06569566864302       -3.71059256199621        3.79816986634092
O            5.31774243230641       -3.68843719167729        2.02057539089884
C            6.40098312150767       -4.00789246095497        1.20511152638245
C            7.46727290157895       -2.99102430752832        0.92061570710323
C            7.72572091788083       -4.11103680372059        1.88495015476712
H           -0.62446064536734       -2.18464964725741        0.74379804479685
H            0.35956236742736        1.87356986977729       -1.64953503491881
H           -3.82474167325799       -2.63245373731598       -0.25311881899791
H            3.28789884144041       -1.03972912780395       -1.09052576323071
H            5.22063359933841       -2.34645790879496       -0.32185866051847
H            1.12275189358611       -2.17449943138182        2.43776919904488
H            6.14697231637630       -4.72028111883230        0.42835334589349
H            7.95131486775569       -3.01933183820864       -0.04833365903838
H            7.33826296526661       -1.99466145203690        1.32678971093627
H            7.74608097480066       -3.85812709476669        2.92764098554737
H            8.39267702617292       -4.90946362720573        1.59740146299654
31
 energy: -58.162524610159 gnorm: 0.010143143988 xtb: 6.7.1 (edcfbbe)
N            1.17089640145345        0.29710168789198       -0.62797042848007
C            0.91244193549521       -0.81278964603777        0.06744160563857
C           -0.40150734715919       -1.27960343728065        0.20351460070932
C           -1.38572584945230       -0.56530296559441       -0.46777460528537
N           -1.11298821690359        0.55038176234407       -1.14274929262924
C            0.14883949915434        0.93012540835566       -1.16624517443378
C           -2.80806122791618       -1.02784208265970       -0.50204062677488
O           -3.75245306204438       -0.35197681540266       -0.80259503404505
O           -2.91508746736088       -2.32318010909867       -0.17032156819047
C            2.06345373188705       -1.54169709942686        0.59908985551157
C            3.23734486680353       -1.57928042122336       -0.14907352768936
C            4.32884503805600       -2.30344341634187        0.28504547955023
C            4.29055649987413       -2.98742800386833        1.49956556599674
C            3.11495007416235       -2.91907024568768        2.26220937461826
C            2.01164454665413       -2.22257358189250        1.81510496811808
Cl           3.06575510345409       -3.73898500532604        3.77980199586064
O            5.31305601391326       -3.71165118754855        2.00839040302258
C            6.40761805806212       -3.99877175286570        1.19087571339971
C            7.47279909814906       -2.96292324290318        0.95430177540853
C            7.72693757806789       -4.11981503536295        1.88168147689416
H           -0.63162223486369       -2.17541842247472        0.75786701101951
H            0.37415090171040        1.84890321622549       -1.69129737657164
H           -3.84244907041958       -2.60678619618433       -0.23205148565009
H            3.27997005290488       -1.04336085917335       -1.08340373102901
H            5.22157318168049       -2.33925319019993       -0.31958969778909
H            1.12503349087597       -2.19109500114264        2.43114840229890
H            6.16503891010170       -4.68733427327152        0.38473673471198
H            7.96749861288517       -2.94736402075961       -0.01198897833115
H            7.33226167828428       -1.98285077607925        1.39970327612561
H            7.73591198435779       -3.90804795893465        2.93829949134377
H            8.39830721813499       -4.90690732807579        1.56908379666491
31
 energy: -58.162723587434 gnorm: 0.009691575401 xtb: 6.7.1 (edcfbbe)
N            1.17177077295776        0.28899515142023       -0.63852788931436
C            0.91347787739613       -0.81708471663672        0.05894313658824
C           -0.39978630862095       -1.27872938991296        0.20033413449179
C           -1.38516287425736       -0.56300885634875       -0.46797326793823
N           -1.11270757681450        0.54846038951712       -1.14700102381451
C            0.14897433087218        0.92322492415406       -1.17546966529162
C           -2.81223479111171       -1.01724524303022       -0.49153872423739
O           -3.75714305528720       -0.33597048062539       -0.78113662711631
O           -2.92274338913652       -2.31291888631512       -0.15807537145280
C            2.06361022966364       -1.54850110522061        0.59338922025808
C            3.24200409223399       -1.57866226484906       -0.15027153362220
C            4.33163299513410       -2.30650653058028        0.28255018434204
C            4.28970609263149       -2.99565006562529        1.49325794630681
C            3.11009117874213       -2.93415323196897        2.25317293129603
C            2.00760199836376       -2.23599045902918        1.80648026359663
Cl           3.05930669933381       -3.75706171233461        3.76614490221968
O            5.30761780252896       -3.72769000344493        2.00348567454391
C            6.41262419883302       -3.99175817128782        1.18558863988071
C            7.47514267238927       -2.94579448566398        0.98098523303223
C            7.73080955159659       -4.12504318333407        1.87926016525879
H           -0.63069628620953       -2.17211194826341        0.75222153746081
H            0.37725231206580        1.83548819675737       -1.71942297129741
H           -3.85440598981736       -2.58819472845896       -0.20723683150313
H            3.28342948839252       -1.03801043001119       -1.08196327945374
H            5.22671932169064       -2.33684158410290       -0.31868957460341
H            1.12369572902394       -2.20042271966348        2.41954374234112
H            6.17906575767887       -4.66342773353288        0.35948991889053
H            7.97018389729923       -2.90058524220996        0.01887648314355
H            7.32622206488399       -1.98139122971298        1.44979962980800
H            7.73619007717253       -3.94812381315954        2.94582006290557
H            8.40274113037326       -4.90353044652492        1.54872295327464
31
 energy: -58.162889263369 gnorm: 0.010079615131 xtb: 6.7.1 (edcfbbe)
N            1.17645521897433        0.27778243586429       -0.66546153605312
C            0.91635024945816       -0.82070924204754        0.04622303782660
C           -0.39851382899135       -1.27446161675835        0.20381054609726
C           -1.38537159648134       -0.55794528231586       -0.46162246088226
N           -1.11172800412206        0.54707568426153       -1.15404573795423
C            0.15264080533924        0.91310997615473       -1.20118321095825
C           -2.81556600988862       -1.00471814542413       -0.47404093191255
O           -3.75650171821450       -0.32238360814525       -0.76071040597933
O           -2.93105118032396       -2.29919372010486       -0.13518950732574
C            2.06607688006046       -1.55316802105971        0.58373352242791
C            3.25037168984283       -1.57287778033438       -0.15104891072947
C            4.33817412239814       -2.30429832411504        0.28012118547936
C            4.28785617371878       -3.00526123266618        1.48445286767657
C            3.10357370518902       -2.95165644170257        2.23846355152882
C            2.00330883560198       -2.25059937932069        1.79128979688730
Cl           3.04209582092577       -3.79264777020951        3.74437535179702
O            5.30061569725163       -3.74516135938480        1.99656448872692
C            6.41736270823606       -3.98429396846939        1.18146585780208
C            7.47480348701882       -2.92809974921519        1.01237577126121
C            7.73449342451869       -4.12987947485762        1.87646733655158
H           -0.63239459467776       -2.16331422022908        0.76387882551740
H            0.37737532540696        1.82031975952987       -1.74355297621931
H           -3.86293762806055       -2.56854328967561       -0.17872160616742
H            3.28945167084228       -1.02947348613241       -1.07717331097946
H            5.23625304755876       -2.32727606212248       -0.31519644040011
H            1.11168048110180       -2.22591944036581        2.39928102501398
H            6.19421291357011       -4.63688049700426        0.33601392376305
H            7.97063404822664       -2.84972746662514        0.05614016379246
H            7.31620017280635       -1.98202376196434        1.50813652901807
H            7.74052294379208       -3.98954026182230        2.95072169320142
H            8.40854513892372       -4.89647425373727        1.52519156118641
31
 energy: -58.163076051320 gnorm: 0.008424640780 xtb: 6.7.1 (edcfbbe)
N            1.18120503262606        0.26529264980755       -0.68777081178010
C            0.91980760959452       -0.82807210761824        0.03188514934349
C           -0.39592717537601       -1.27574712801736        0.19687652018477
C           -1.38453240148623       -0.55429883370247       -0.45869805483695
N           -1.11121669223907        0.54703918037780       -1.15350368139576
C            0.15569948484550        0.90331008261548       -1.21664814987539
C           -2.81737418551265       -0.99178159831660       -0.45622802122390
O           -3.75904731471445       -0.30163687835594       -0.72776334490871
O           -2.93765524852193       -2.28571428872586       -0.11520689599900
C            2.06771245299243       -1.56224466382003        0.57074840688140
C            3.25539714746925       -1.57707163159218       -0.15487216929572
C            4.34231386074197       -2.30855592166501        0.27785330646151
C            4.28278618996842       -3.02065388342636        1.47610827212336
C            3.09591015464786       -2.96912916482906        2.22297233145063
C            1.99871699037784       -2.26537578101973        1.77412748234493
Cl           3.02845562317825       -3.81544531450323        3.72313655281584
O            5.29516504582988       -3.76114878194431        1.98727896261143
C            6.42014700268885       -3.97744748423372        1.17747052297240
C            7.47079260603003       -2.90998872084209        1.04734246205076
C            7.73441073509667       -4.13667771055106        1.87364434108850
H           -0.63195222396029       -2.16254258764089        0.76306086069357
H            0.38147549206113        1.80429058123969       -1.76910754272652
H           -3.87202892743538       -2.54776200836885       -0.14682870250912
H            3.30643244808240       -1.01480277356842       -1.07786732531384
H            5.24836634595127       -2.31796986842194       -0.31048046894041
H            1.10440212338526       -2.24326067134840        2.37745224961857
H            6.20562826476425       -4.60746405603945        0.31345236009272
H            7.97233449481375       -2.79373404067192        0.09708148387754
H            7.30051861182053       -1.98229401476017        1.57630980873183
H            7.74284363077613       -4.02976121670090        2.95074499989749
H            8.41420282150624       -4.88759136335563        1.49818909555907
31
 energy: -58.163212878509 gnorm: 0.002920707762 xtb: 6.7.1 (edcfbbe)
N            1.17940495267518        0.26245442970104       -0.69009186509515
C            0.91923774018332       -0.83039128355246        0.02915439638274
C           -0.39651539104709       -1.27787016438544        0.19335802622867
C           -1.38528121375758       -0.55484930527870       -0.46062576876061
N           -1.11237427086654        0.54844606997017       -1.15287553337976
C            0.15443351086256        0.90379596832197       -1.21543096376626
C           -2.81760564283930       -0.99031425488398       -0.45116687426332
O           -3.75862981524256       -0.29850293242650       -0.71841868190893
O           -2.93874640119115       -2.28418689413609       -0.11193001185491
C            2.06749557927900       -1.56295791484796        0.56713428336031
C            3.25697688685318       -1.57504326487778       -0.15565806460730
C            4.34380716556215       -2.30556048484311        0.27829373398017
C            4.28442830729310       -3.01921995047688        1.47327223179729
C            3.09602672777100       -2.97023117990900        2.21797391936599
C            1.99808401468560       -2.26758737946047        1.76847792364854
Cl           3.02570336287332       -3.82027143935479        3.71669107292998
O            5.29605040537267       -3.76250328574129        1.98060792252810
C            6.42165343533092       -3.97605706724432        1.17561003585316
C            7.47265573898545       -2.91025111396309        1.05434092906905
C            7.73192408080988       -4.13864566548208        1.87591137058514
H           -0.63223043597391       -2.16525798036674        0.75633425803327
H            0.38052772509894        1.80437125476946       -1.77088231879187
H           -3.87354355955191       -2.54472794265684       -0.13718628892657
H            3.30979678138139       -1.01272420902366       -1.07528515080562
H            5.24874464621221       -2.31631899723630       -0.30817016520303
H            1.10292990482335       -2.24907517445213        2.37007183788521
H            6.20917237428215       -4.59821977506468        0.30862231410424
H            7.97902782561708       -2.79371649678359        0.10819837546657
H            7.30166060156810       -1.98457879061347        1.58313219910518
H            7.73433327238552       -4.03387117425445        2.94976464983931
H            8.41584169056644       -4.88437360144619        1.50153220719477
31
 energy: -58.163291900069 gnorm: 0.002217492211 xtb: 6.7.1 (edcfbbe)
N            1.17742570355872        0.25889117750369       -0.69521670577949
C            0.91888867911923       -0.83394070925107        0.02330060764939
C           -0.39707726676528       -1.28136683670975        0.18718204758950
C           -1.38661262527587       -0.55483163954439       -0.46216322455918
N           -1.11444249934107        0.55078489715387       -1.15149282063343
C            0.15280355259254        0.90312533191015       -1.21711432205049
C           -2.81859975496606       -0.98802902731680       -0.44471069405429
O           -3.75968994410236       -0.29267207151888       -0.70232957137001
O           -2.94085860495446       -2.28133022375600       -0.10530430239816
C            2.06770835843462       -1.56454414916077        0.56068206002185
C            3.25982580501332       -1.57120716747123       -0.15811414746482
C            4.34630290556887       -2.30144774770256        0.27724064291949
C            4.28586192103351       -3.01963028731816        1.46805571779759
C            3.09546335142103       -2.97433577928622        2.20980284640926
C            1.99706230846856       -2.27288380109523        1.75923199860880
Cl           3.02105166914946       -3.82951301406323        3.70642040429108
O            5.29661047447677       -3.76589281961233        1.97142114414227
C            6.42431212267158       -3.97330643737417        1.17215778636815
C            7.47658226748737       -2.90822304770153        1.06564157000709
C            7.72846250946894       -4.14136884771339        1.88076185746750
H           -0.63267536550755       -2.17044269565130        0.74593416214634
H            0.37816175352496        1.80620550921440       -1.77056610217826
H           -3.87656231400137       -2.53926706776688       -0.11908541794344
H            3.31530435471981       -1.00696879012586       -1.07414850492600
H            5.25219267554485       -2.31020957549577       -0.30559395622359
H            1.10039083613153       -2.25983625818415        2.35833909891323
H            6.21643698016764       -4.58615969961566        0.29931739790835
H            7.99051762330756       -2.79006939195040        0.12448677836327
H            7.30400331877087       -1.98475873647273        1.59559632715873
H            7.71918389702022       -4.04252181437820        2.95309114285275
H            8.41695530726447       -4.88248927954481        1.50793617896086
31
 energy: -58.163358536941 gnorm: 0.003264668806 xtb: 6.7.1 (edcfbbe)
N            1.17581386204524        0.25605228047128       -0.70097472241996
C            0.91881344077377       -0.83786255487768        0.01592665960950
C           -0.39731254858030       -1.28533451587557        0.18017209973883
C           -1.38803105273171       -0.55471569647398       -0.46294233216944
N           -1.11689473404121        0.55327669729802       -1.14919893539891
C            0.15087403803065        0.90308089850402       -1.21841797853049
C           -2.82064244820785       -0.98400885927575       -0.43473768129916
O           -3.76164718168956       -0.28493862705748       -0.68340954979236
O           -2.94420013095797       -2.27754043295337       -0.09776500602766
C            2.06806918335102       -1.56722593896540        0.55286276914634
C            3.26299651448615       -1.56726015623823       -0.16158869022534
C            4.34916826761255       -2.29734383167420        0.27495572288084
C            4.28655430091662       -3.02170001063776        1.46170885674028
C            3.09401736602972       -2.98091319441172        2.20013095592322
C            1.99554838833977       -2.28043207317975        1.74843108943892
Cl           3.01595392953212       -3.84090820328886        3.69462519151255
O            5.29644080603446       -3.77026139692934        1.96236781623486
C            6.42762467148888       -3.97023827153135        1.16835313609846
C            7.48132193568290       -2.90478998128574        1.07828406746857
C            7.72548231677874       -4.14385463789066        1.88685797981158
H           -0.63292580417898       -2.17648575746730        0.73517807297951
H            0.37550382347535        1.80677854922592       -1.77173622101534
H           -3.88077134094064       -2.53268749161179       -0.10140026952175
H            3.32127765178823       -0.99920624090588       -1.07446006312512
H            5.25750134816089       -2.30178341310309       -0.30380845984828
H            1.09727813118166       -2.27240887740003        2.34514183259937
H            6.22580483465312       -4.57458679739576        0.28840769497068
H            8.00348877312896       -2.78386143479221        0.14195799200004
H            7.30629945733115       -1.98343959448885        1.61049128297674
H            7.70303058109464       -4.05230817671404        2.95939883066759
H            8.41855161941398       -4.88133225907288        1.51594785857027
31
 energy: -58.163442636275 gnorm: 0.003032056591 xtb: 6.7.1 (edcfbbe)
N            1.17431013520068        0.25323703229929       -0.70835669513363
C            0.91877533885138       -0.84255897816212        0.00634530675910
C           -0.39743423835817       -1.29000349120134        0.17170669902093
C           -1.38997078113406       -0.55377175277500       -0.46221529086163
N           -1.12009874566455        0.55645767896630       -1.14539476709629
C            0.14852783830361        0.90263822150538       -1.22089358755261
C           -2.82378342882974       -0.97831146364009       -0.42272027906014
O           -3.76468942314390       -0.27436942642294       -0.65913823618209
O           -2.94914377516452       -2.27205557707034       -0.08792979108715
C            2.06842352943171       -1.57147183117348        0.54253353395765
C            3.26678621340044       -1.56290177477280       -0.16640789686562
C            4.35283532373755       -2.29262477485793        0.27113498441917
C            4.28672061442573       -3.02543319398904        1.45307899849123
C            3.09150237383405       -2.99081455012727        2.18721226654495
C            1.99320241036466       -2.29119761787689        1.73434653701172
Cl           3.00977232239579       -3.85665689070165        3.67875307364641
O            5.29560828178956       -3.77583899689712        1.95214250779472
C            6.43232322515395       -3.96654714697046        1.16409834895204
C            7.48732978130419       -2.89987284166834        1.09424123500983
C            7.72286196497888       -4.14637671603639        1.89490651564313
H           -0.63296075480019       -2.18415950458559        0.72228418182743
H            0.37215292605165        1.80700660692139       -1.77320675408490
H           -3.88673509840613       -2.52350378081065       -0.08016462434769
H            3.32824209646853       -0.98860081770941       -1.07565250580285
H            5.26502668229437       -2.29007270687119       -0.30251107731676
H            1.09291362155089       -2.28859949710640        2.32813409307083
H            6.23872943278331       -4.56186226998230        0.27546663744053
H            8.01922403395621       -2.77432429675768        0.16353084399083
H            7.30841427092625       -1.98127137724589        1.63020616240619
H            7.68488373789160       -4.06410645796151        2.96859146686155
H            8.42124009040856       -4.88027180631806        1.52663811253745
31
 energy: -58.163539866636 gnorm: 0.002669059012 xtb: 6.7.1 (edcfbbe)
N            1.17256106693721        0.25041305843135       -0.71799395207232
C            0.91869288446660       -0.84795387518160       -0.00592045865598
C           -0.39733087828849       -1.29524019964684        0.16188052745692
C           -1.39254163472895       -0.55216247207602       -0.45970368913070
N           -1.12439806542363        0.55997209965994       -1.14018635242973
C            0.14517179199290        0.90197933953513       -1.22443365777793
C           -2.82838923583113       -0.96983978716464       -0.40552161112204
O           -3.76860134508081       -0.26028718912539       -0.62831001367913
O           -2.95624079025141       -2.26431709129040       -0.07462907845856
C            2.06881931910309       -1.57715664809902        0.52894560195105
C            3.27146510157672       -1.55784061230933       -0.17281912696936
C            4.35774044767526       -2.28679431076232        0.26546770416918
C            4.28668832373766       -3.03045483366760        1.44130660723196
C            3.08774124147193       -3.00469105366938        2.16948556390668
C            1.98981270356676       -2.30561821934226        1.71563630345745
Cl           3.00169359563542       -3.87959418898985        3.65578898460159
O            5.29423240873955       -3.78226073035436        1.94037941963402
C            6.43898261941720       -3.96194840890678        1.16003110178923
C            7.49473159458795       -2.89348711029032        1.11509787890089
C            7.72088729871042       -4.14921582167027        1.90519103563985
H           -0.63222348762053       -2.19293664579537        0.70771694734867
H            0.36763070829976        1.80605122840123       -1.77685264128921
H           -3.89484711713785       -2.51116452565494       -0.05599326986439
H            3.33623751253166       -0.97496744875240       -1.07747635695391
H            5.27476308257171       -2.27476502249707       -0.30183688114879
H            1.08667512759357       -2.30965308831452        2.30526739310950
H            6.25582198056831       -4.54712900876424        0.26151061133210
H            8.03780074105008       -2.75997836620958        0.19136478607931
H            7.31007841276402       -1.97933752831387        1.65750647149179
H            7.66621881035028       -4.07868426613809        2.98017887563490
H            8.42511578101695       -4.87917727304079        1.53968127581128
31
 energy: -58.163639348211 gnorm: 0.003187407871 xtb: 6.7.1 (edcfbbe)
N            1.17047248595390        0.24727074438696       -0.72968087320624
C            0.91847412800629       -0.85378963275935       -0.02018678332780
C           -0.39722823939661       -1.30046053780051        0.15147485273319
C           -1.39563654202060       -0.54966490538378       -0.45553054780783
N           -1.12945895297053        0.56392378764311       -1.13393188408888
C            0.14102677119468        0.90096546195463       -1.22918703937887
C           -2.83364337926076       -0.95964068138263       -0.38606666385923
O           -3.77275686809574       -0.24363184055646       -0.59284824924772
O           -2.96469152006926       -2.25460134415223       -0.05791570691182
C            2.06920475054121       -1.58379075453523        0.51270953916908
C            3.27681529959362       -1.55225624587262       -0.18039397346373
C            4.36371081381133       -2.27995708151303        0.25858751290649
C            4.28688969127868       -3.03584697061662        1.42711450441509
C            3.08297466440885       -3.02186205120840        2.14742038982199
C            1.98550013652407       -2.32308394443998        1.69280250121646
Cl           2.99144332142178       -3.91010166766337        3.62551020888334
O            5.29280549360605       -3.78850254134997        1.92781338317530
C            6.44724271035089       -3.95628841405785        1.15701175061624
C            7.50289213359516       -2.88608640200843        1.14016459118047
C            7.71965276389130       -4.15230048773008        1.91697398209073
H           -0.63091969620126       -2.20179554660782        0.69248866350588
H            0.36221196061818        1.80436842852654       -1.78240396556029
H           -3.90447398813439       -2.49590446930676       -0.02789403972994
H            3.34477603561754       -0.95964611618801       -1.07953928532097
H            5.28574383623678       -2.25715625682516       -0.30151301963889
H            1.07871666509231       -2.33529029511233        2.27691288622594
H            6.27564353977809       -4.53029652023540        0.24832533560705
H            8.05773248993122       -2.74100656115111        0.22469491124087
H            7.31098235201824       -1.97848046545388        1.69184797548046
H            7.64923279062592       -4.09553134945717        2.99280487204374
H            8.42965435205516       -4.87779533914282        1.55319417122418
31
 energy: -58.163745869223 gnorm: 0.004026783459 xtb: 6.7.1 (edcfbbe)
N            1.16784022697012        0.24305523778331       -0.74472900881255
C            0.91811563828897       -0.86041365221987       -0.03727976571304
C           -0.39724498076229       -1.30570983220149        0.14013264769561
C           -1.39925514204414       -0.54638202568097       -0.44995756055305
N           -1.13534006885642        0.56823954798654       -1.12707152891150
C            0.13593421892762        0.89933125311815       -1.23584951171755
C           -2.83963089395078       -0.94651914671350       -0.36099482571797
O           -3.77669591262662       -0.22336132136910       -0.55086914985846
O           -2.97488639538180       -2.24203164013313       -0.03593335616107
C            2.06958504889931       -1.59172977911991        0.49269097145909
C            3.28311142367367       -1.54573449395783       -0.18960021112812
C            4.37102386966092       -2.27159527110796        0.25038085465187
C            4.28748707778667       -3.04184067702641        1.40965257271654
C            3.07686301322580       -3.04374094726802        2.11919850157203
C            1.97998024430779       -2.34505308656318        1.66394106858517
Cl           2.97775427790073       -3.95133896287374        3.58496448581767
O            5.29157275057809       -3.79460948704506        1.91358330653382
C            6.45755179372069       -3.94862551849297        1.15508467173701
C            7.51218808815194       -2.87697011563301        1.17159204734217
C            7.71893434043583       -4.15592178847215        1.93079297260780
H           -0.62928084415482       -2.21058287364511        0.67632650370183
H            0.35562088375787        1.80170216376759       -1.79079835175984
H           -3.91591632139205       -2.47662894294573        0.00590344385436
H            3.35454332184760       -0.94185111375746       -1.08177511487178
H            5.29850821028961       -2.23600341841746       -0.30093010913247
H            1.06847274052050       -2.36820150188157        2.24053881735987
H            6.29924940252705       -4.50902265028934        0.23510994074513
H            8.08016502440021       -2.71543026981273        0.26657010397153
H            7.31099966262852       -1.97890156646248        1.73635325988768
H            7.63292627657805       -4.11660054874790        3.00691804440853
H            8.43481302409334       -4.87576757081748        1.56681427968397
31
 energy: -58.163857478301 gnorm: 0.004948740055 xtb: 6.7.1 (edcfbbe)
N            1.16448502150794        0.23658769230702       -0.76487135623355
C            0.91747996749126       -0.86901065031316       -0.05909639551171
C           -0.39780393952400       -1.31132732319528        0.12674879032677
C           -1.40361707994775       -0.54165168390612       -0.44287635244219
N           -1.14212472515837        0.57384279755720       -1.11915286792589
C            0.12985430661646        0.89691649484760       -1.24504215385266
C           -2.84616175085427       -0.92961282483429       -0.33015760336083
O           -3.78024223055619       -0.19728949242974       -0.49859313689947
O           -2.98724768277743       -2.22489058577354       -0.00568520039167
C            2.06974925582683       -1.60226564254427        0.46674548225847
C            3.29074481495048       -1.53779358657073       -0.20114930369088
C            4.38011126219660       -2.26096199346321        0.24057345879278
C            4.28852935185656       -3.04931718075664        1.38729451879184
C            3.06869355730785       -3.07327358253129        2.08149503170163
C            1.97257203393030       -2.37461911903605        1.62558364462666
Cl           2.95886763350261       -4.00853926069636        3.52916229276877
O            5.29077731232095       -3.80105667319299        1.89611890635413
C            6.47083621485877       -3.93742958325870        1.15413504592137
C            7.52319601985762       -2.86475868251442        1.21326669941698
C            7.71853512329994       -4.16033566717181        1.94762315118269
H           -0.62813744600010       -2.21958827032776        0.65793487522277
H            0.34789155667784        1.79763295714034       -1.80313489860631
H           -3.92989941783911       -2.45053781634494        0.05217634798741
H            3.36662706510708       -0.92000888415997       -1.08389542918473
H            5.31403937631278       -2.20902601073758       -0.29908921805645
H            1.05493531340439       -2.41307780326092        2.19177856653816
H            6.32904398986847       -4.47935113518065        0.22017679078262
H            8.10698618832945       -2.67976062354456        0.32248373174687
H            7.30964674635564       -1.98078022803571        1.79647626419107
H            7.61552166972953       -4.14486605518869        3.02329589369542
H            8.44110049134965       -4.87208958288297        1.58043442384423
31
 energy: -58.163949042264 gnorm: 0.004635407065 xtb: 6.7.1 (edcfbbe)
N            1.16192810873724        0.22901268533230       -0.78353143607801
C            0.91660619834331       -0.87707708355839       -0.07778813902445
C           -0.39918116815943       -1.31490378736430        0.11662707707391
C           -1.40695289170539       -0.53675793675026       -0.43683221365492
N           -1.14658171400961        0.57858952137359       -1.11379590968638
C            0.12574643517444        0.89378112644474       -1.25436742264556
C           -2.85070484926465       -0.91324845755443       -0.30221814336391
O           -3.78095273448899       -0.17356585920040       -0.45562897295574
O           -2.99765076832099       -2.20769719398280        0.02363386812008
C            2.06917676867217       -1.61294325960949        0.44370218741101
C            3.29642788530829       -1.53207653398478       -0.21090215627054
C            4.38725692153741       -2.25241908128099        0.23286727232340
C            4.28947624639009       -3.05667667832534        1.36764934509091
C            3.06121704521392       -3.10182831636499        2.04648830717972
C            1.96565834555337       -2.40330179038086        1.59019979901038
Cl           2.94146895374341       -4.06367246964086        3.47590888688447
O            5.29112102983940       -3.80562057312153        1.88151535992118
C            6.48269791272430       -3.92562661939047        1.15481860499036
C            7.53136374819535       -2.85276771188580        1.25158630296607
C            7.71895529081800       -4.16316584138105        1.96118318704365
H           -0.62911673532214       -2.22473944811888        0.64486714600724
H            0.34279893016091        1.79321151397697       -1.81507472702985
H           -3.94125638457392       -2.42531948521791        0.09444293674104
H            3.37636718021561       -0.90217041028194       -1.08459405311449
H            5.32647236047985       -2.18546405950981       -0.29577785395610
H            1.04279100065647       -2.45668603327663        2.14645624293776
H            6.35546617528238       -4.44985771331429        0.20894828175969
H            8.12769832065604       -2.64483065838837        0.37450996261357
H            7.30608435442137       -1.98333479090143        1.85240649368282
H            7.60366046325363       -4.17062143936217        3.03543591708775
H            8.44694757046980       -4.86646161497986        1.58802384892921
31
 energy: -58.164035842165 gnorm: 0.003005846564 xtb: 6.7.1 (edcfbbe)
N            1.16071904524034        0.21957358522596       -0.79964174835542
C            0.91545775226369       -0.88549627448577       -0.09274314430352
C           -0.40156672625694       -1.31694406586718        0.10961617828247
C           -1.40895598108437       -0.53180563571872       -0.43288893010407
N           -1.14783947987507        0.58283965771703       -1.11119051302060
C            0.12463277088876        0.89002522286540       -1.26276472588597
C           -2.85280510123648       -0.89800655590830       -0.28133876562419
O           -3.77910097936254       -0.15137101173768       -0.42295970721110
O           -3.00564268102233       -2.19050846414919        0.04999266826960
C            2.06760804354974       -1.62435431432873        0.42485292118226
C            3.29982129578205       -1.52914934961064       -0.21778504990776
C            4.39200696841361       -2.24655440383350        0.22823415458505
C            4.29012812831512       -3.06449206674668        1.35173785399276
C            3.05482530278071       -3.12913020073280        2.01580302867951
C            1.95942383883219       -2.43094470005641        1.55941689982948
Cl           2.92683927550247       -4.11449044709744        3.42778587142930
O            5.29253353598251       -3.80940644043941        1.86966446463295
C            6.49253751249971       -3.91318920020607        1.15622595229728
C            7.53584416333185       -2.84054552077169        1.28553169004382
C            7.72007965796761       -4.16377634333546        1.97035015125417
H           -0.63316656822439       -2.22595278716991        0.63767590759967
H            0.34219246432547        1.78762474128017       -1.82677124128262
H           -3.94994884374528       -2.40047994633164        0.13362830675887
H            3.38330987929234       -0.88932636731983       -1.08294426618808
H            5.33503034145112       -2.16642053204285       -0.29033076041111
H            1.03252366188633       -2.49852230557473        2.10655943023959
H            6.37795532761733       -4.41996725301723        0.20019148190406
H            8.14129491611303       -2.61051807602670        0.42147953398453
H            7.29955162292804       -1.98610758714293        1.90264812904765
H            7.59675495252842       -4.19343505345368        3.04221044349711
H            8.45294590331645       -4.85740830398400        1.58851378477853
31
 energy: -58.164110109365 gnorm: 0.002556302812 xtb: 6.7.1 (edcfbbe)
N            1.16091964226628        0.20539619043218       -0.81784194367759
C            0.91410508346478       -0.89680482015958       -0.10783148462935
C           -0.40491019381237       -1.31918797303139        0.10312165554685
C           -1.41064172790812       -0.52606124797178       -0.42994611548139
N           -1.14689260886117        0.58674110380391       -1.11105734618449
C            0.12637022491340        0.88311663113789       -1.27406894886978
C           -2.85511931761291       -0.87874281888390       -0.25808425887737
O           -3.77621278906841       -0.12422443438819       -0.39031249671721
O           -3.01529870041982       -2.16891537980977        0.07931261153737
C            2.06516171960295       -1.63919359394358        0.40599497388902
C            3.30289443227790       -1.52714446954320       -0.22348424425651
C            4.39646674458612       -2.24117596694584        0.22486959040577
C            4.29029542235132       -3.07578626066270        1.33495164188594
C            3.04807355539069       -3.16147235951583        1.98341055850072
C            1.95246173844491       -2.46368512111860        1.52714376774927
Cl           2.91203191219276       -4.17071483878630        3.37689262518821
O            5.29393260086975       -3.81772655014863        1.85415818699975
C            6.50300926300947       -3.89824312527103        1.15472872087680
C            7.53907325118126       -2.82403832787804        1.32439413137434
C            7.72113635475494       -4.16332459042712        1.97797103518092
H           -0.64021109661832       -2.22585529183158        0.63265610046172
H            0.34599419325456        1.77876264291781       -1.84117870650725
H           -3.96011427138111       -2.36993519566069        0.17706290133347
H            3.39070825123356       -0.87560125534722       -1.07843616280112
H            5.34385280144724       -2.14552276051577       -0.28201363161873
H            1.02143967229493       -2.54755008158507        2.06446797035300
H            6.40404427185190       -4.38190160218297        0.18485659337423
H            8.15536051021203       -2.56704959421105        0.47565178716258
H            7.28907898546203       -1.98799833355654        1.96090276231805
H            7.58622938073084       -4.22159040670776        3.04722988264930
H            8.46175069388997       -4.84281016820857        1.58523784282769
31
 energy: -58.164181854238 gnorm: 0.002372273052 xtb: 6.7.1 (edcfbbe)
N            1.16334122636456        0.18932464360421       -0.83179894489663
C            0.91257762614214       -0.90882911659052       -0.11744561178349
C           -0.40908910186829       -1.32022312322925        0.10073860526762
C           -1.41089027166624       -0.52043890350272       -0.42930302003588
N           -1.14208803870997        0.58906282243794       -1.11461950484831
C            0.13233373370646        0.87447118473578       -1.28471166777545
C           -2.85564586763819       -0.86078833781509       -0.24439933076842
O           -3.77148907414242       -0.09921328063201       -0.37267601239952
O           -3.02332108227384       -2.14741493610167        0.10287415488338
C            2.06185702149543       -1.65457532378135        0.39436779363388
C            3.30351561703670       -1.52780599126157       -0.22447460038890
C            4.39818056730542       -2.23899896268476        0.22520385843664
C            4.28995381261864       -3.08800756052372        1.32359049119221
C            3.04349915647590       -3.19060212405891        1.95975499016667
C            1.94687323437095       -2.49385488215397        1.50374379384861
Cl           2.90242810440447       -4.21809395825398        3.33790647678669
O            5.29594890496689       -3.82778636103563        1.84083195119679
C            6.51098403358958       -3.88451966734571        1.15217206504871
C            7.53706155078450       -2.80766286241937        1.35564608904207
C            7.72350723904211       -4.15981636556236        1.97945332650550
H           -0.65050510976300       -2.22262514311124        0.63452979322689
H            0.35618828923864        1.76710043412684       -1.85541950035366
H           -3.96824631349033       -2.34014788711607        0.21291517172139
H            3.39465119455110       -0.86559460020050       -1.07010547289546
H            5.34901318802198       -2.12915477633389       -0.27142222486072
H            1.01329206549729       -2.59178694495747        2.03328272618459
H            6.42554510731642       -4.34610805613067        0.17102825316291
H            8.15907885913433       -2.52713786228154        0.52005778632314
H            7.27423035713038       -1.98892002600909        2.00794832315213
H            7.57999004579704       -4.24410200902889        3.04488918320531
H            8.47221392456253       -4.82399002278394        1.57620105801549
31
 energy: -58.164241088669 gnorm: 0.004430140461 xtb: 6.7.1 (edcfbbe)
N            1.16652179688532        0.16521982153906       -0.85504433734206
C            0.91051869971455       -0.92799524945968       -0.13482899128887
C           -0.41450565576962       -1.32378416913049        0.09432262167250
C           -1.41209327454966       -0.51208771045535       -0.42711062320637
N           -1.13676705927706        0.59244715357248       -1.11836780051446
C            0.13991704183353        0.86069108941284       -1.30211516463717
C           -2.85901320582067       -0.83114085454520       -0.21854190321772
O           -3.76680502285535       -0.05711286851462       -0.33709803142094
O           -3.03920916701838       -2.11282955683181        0.14124989406297
C            2.05775977296828       -1.67810752157164        0.37414818835589
C            3.30676844679280       -1.52583471632129       -0.22695074765907
C            4.40324470825547       -2.23296379438333        0.22367127542736
C            4.28989377328026       -3.10741156289036        1.30279229244466
C            3.03585412182314       -3.23771378736734        1.92021650422239
C            1.93790669636698       -2.54211172259417        1.46480284431465
Cl           2.88597363517363       -4.29615379431098        3.27447815008225
O            5.29784632824624       -3.84742925375538        1.81527483320385
C            6.52547170260222       -3.86411648520961        1.14517671022165
C            7.53624129339697       -2.78131985802993        1.40836705526149
C            7.72660283690844       -4.15561972185420        1.98493828229297
H           -0.66404442769234       -2.22121231400409        0.63281768136537
H            0.36967413119292        1.74802531006545       -1.87905988900918
H           -3.98496669707065       -2.29125695912668        0.27168158595764
H            3.40235524232290       -0.84587810497197       -1.05814761600858
H            5.35999802616484       -2.10071769808227       -0.25712202915999
H            0.99923057822951       -2.66268821947418        1.98170758178965
H            6.46385336883287       -4.28962635771111        0.14394816671342
H            8.17138597842569       -2.46220155994474        0.59410998096879
H            7.25162475458264       -1.98964731534289        2.08682877072121
H            7.56317434307266       -4.28242251061994        3.04532452028407
H            8.49057723298280       -4.79523970808809        1.56929019409582
31
 energy: -58.164312456379 gnorm: 0.002674184793 xtb: 6.7.1 (edcfbbe)
N            1.17101188119969        0.15201223129894       -0.85944190224505
C            0.90929560506479       -0.93670996132778       -0.13356554746477
C           -0.41768002003945       -1.32298917935406        0.09865392862081
C           -1.41045289608447       -0.50856299545462       -0.42816799089758
N           -1.12908538004137        0.59013198792058       -1.12604504579491
C            0.14906766536499        0.85064923052051       -1.31053242817383
C           -2.85881732592899       -0.81770646012135       -0.21657673672333
O           -3.76160290530582       -0.04066419840514       -0.34482787162147
O           -3.04573258272950       -2.09561935287647        0.15262627383944
C            2.05497376890534       -1.68897331025386        0.37577985885846
C            3.30478800453916       -1.52811809601155       -0.22071197033845
C            4.40210041636639       -2.23416608506042        0.22784853784776
C            4.28962338983523       -3.11740935048910        1.30001574256926
C            3.03548041696416       -3.25588068061631        1.91320386393011
C            1.93594601424127       -2.56099937396629        1.45932873176470
Cl           2.88595433149460       -4.32345248572513        3.25967042907212
O            5.29969631403259       -3.85936331238651        1.80564099068333
C            6.52928140873993       -3.85672264997857        1.14034473528071
C            7.52821346377473       -2.76976095724185        1.42148777017507
C            7.73038607314301       -4.14848425387180        1.97961912977152
H           -0.67361620412372       -2.21528517711563        0.64334389819518
H            0.38413248905577        1.73433810404884       -1.89047545550717
H           -3.99086384055530       -2.26848348162710        0.28418589141283
H            3.39945277379892       -0.84197753468792       -1.04673119026112
H            5.35930036489281       -2.09477278424845       -0.24863733736072
H            0.99677279657349       -2.68959282880605        1.97269165022002
H            6.47553344544103       -4.26788288159336        0.13463638531910
H            8.16251221834536       -2.43702782230312        0.61407651896432
H            7.23464711791665       -1.98929681643568        2.10691226694390
H            7.56218183795857       -4.29045155378572        3.03568384281158
H            8.50248935716102       -4.77501797004665        1.56072303010238
31
 energy: -58.164370551841 gnorm: 0.002357034265 xtb: 6.7.1 (edcfbbe)
N            1.17729916673227        0.12967536798392       -0.87028499929743
C            0.90721768580568       -0.95265906353282       -0.13630698445637
C           -0.42262471742477       -1.32343073675923        0.10203385576188
C           -1.40846345312169       -0.50239405860087       -0.42862818215981
N           -1.11848591915534        0.58745909138351       -1.13608282666362
C            0.16194350989294        0.83431107143547       -1.32508168432230
C           -2.85955819138898       -0.79287664134124       -0.21039128551478
O           -3.75403093652468       -0.00598028891523       -0.34305362556209
O           -3.06030874285076       -2.06346517824936        0.17742165034983
C            2.05069068912612       -1.70883603059230        0.37235405375285
C            3.30350801679357       -1.52998590366162       -0.21312427228475
C            4.40272476493247       -2.23435458747289        0.23130320903753
C            4.28974512003725       -3.13625410190923        1.28837168511886
C            3.03285295698070       -3.29369503644305        1.89091795741846
C            1.93104696210077       -2.59924178802629        1.44080357437958
Cl           2.88199335153401       -4.38416467474131        3.21976428174634
O            5.30286523474008       -3.88085941575189        1.78418123597029
C            6.53958701181713       -3.84229349105753        1.13192447759582
C            7.51758980194258       -2.74757263714440        1.45418285599419
C            7.73643849682004       -4.13794776959340        1.97600814248076
H           -0.68782155652809       -2.20797740536628        0.65532484162737
H            0.40518358547157        1.70991027339336       -1.91378447438542
H           -4.00696877025470       -2.22214464316835        0.32060533141229
H            3.39754897201727       -0.82942046482705       -1.02764052584914
H            5.36252337132589       -2.07854565638778       -0.23523943267368
H            0.98977122167220       -2.74422662615124        1.94592303007694
H            6.50291604086945       -4.22518333477099        0.11480685200693
H            8.15454644118933       -2.38439985429038        0.66166060335673
H            7.20488844843711       -1.98961896038924        2.15658134773990
H            7.55620394021470       -4.31164886426662        3.02522091165755
H            8.52416749679659       -4.74041859078760        1.55098839567949
31
 energy: -58.164405485976 gnorm: 0.002064603760 xtb: 6.7.1 (edcfbbe)
N            1.18189935997854        0.11586832262308       -0.87383240955098
C            0.90605650936249       -0.96124206510796       -0.13312660138628
C           -0.42534609099356       -1.32180799598302        0.10908436818983
C           -1.40661791538922       -0.49862429251383       -0.42729082380230
N           -1.11106063732118        0.58281414926428       -1.14435472392633
C            0.17085879136348        0.82188655139799       -1.33473673712367
C           -2.86021604911163       -0.77671551847455       -0.20855123141711
O           -3.74835127141730        0.01455717348577       -0.35345016167848
O           -3.07112530790457       -2.04134889598079        0.19290588151735
C            2.04830276933213       -1.72014872208116        0.37479079629081
C            3.30202467040816       -1.53144510373103       -0.20522377589952
C            4.40285651752896       -2.23616765086726        0.23363902859307
C            4.29035318462877       -3.14947691900569        1.28068273479801
C            3.03247663452440       -3.31761118282758        1.87835608300998
C            1.92911918088358       -2.62212250519407        1.43353976596556
Cl           2.88378139805168       -4.42221437486385        3.19657357250534
O            5.30551592449962       -3.89627202955983        1.76915664205074
C            6.54613660032678       -3.83495038833532        1.12566534562096
C            7.50795151591722       -2.73417151342722        1.47120143142666
C            7.74107365189323       -4.12890377598863        1.97306282494108
H           -0.69558780832001       -2.20030794945503        0.66916459517770
H            0.41933567994447        1.69103420721056       -1.93059576643573
H           -4.01875217298527       -2.19081259862004        0.33450027243729
H            3.39357401511059       -0.82241396580063       -1.01267554530339
H            5.36284845669562       -2.07187594858036       -0.22894087542003
H            0.98715689191155       -2.77623936323940        1.93427431302441
H            6.51931713664970       -4.20170529711457        0.10308778104885
H            8.14425503443933       -2.35114323854602        0.68746227442545
H            7.18201628040279       -1.99053725352612        2.18244835975600
H            7.55556410029490       -4.32107147264351        3.01756047296095
H            8.53957294929538       -4.71507038251635        1.54638210819801
31
 energy: -58.164425442535 gnorm: 0.002270595840 xtb: 6.7.1 (edcfbbe)
N            1.18490019068477        0.10464476465060       -0.87839569034333
C            0.90539438010067       -0.96811805829042       -0.13224937735107
C           -0.42731362971865       -1.32038449111248        0.11463339886247
C           -1.40549119837146       -0.49530481026375       -0.42483548777623
N           -1.10626101664040        0.57918506216266       -1.15032364894753
C            0.17664777229903        0.81169661870361       -1.34339214722777
C           -2.86128623013625       -0.76227548276517       -0.20341872528367
O           -3.74399872470587        0.03319411832965       -0.35764757589303
O           -3.08135329522504       -2.02148335807082        0.20962539700535
C            2.04674496415655       -1.72988750894742        0.37373570149287
C            3.30196134444172       -1.53157000244910       -0.20049796576767
C            4.40425803696558       -2.23704418635584        0.23341472686353
C            4.29115014028340       -3.16212290926688        1.27010634525938
C            3.03159906683687       -3.34060959326439        1.86223063311021
C            1.92714694461008       -2.64372634898652        1.42283227749555
Cl           2.88400078129699       -4.45986876842193        3.16922157223756
O            5.30750119341907       -3.91000203343751        1.75420807260382
C            6.55305887686992       -3.82863286584797        1.12116215104917
C            7.50049974312919       -2.72238991783086        1.48944698731096
C            7.74442632654450       -4.12129470823550        1.97401729676385
H           -0.70087051886951       -2.19388112836412        0.68053083631996
H            0.42830770456268        1.67583499495697       -1.94496464823123
H           -4.03076545603513       -2.16197447221421        0.35001231141340
H            3.39280158771157       -0.81319558931237       -1.00015736943236
H            5.36490450566411       -2.06412474887163       -0.22510307446764
H            0.98404377731762       -2.80676190149038        1.91898599562807
H            6.53706466641474       -4.18203307935631        0.09332999032381
H            8.13834462206342       -2.32084236984712        0.71564039827221
H            7.16097733539050       -1.99209028643174        2.20849258441617
H            7.55384470806997       -4.33045167368089        3.01471533557940
H            8.55275140086990       -4.69272526569043        1.54540369870801
31
 energy: -58.164426629603 gnorm: 0.003496767383 xtb: 6.7.1 (edcfbbe)
N            1.18704147007896        0.10069969556873       -0.87457673599626
C            0.90593894126394       -0.96839465469581       -0.12397253688678
C           -0.42703713247105       -1.31658840559488        0.12545371325440
C           -1.40351817965058       -0.49454736142274       -0.42152378011398
N           -1.10313692725628        0.57299764631685       -1.15579116576347
C            0.17984952660713        0.80470082721997       -1.34667478229723
C           -2.86124215301162       -0.75616532535924       -0.20791264879024
O           -3.74081693715166        0.04038424665759       -0.37711893573782
O           -3.08864827772028       -2.00911628882926        0.21754275501557
C            2.04710983470093       -1.73233131333253        0.37977817948568
C            3.30145852980763       -1.53181916362928       -0.19395300760423
C            4.40491288446288       -2.24083362779940        0.23212031927804
C            4.29288550154008       -3.17176475968187        1.26186427394903
C            3.03383893046067       -3.35274764617850        1.85403111804662
C            1.92865446314508       -2.65270333590882        1.42287502731565
Cl           2.89109184051433       -4.48028973349724        3.15447043135915
O            5.30924609110971       -3.92142109805213        1.74265497862131
C            6.55686125364933       -3.82960832649609        1.11801810010067
C            7.49028802563952       -2.71748036484910        1.49303460581036
C            7.74689465842492       -4.11245221640771        1.97555816901748
H           -0.70073261671404       -2.18503365686288        0.69807959676072
H            0.43245227107997        1.66375087251203       -1.95457856996767
H           -4.04139446559328       -2.14268823328984        0.34791742692958
H            3.39012760320960       -0.80800296695604       -0.98825657108857
H            5.36369882248379       -2.06611039389172       -0.22813844888371
H            0.98615031179118       -2.81806475872579        1.91813277698687
H            6.54729809429171       -4.18173419740146        0.09162387475433
H            8.12636919102023       -2.30620249747178        0.72550145382720
H            7.13914583331004       -1.99432051065874        2.21099431071425
H            7.55777877308668       -4.32664896535681        3.01362165638714
H            8.56242383789096       -4.67370348592790        1.54998441551014
31
 energy: -58.164449331957 gnorm: 0.002146013293 xtb: 6.7.1 (edcfbbe)
N            1.18768646891550        0.09500780654864       -0.88096068455655
C            0.90582835364620       -0.97206116072428       -0.12784099098756
C           -0.42825824064132       -1.31543838818065        0.12669561804990
C           -1.40384905550898       -0.49131094410202       -0.41862873768584
N           -1.10206812875678        0.57389951085937       -1.15646177770721
C            0.18125822720664        0.80139168047857       -1.35138061552840
C           -2.86169378530409       -0.74818884522906       -0.19917795564248
O           -3.73892300569879        0.04952471823086       -0.37169446551476
O           -3.09223974879121       -1.99868571819482        0.23222132626889
C            2.04657985637020       -1.73794372844996        0.37382725109455
C            3.30249205067657       -1.53136134675398       -0.19543258140438
C            4.40627758543938       -2.24020164933622        0.23008477406475
C            4.29324356150969       -3.17848851946087        1.25366775574617
C            3.03228374488603       -3.36668065471471        1.84052182583262
C            1.92704456815112       -2.66584240937532        1.41081419785432
Cl           2.88705080672700       -4.50376727379946        3.13286994648897
O            5.30950000926426       -3.92882980037469        1.73351637111490
C            6.56126425756174       -3.82526048710146        1.11628153610550
C            7.48792028622088       -2.70998673052400        1.50811148393782
C            7.74736616254749       -4.11030274851234        1.97877960536474
H           -0.70378696641040       -2.18194111883636        0.70187746432392
H            0.43476559771594        1.65897194689370       -1.96127245117288
H           -4.04472602384657       -2.12992867483494        0.36167252278372
H            3.39270841121028       -0.80271626186713       -0.98505053658514
H            5.36609919739052       -2.06008401570309       -0.22654124401406
H            0.98356689964612       -2.83700270074873        1.90285725295619
H            6.56072264597905       -4.16919894471386        0.08504419977793
H            8.12852127616508       -2.28703021036526        0.74843811650965
H            7.12735637582965       -1.99515357286834        2.23236226048078
H            7.55294925745640       -4.33596993504970        3.01534845442768
H            8.56804935444281       -4.66365982319236        1.55021007761050
31
 energy: -58.164457072981 gnorm: 0.001566700213 xtb: 6.7.1 (edcfbbe)
N            1.18669462352212        0.09768597891764       -0.88209644643138
C            0.90641119614902       -0.97019405838178       -0.12996531203258
C           -0.42736868686016       -1.31530747277300        0.12490000735507
C           -1.40416551155429       -0.49152486612679       -0.41851862188274
N           -1.10373825791415        0.57584571964893       -1.15416513674669
C            0.17920795359208        0.80452747949588       -1.34986114736492
C           -2.86129097222718       -0.75115282435288       -0.19722600648435
O           -3.74027413623609        0.04505200800763       -0.36764506729428
O           -3.08902313752564       -2.00248617129117        0.23300896291459
C            2.04734253077765       -1.73598817074474        0.37115128102072
C            3.30361962360581       -1.53038201502223       -0.19837948548973
C            4.40676991544858       -2.23922692604615        0.22880082366029
C            4.29310997557654       -3.17655445724413        1.25350302747071
C            3.03168816799202       -3.36403709710500        1.83999896912312
C            1.92707164850424       -2.66303899384224        1.40885464939704
Cl           2.88413914543407       -4.50023070606801        3.13245764698530
O            5.30864543082322       -3.92691405426291        1.73488297293185
C            6.56037784499290       -3.82673179594354        1.11771511354293
C            7.48905285392619       -2.71212569560111        1.50649374937760
C            7.74574300491188       -4.11175892443631        1.98133286386126
H           -0.70209798530745       -2.18264635781706        0.69941650615393
H            0.43139271212174        1.66403711525528       -1.95758926263460
H           -4.04119372820255       -2.13652038801706        0.36348305564771
H            3.39565165773092       -0.80216634255029       -0.98838000150344
H            5.36739660142133       -2.05948163839126       -0.22743019837423
H            0.98328042479159       -2.83366879157891        1.90110132112046
H            6.56026541967998       -4.17394872074920        0.08735288122968
H            8.13091874631547       -2.29273338606304        0.74669465034438
H            7.12940946647391       -1.99509017110107        2.22860928552562
H            7.55093795494814       -4.33368413294605        3.01851770602343
H            8.56501551708856       -4.66779414287186        1.55374121254744
31
 energy: -58.164472093144 gnorm: 0.001748211147 xtb: 6.7.1 (edcfbbe)
N            1.18576644270268        0.10070962755448       -0.88655522975815
C            0.90864526708741       -0.96665905956574       -0.13351252051647
C           -0.42476406594672       -1.31171940003854        0.12640991249730
C           -1.40351308403644       -0.48947641126695       -0.41518944179617
N           -1.10554242848941        0.57991129264898       -1.15005028970259
C            0.17644135800798        0.80940065949235       -1.34852338058107
C           -2.85918821914049       -0.75292332462753       -0.19121727786757
O           -3.74149594708661        0.03947355904568       -0.36583286721985
O           -3.08244065828737       -2.00190259015487        0.24778301397657
C            2.04979781984065       -1.73405686373238        0.36405427633986
C            3.30684744095772       -1.52795730090584       -0.20392298671151
C            4.40834874815431       -2.23941918990326        0.22346253704377
C            4.29327786553883       -3.18072938918997        1.24439327702205
C            3.03100788079530       -3.36958191262397        1.82767288305185
C            1.92803332388539       -2.66541119651554        1.39720933346875
Cl           2.87767739825837       -4.51284245165014        3.11183214645724
O            5.30660163542968       -3.93404880310463        1.72600396627281
C            6.56171554856602       -3.82995395688475        1.11796268800245
C            7.48308331187541       -2.71080123426071        1.51143624346309
C            7.74199417724456       -4.10932193317906        1.99082438933675
H           -0.69865028531494       -2.17765813174556        0.70395141169346
H            0.42626056649015        1.67108896929117       -1.95441392752596
H           -4.03489618243275       -2.14058418665493        0.37733993180810
H            3.40274593646078       -0.79763147994339       -0.99078378212254
H            5.36949520976273       -2.06002490937368       -0.23145251336197
H            0.98400182101518       -2.83777520663491        1.88825891211792
H            6.57248629319372       -4.18144710399419        0.08875386571542
H            8.13111346752987       -2.28865596832409        0.75928202246368
H            7.11294290758480       -1.99624339041203        2.23066048180661
H            7.54141747939154       -4.32967119178518        3.02742197975401
H            8.56577897096206       -4.66232752156331        1.56750094486639
31
 energy: -58.164482735193 gnorm: 0.001563354280 xtb: 6.7.1 (edcfbbe)
N            1.18706748795157        0.09763060757403       -0.88954699809506
C            0.90942060900322       -0.96785245831428       -0.13380540173537
C           -0.42413999204119       -1.30876599045043        0.13047974302811
C           -1.40255413630208       -0.48621499220921       -0.41159744370406
N           -1.10396185065912        0.58028280913331       -1.15030451866213
C            0.17823264968435        0.80717756470047       -1.35123032180464
C           -2.85862170706301       -0.74717020410986       -0.18698634939690
O           -3.74058739814667        0.04354401935126       -0.37093053765545
O           -3.08255271844507       -1.99231465268478        0.26282566857806
C            2.05030312907871       -1.73733569139734        0.36150260720780
C            3.30825962059907       -1.52721809991454       -0.20336977098621
C            4.40977832411118       -2.24069884668544        0.22088571595400
C            4.29361632535502       -3.18850578670448        1.23561022566344
C            3.03013756285537       -3.38272749400202        1.81530461745884
C            1.92746088936317       -2.67602678940339        1.38817912681403
Cl           2.87555935712221       -4.53567184573102        3.09084020176730
O            5.30667040062488       -3.94399943016403        1.71432873010068
C            6.56540339010229       -3.82937505184695        1.11556603603519
C            7.47586653794380       -2.70550622174620        1.51980864820976
C            7.74158340523903       -4.10347100079187        1.99609316857185
H           -0.69863703153184       -2.17236115992843        0.71082120309346
H            0.42880154843966        1.66681016442464       -1.95986324914517
H           -4.03528775579169       -2.13010924256169        0.39009452869596
H            3.40463092736402       -0.79138895225534       -0.98553261088303
H            5.37194838103667       -2.05720574644163       -0.23133453933230
H            0.98287131431000       -2.85264000329040        1.87663920715893
H            6.58532873075602       -4.17705410419501        0.08528007399032
H            8.12553395590614       -2.27493179998616        0.77423774707868
H            7.09517324520930       -1.99697991454280        2.23932586289322
H            7.53573691228016       -4.32882333032892        3.03022681794258
H            8.57194788564517       -4.64933635550006        1.57721181115232
31
 energy: -58.164499086590 gnorm: 0.001166675562 xtb: 6.7.1 (edcfbbe)
N            1.19000019784513        0.09468577987375       -0.89272432774141
C            0.91123448597413       -0.96904067393196       -0.13404561109889
C           -0.42199962733180       -1.30420323013106        0.13512218595052
C           -1.39971986176225       -0.48070542266690       -0.40732261586987
N           -1.10018697764630        0.58268950072184       -1.14934255546164
C            0.18223203581040        0.80592184398578       -1.35325791198447
C           -2.85605800380543       -0.74004468487555       -0.18244151140992
O           -3.73958564935470        0.04482226759834       -0.38247095904963
O           -3.07743493480439       -1.97906190332329        0.28670824905563
C            2.05153072120625       -1.74175098302448        0.35811165312328
C            3.31055568798137       -1.52649173062148       -0.20205119852045
C            4.41151941215815       -2.24357551245387        0.21733544279871
C            4.29341257986608       -3.20053470427546        1.22294245962699
C            3.02917543693326       -3.40068284956643        1.79785940065687
C            1.92719804387161       -2.69002830765737        1.37528942406498
Cl           2.87280559637620       -4.56682830913632        3.06044727526641
O            5.30596744840954       -3.96088534751688        1.69524667946264
C            6.56985983531713       -3.82942994457495        1.11088329060614
C            7.46185373344978       -2.69710193018682        1.53065909091420
C            7.73900957538660       -4.09353074383897        2.00416229233666
H           -0.69769221426569       -2.16512073918322        0.71823769041301
H            0.43409871812651        1.66360179131455       -1.96392007363578
H           -4.02979709758275       -2.11762207116303        0.41486787009197
H            3.40587449525958       -0.78557899342909       -0.97908804381993
H            5.37375382473803       -2.05795923662264       -0.23179980635519
H            0.98164362873452       -2.87275330605135        1.85935071444216
H            6.60433425112834       -4.17107559461812        0.07952523312158
H            8.11360726782607       -2.25481614538761        0.79375369705692
H            7.06509424055071       -1.99629565842726        2.24871944638408
H            7.52120079779286       -4.32642620156230        3.03469780194404
H            8.58150235181131       -4.62841695927054        1.59530471762461
31
 energy: -58.164505451311 gnorm: 0.002052442021 xtb: 6.7.1 (edcfbbe)
N            1.19330129472290        0.09015056236036       -0.89848279452005
C            0.91324017837084       -0.97236943049813       -0.13798186013951
C           -0.42024228417912       -1.30152796883963        0.13635398403992
C           -1.39693368314051       -0.47512676186024       -0.40380912151144
N           -1.09615729397269        0.58627368494967       -1.14777951913027
C            0.18660745313909        0.80469068085030       -1.35592386521845
C           -2.85358768049090       -0.73111042450458       -0.17410463835741
O           -3.73819784100223        0.04929890937641       -0.38645581756231
O           -3.07389942421475       -1.96326738679999        0.31543109869660
C            2.05238275825297       -1.74911294867953        0.35043038733970
C            3.31336236806663       -1.52601439355537       -0.20296623596266
C            4.41391125144525       -2.24547245578874        0.21287452998846
C            4.29293513191748       -3.21398207832659        1.20782519662730
C            3.02657488862918       -3.42330205391919        1.77531053608569
C            1.92526802381255       -2.70948274234269        1.35650530499609
Cl           2.86644020491472       -4.60590974771019        3.02275273866169
O            5.30497092821576       -3.97786923176827        1.67546413757333
C            6.57490753031006       -3.82729619764925        1.10712320585119
C            7.44848841405076       -2.68701643514270        1.54687485187389
C            7.73537420541313       -4.08393252424410        2.01379705097831
H           -0.69801585090530       -2.16005061667788        0.72218652151112
H            0.43974405930971        1.66067105558009       -1.96843983428074
H           -4.02592184516953       -2.10055897526730        0.44847386497333
H            3.41042814949920       -0.77520598115982       -0.97178018597293
H            5.37841129599134       -2.05240678292088       -0.22999890578975
H            0.97844699630413       -2.89943059244641        1.83496469400555
H            6.62628579240156       -4.16062778773094        0.07329041584733
H            8.10551834334739       -2.23186085799869        0.82073111805602
H            7.03440135227844       -1.99506929394115        2.26516345041549
H            7.50682188357823       -4.32455981673608        3.03937196785392
H            8.59012339910390       -4.60676140661138        1.61355772306480
31
 energy: -58.164512806779 gnorm: 0.000789520985 xtb: 6.7.1 (edcfbbe)
N            1.19342919843285        0.09057674008064       -0.89774529414656
C            0.91342104299379       -0.97255558868663       -0.13828256387360
C           -0.42024360760239       -1.30274278494292        0.13508030997381
C           -1.39681168764122       -0.47606809913019       -0.40446155340722
N           -1.09603993784459        0.58610883725805       -1.14754985086723
C            0.18669841470744        0.80510287371201       -1.35512210971646
C           -2.85313471341509       -0.73171427355858       -0.17397824040493
O           -3.73741005684280        0.04881064204425       -0.38612010606232
O           -3.07391658120908       -1.96289710995232        0.31626589894836
C            2.05250993071332       -1.74933875207543        0.34983277151836
C            3.31341319632921       -1.52607498162271       -0.20311713541843
C            4.41394381332884       -2.24546682604551        0.21277409968916
C            4.29318961611838       -3.21419509761022        1.20700830745251
C            3.02679488963216       -3.42358581130117        1.77398900961520
C            1.92547445496866       -2.70961609429630        1.35565486026844
Cl           2.86699982664190       -4.60516578981417        3.02227929929089
O            5.30528008342383       -3.97746677789032        1.67535583833586
C            6.57485115526046       -3.82664324058036        1.10779172409477
C            7.44816747654524       -2.68695335651106        1.54717289785390
C            7.73474885306224       -4.08360879569320        2.01445159160725
H           -0.69791349921486       -2.16173708727955        0.72031863789909
H            0.43964839569704        1.66186566783068       -1.96668435542233
H           -4.02563586379553       -2.09882747590367        0.45020153992243
H            3.41066050586861       -0.77548628985576       -0.97120032696656
H            5.37812127391019       -2.05234855031853       -0.22988568029978
H            0.97848529195843       -2.89974804027164        1.83370822251563
H            6.62660357820675       -4.15969469805410        0.07434819470255
H            8.10451759369329       -2.23313111691073        0.82061382716238
H            7.03423401509731       -1.99435326972868        2.26409636440405
H            7.50580739740875       -4.32529044664939        3.03993282049911
H            8.58909594356705       -4.60599440624542        1.61403100082590
31
 energy: -58.164515825765 gnorm: 0.000702215024 xtb: 6.7.1 (edcfbbe)
N            1.19357467522981        0.09169015223484       -0.89624085785248
C            0.91370825284453       -0.97317654939937       -0.13954448000993
C           -0.42013004564575       -1.30514129403354        0.13214933667255
C           -1.39662714920143       -0.47756092509292       -0.40559662392169
N           -1.09593994275612        0.58630336819086       -1.14664794476098
C            0.18669464242459        0.80646003152631       -1.35308256293443
C           -2.85257209636416       -0.73270207245614       -0.17379668536972
O           -3.73652112067828        0.04825783778411       -0.38597025407481
O           -3.07407220201995       -1.96218812422806        0.31859915834165
C            2.05267284044534       -1.75007257902606        0.34823407987764
C            3.31362420919293       -1.52624999618346       -0.20395445173015
C            4.41410448868517       -2.24562708763187        0.21224408227025
C            4.29341561237398       -3.21440714657490        1.20602561232831
C            3.02684878583268       -3.42401437166972        1.77226774957829
C            1.92546168488499       -2.71043496383612        1.35376995266263
Cl           2.86723486199276       -4.60480975376987        3.02113883994803
O            5.30539114520680       -3.97700393920867        1.67542455319657
C            6.57451352016868       -3.82594870813768        1.10880225654737
C            7.44763595538054       -2.68665729660166        1.54780696177374
C            7.73375388609414       -4.08299564909367        2.01576817697829
H           -0.69747848071249       -2.16564438280378        0.71535667995751
H            0.43927610924480        1.66463172759759       -1.96286457377837
H           -4.02553423209613       -2.09573612085961        0.45443275074408
H            3.41141345710221       -0.77553169737258       -0.97109481314243
H            5.37810242349618       -2.05214301158413       -0.23002194157356
H            0.97823436165068       -2.90063594188041        1.83129288180183
H            6.62697626359026       -4.15895651369150        0.07562903298433
H            8.10431451844963       -2.23513004036837        0.82080200636372
H            7.03436878619264       -1.99267787864339        2.26320475765003
H            7.50446485300436       -4.32538960652235        3.04120077373348
H            8.58807993598678       -4.60474746666676        1.61542554573251
