31
 energy: -58.146988124018 gnorm: 0.081952799331 xtb: 6.7.1 (edcfbbe)
C            0.01122000000000        0.25234000000000        0.81122000000000
C           -0.35908000000000       -1.07334000000000        0.57443000000000
C            0.58864000000000       -1.98079000000000        0.10991000000000
C            1.91326000000000       -1.57354000000000       -0.07081000000000
C            2.32598000000000       -0.26054000000000        0.22685000000000
C            1.34600000000000        0.65328000000000        0.65719000000000
C            3.75299000000000        0.09689000000000        0.12909000000000
C            4.40868000000000        0.79782000000000        1.12082000000000
C            5.76964000000000        0.96192000000000        0.95265000000000
N            6.44843000000000        0.50325000000000       -0.12117000000000
C            5.71999000000000       -0.14760000000000       -1.02859000000000
N            4.40347000000000       -0.38333000000000       -0.95358000000000
C            6.60221000000000        1.63719000000000        1.99649000000000
O            7.80944000000000        1.78956000000000        1.98662000000000
O            5.86957000000000        2.09205000000000        3.03587000000000
Cl          -1.96293000000000       -1.63834000000000        0.86479000000000
O           -0.91456000000000        1.14612000000000        1.29206000000000
C           -1.29930000000000        2.13431000000000        0.30968000000000
C           -2.37929000000000        1.76344000000000       -0.67189000000000
C           -2.70108000000000        2.66096000000000        0.48466000000000
H            0.31205000000000       -3.01154000000000       -0.09533000000000
H            2.64312000000000       -2.30428000000000       -0.41903000000000
H            1.61494000000000        1.68132000000000        0.88822000000000
H            3.89550000000000        1.15241000000000        2.00482000000000
H            6.24087000000000       -0.52923000000000       -1.90039000000000
H            6.54587000000000        2.48641000000000        3.62869000000000
H           -0.55425000000000        2.85837000000000       -0.00756000000000
H           -2.33726000000000        2.20330000000000       -1.66118000000000
H           -2.78444000000000        0.75973000000000       -0.65573000000000
H           -3.30234000000000        2.25078000000000        1.28864000000000
H           -2.88478000000000        3.70819000000000        0.27988000000000
31
 energy: -58.153482777615 gnorm: 0.029258692347 xtb: 6.7.1 (edcfbbe)
C            0.02179025834633        0.25731716458120        0.81263375432580
C           -0.34151857253518       -1.06837597300172        0.56967449174006
C            0.60455579029038       -1.97578065693556        0.11343243467002
C            1.91514664812677       -1.57447545083221       -0.07381954882807
C            2.31526773526692       -0.27148344965727        0.22480541417715
C            1.35185228297679        0.64034220975670        0.65918668968380
C            3.74128838490305        0.07951195058777        0.12476172898334
C            4.40337330206510        0.79590158070689        1.11812902222166
C            5.76992824230347        0.96327022298045        0.95273590516718
N            6.42608781599557        0.50321337224944       -0.11674686225805
C            5.69985658919185       -0.14240658682748       -1.01217215547666
N            4.40048063715372       -0.39231426345682       -0.94068617840377
C            6.60442089370559        1.63946349287139        1.99047534182488
O            7.79826923754894        1.78121928295262        1.96301865175777
O            5.87856559550418        2.09336801077551        3.03164810953651
Cl          -1.95487261659239       -1.60769586600554        0.84858813543303
O           -0.91314747643585        1.15432290956776        1.27172385860610
C           -1.31497082807758        2.13247963575417        0.31988996397244
C           -2.37946406549206        1.76403817992998       -0.67228868335836
C           -2.70854077670842        2.66169429707155        0.48389687597719
H            0.32009262762969       -2.99716620946561       -0.09384646145099
H            2.64568148106802       -2.28971255424120       -0.42583239421960
H            1.62112013629517        1.66488460407498        0.87782649605387
H            3.89300661737934        1.15946675266808        1.99584832515666
H            6.22085522335569       -0.51976623246058       -1.88250757934386
H            6.52546231019680        2.49480727848383        3.64194896543845
H           -0.54073739438063        2.82473918923278        0.00698900827702
H           -2.32053186313101        2.19561315425416       -1.66144774691724
H           -2.76505625129386        0.75621419177329       -0.65560313313452
H           -3.29753232323192        2.25312958538968        1.29024052383878
H           -2.87816964142447        3.71129017722174        0.29481704654939
31
 energy: -58.154833944585 gnorm: 0.008080614204 xtb: 6.7.1 (edcfbbe)
C            0.02850184030989        0.26107061408029        0.81441249571413
C           -0.33170811305431       -1.06549531303835        0.56365505341863
C            0.61096416284938       -1.97628754701476        0.11223243885773
C            1.91813263912060       -1.58075118057766       -0.07389381206766
C            2.30996279349830       -0.28128848621032        0.23084766526691
C            1.35758365451607        0.63356540742880        0.66366002232482
C            3.73322600170106        0.06813749714229        0.12289574678555
C            4.39608847856835        0.79922024106019        1.11464168070683
C            5.76674675986709        0.96747788758420        0.95210960763560
N            6.41052361362264        0.50448627772257       -0.11459574077359
C            5.68789100829351       -0.14565302818922       -1.00101882601046
N            4.39813374424403       -0.40520345230942       -0.92884395358512
C            6.60585801222914        1.64433500617549        1.98599578676655
O            7.79533057522129        1.77876960781601        1.94001417877983
O            5.88023116576482        2.09778227887207        3.02522211039350
Cl          -1.95515070132480       -1.57900129480010        0.82750114369931
O           -0.91280587122906        1.15606542352972        1.26283366348156
C           -1.31734555725393        2.12547947389512        0.32950050014998
C           -2.37381858098631        1.76692449920537       -0.67395401388603
C           -2.70390833932864        2.65874126096296        0.48637532581557
H            0.31539480818279       -2.99216256291503       -0.09387655139398
H            2.65187112540641       -2.28257614571926       -0.43539880773662
H            1.63174013973095        1.65551832035947        0.87801117917222
H            3.88542789869598        1.17186056536803        1.98635244907717
H            6.20838642871951       -0.51450899270137       -1.87505927111456
H            6.49460692466474        2.50867199663492        3.65751363286091
H           -0.52026768717553        2.79848909010071        0.02472762820188
H           -2.30892829070379        2.19857193516316       -1.66099478675794
H           -2.75775353091908        0.75980860513931       -0.65728030611771
H           -3.29528655444009        2.24507780682549        1.28597950116809
H           -2.86706854879097        3.70998420840932        0.30775425916691
31
 energy: -58.155044127494 gnorm: 0.005829608222 xtb: 6.7.1 (edcfbbe)
C            0.03013930474857        0.25872012481255        0.81685012973044
C           -0.33119515590939       -1.06698307435144        0.55922066995740
C            0.60900531125726       -1.98039304440569        0.10867773272800
C            1.91786535446271       -1.58679262235401       -0.07514078093675
C            2.30935573934288       -0.28745226966047        0.23453834512117
C            1.36016989252880        0.62948895832648        0.66937186082842
C            3.73168461327080        0.06193957891947        0.12464783398765
C            4.39132273704029        0.80251416418700        1.11277455952558
C            5.76244027131486        0.97172908267515        0.95127812116809
N            6.40639155835859        0.50756232087497       -0.11499438165064
C            5.68610073420446       -0.14718952453103       -1.00019247022023
N            4.39811971031299       -0.41563451257382       -0.92352936089729
C            6.60320435628102        1.65257845927687        1.98286013742361
O            7.79286256922340        1.78543076927372        1.92961375572528
O            5.87585304431195        2.10285428592765        3.02052501995924
Cl          -1.95942379020487       -1.56941278128979        0.81232471499869
O           -0.91321138533186        1.15044551457585        1.26510953133960
C           -1.31264594537192        2.12220517862258        0.33578618904381
C           -2.36592891648715        1.77102579094016       -0.67498302914310
C           -2.69741977025013        2.65796195800416        0.48924723624678
H            0.30729402805808       -2.99436522338272       -0.09938621829047
H            2.65423531593227       -2.28495108747566       -0.43843582463957
H            1.63890937188642        1.65005091769151        0.88572297050618
H            3.87818015467659        1.18156001150119        1.98029543780908
H            6.20814248881707       -0.51919756139375       -1.87222143382408
H            6.47442127558916        2.51919404117710        3.66344120112332
H           -0.51132824875143        2.79357799810386        0.03585798932744
H           -2.29684008180778        2.20559494686988       -1.66020467785333
H           -2.75284441997927        0.76472014496454       -0.66168514460945
H           -3.29377693213743        2.23979437114499        1.28352448808374
H           -2.85852318538691        3.71053308354873        0.31642539743139
31
 energy: -58.155217733036 gnorm: 0.003305086922 xtb: 6.7.1 (edcfbbe)
C            0.03147881926905        0.25183313364569        0.82115277976923
C           -0.33253158545520       -1.07151758532543        0.55147450468438
C            0.60446107083628       -1.98770969324430        0.10064277360388
C            1.91611682861030       -1.59644039396268       -0.07697671663532
C            2.30909827647578       -0.29775817169602        0.23998494759971
C            1.36290337422823        0.62120619250455        0.67955171949810
C            3.73027609548271        0.05366328341506        0.12784307326070
C            4.38392918230570        0.80948515347758        1.10840293525479
C            5.75447884131110        0.98052051153588        0.94818026854893
N            6.40170502715451        0.51212782325574       -0.11571450478921
C            5.68619613525997       -0.15575317429729       -0.99636382179892
N            4.39916257164982       -0.43385656234391       -0.91470703339101
C            6.59679335755056        1.66637039767485        1.97806841191190
O            7.78620796694041        1.80083478204370        1.91623073699589
O            5.86606755834284        2.11270290942698        3.01193642112979
Cl          -1.96605609736052       -1.56193756393821        0.78942843812220
O           -0.91416934263696        1.13851237728596        1.27141203884658
C           -1.30316663332664        2.11889590925398        0.34679826312449
C           -2.35048788332049        1.77944830314111       -0.67607429347436
C           -2.68684408128250        2.65802262685792        0.49386732011466
H            0.29571060121061       -2.99909880627739       -0.11244084883703
H            2.65561500289671       -2.29109773278387       -0.44155381983906
H            1.64832714684249        1.63912312363593        0.90187358709226
H            3.86673318904875        1.19687824367764        1.96998047835823
H            6.20898676688829       -0.52534764150447       -1.86919288004048
H            6.44364449950857        2.53655127626219        3.66797556623265
H           -0.49927697108493        2.79174696987327        0.05559359903031
H           -2.27252670459292        2.21998424755402       -1.65787879852799
H           -2.74290461508080        0.77464330466470       -0.67096089939784
H           -3.29221480534468        2.23248589890629        1.27860934929442
H           -2.84515359232700        3.71259085728056        0.33017640425810
31
 energy: -58.155293633899 gnorm: 0.003058818433 xtb: 6.7.1 (edcfbbe)
C            0.03119979243013        0.24511579619968        0.82374735838494
C           -0.33457104440612       -1.07631962001100        0.54648097665391
C            0.60146320245822       -1.99267867320384        0.09405828690515
C            1.91416334159409       -1.60231302605482       -0.07907282181954
C            2.30877479846914       -0.30508325912004        0.24267024471484
C            1.36314421610464        0.61369295829260        0.68584718335515
C            3.72955321177582        0.04810232272960        0.13047501375499
C            4.37954669495171        0.81346830991448        1.10530579268053
C            5.74928110760590        0.98600586075737        0.94569988982834
N            6.39909443515142        0.51451319079789       -0.11588380794854
C            5.68605730383758       -0.15961228146373       -0.99403136270212
N            4.40006279808579       -0.44458945293490       -0.90904436573998
C            6.59043811232274        1.67849471600948        1.97366465918821
O            7.77924802347021        1.81615083346634        1.90984242369737
O            5.85741528294671        2.12035129329193        3.00630451538033
Cl          -1.96980350461720       -1.56348194790698        0.77614098915491
O           -0.91497829687234        1.12980614723947        1.27607127318427
C           -1.29633590381726        2.11804794768678        0.35495479601724
C           -2.33842467496088        1.78680214261553       -0.67633614334428
C           -2.68015214552436        2.65898530073201        0.49698677519471
H            0.29089142382522       -3.00251111366855       -0.12405027183563
H            2.65432841500702       -2.29624700865967       -0.44408196118297
H            1.65115178692430        1.62983334621155        0.91307035052607
H            3.85994013862875        1.20581466615881        1.96318832346069
H            6.21060472945415       -0.53510137055057       -1.86306350474875
H            6.42610623333898        2.54775135693098        3.66669396034582
H           -0.49136041750391        2.79275680304193        0.07162000311443
H           -2.25290086574497        2.23255435890264       -1.65521321573487
H           -2.73384203884197        0.78301458132569       -0.67920223032510
H           -3.29151657152467        2.22889433798191        1.27483377102607
H           -2.83601958456882        3.71489148328748        0.33964309881381
31
 energy: -58.155371536952 gnorm: 0.003141502036 xtb: 6.7.1 (edcfbbe)
C            0.02983113755783        0.23822115630953        0.82606782531602
C           -0.33712792943112       -1.08147404496657        0.54292212002964
C            0.59916350628536       -1.99651581603144        0.08801294932344
C            1.91214539050059       -1.60623634368312       -0.08159123140470
C            2.30811422308499       -0.31083139114470        0.24442146062114
C            1.36187232305229        0.60638553322825        0.69094016358198
C            3.72853204026216        0.04451486243960        0.13256942262487
C            4.37617197668061        0.81706697373556        1.10231924920133
C            5.74513481063115        0.99104108265638        0.94282964914114
N            6.39718257095647        0.51530640862262       -0.11569959408327
C            5.68605562770810       -0.16559380078905       -0.99003783136843
N            4.40063060929082       -0.45288490030959       -0.90404034345634
C            6.58410464726676        1.68861186094774        1.96992206110931
O            7.77196510220547        1.83272056349266        1.90581201524888
O            5.84898269406167        2.12688670044963        3.00203443947151
Cl          -1.97246911298061       -1.56927439237451        0.76711707067690
O           -0.91616889990658        1.12230450448620        1.28041783512628
C           -1.29054193371486        2.11809137894182        0.36275068970986
C           -2.32640022654386        1.79403805215847       -0.67665222072392
C           -2.67518423393173        2.65973596167245        0.49925142423191
H            0.28924714044457       -3.00522918893459       -0.13544097734041
H            2.65176502208703       -2.30038781964909       -0.44756391311852
H            1.65018236287305        1.62128325772872        0.92257643686773
H            3.85514807397101        1.21283343807276        1.95762390579628
H            6.21129460225875       -0.54375719910074       -1.85732771658160
H            6.41433650486739        2.55677535614385        3.66247669997668
H           -0.48450657080514        2.79470799746397        0.08848457896030
H           -2.23316677880011        2.24539248464130       -1.65234776765001
H           -2.72316061863953        0.79087425632976       -0.68854303996623
H           -3.29188974749146        2.22578422630125        1.27047706109348
H           -2.82868431380101        3.71671884116096        0.34753757758472
31
 energy: -58.155475822450 gnorm: 0.003437889875 xtb: 6.7.1 (edcfbbe)
C            0.02712584546237        0.22918865574666        0.82902195329243
C           -0.34082866332057       -1.08849548807271        0.53916965866988
C            0.59657585051738       -2.00076675184754        0.08031505310832
C            1.90952799274029       -1.61007793630229       -0.08583166598429
C            2.30658230009388       -0.31711347470235        0.24606495615274
C            1.35909593686227        0.59717635460566        0.69673414343879
C            3.72651016222251        0.04046740638125        0.13503638202263
C            4.37218465131033        0.82096136288627        1.09894576679970
C            5.74062044338030        0.99666560656327        0.93929506875237
N            6.39482050617497        0.51509144389335       -0.11507071444564
C            5.68535331441278       -0.17319069108873       -0.98461415625864
N            4.40075743826504       -0.46232017004123       -0.89786807011665
C            6.57545947024524        1.70220336660846        1.96445255518024
O            7.76185142868633        1.85720045618880        1.90067226696352
O            5.83805364997720        2.13399946701659        2.99798239432859
Cl          -1.97563813870516       -1.57889220696419        0.75824242931330
O           -0.91831183359239        1.11320350955042        1.28595095840443
C           -1.28361537809942        2.11839897077784        0.37359409770668
C           -2.30960520898635        1.80381054308572       -0.67765228796012
C           -2.66970939056009        2.65977706280372        0.50171845643039
H            0.28872774734382       -3.00836502710659       -0.14990915802135
H            2.64773668315527       -2.30449142223497       -0.45432503744386
H            1.64609610037524        1.61099673836048        0.93372334690369
H            3.85003423097744        1.22119169217983        1.95136058183695
H            6.21179101940481       -0.55710940734216       -1.84859114128187
H            6.40316733221731        2.56715951099037        3.65577910788269
H           -0.47519628677624        2.79726760541740        0.11353734360207
H           -2.20615170205303        2.26365508782695       -1.64849746274540
H           -2.70652100714741        0.80100043856403       -0.70294820125201
H           -3.29367626602198        2.22039841013440        1.26360394625398
H           -2.82025822856211        3.71811888612134        0.35742742846642
31
 energy: -58.155607652671 gnorm: 0.003433433068 xtb: 6.7.1 (edcfbbe)
C            0.02313582936791        0.21740715663045        0.83295462131243
C           -0.34564172499739       -1.09787160234558        0.53419764727598
C            0.59313342585880       -2.00629732384973        0.06987114472401
C            1.90609248421230       -1.61484618688239       -0.09253332693283
C            2.30377781264248       -0.32471392836114        0.24795738140073
C            1.35507866557793        0.58559529307821        0.70419787440031
C            3.72295467025191        0.03499027979986        0.13802163765532
C            4.36629818449428        0.82559830170870        1.09502814682902
C            5.73452239273858        1.00368985033202        0.93516652029684
N            6.39122387850976        0.51396047472518       -0.11350646354852
C            5.68410902257112       -0.18497243983014       -0.97640624072154
N            4.40044588777292       -0.47548011409488       -0.88932746872607
C            6.56369803254699        1.71990533433504        1.95706990178300
O            7.74767425002790        1.89267555324351        1.89104605562218
O            5.82410570950902        2.14272820500869        2.99368736679657
Cl          -1.98022759376755       -1.59065918763716        0.74705832640730
O           -0.92195942908437        1.10070593236750        1.29331666690683
C           -1.27456452350741        2.11850942113509        0.38951558928991
C           -2.28533164739061        1.81741725245892       -0.67988841842389
C           -2.66268604941874        2.65835075646591        0.50493896336361
H            0.28733106130537       -3.01245075905646       -0.16874496654822
H            2.64283132465780       -2.30848667893707       -0.46541747347289
H            1.64006445200441        1.59819809554103        0.94827652136258
H            3.84296603023485        1.23218674478457        1.94363839476784
H            6.21213532429508       -0.57514428018804       -1.83670807822352
H            6.39002828635890        2.58212057299582        3.64675896967322
H           -0.46209758114268        2.80047512162317        0.15089362337079
H           -2.16797139129725        2.29000703921514       -1.64330857476407
H           -2.68121459502091        0.81470817141844       -0.72462896818969
H           -3.29736750760261        2.21025189247398        1.25275590286157
H           -2.80998468170871        3.71855105184146        0.37143872345122
31
 energy: -58.155757905794 gnorm: 0.003196040337 xtb: 6.7.1 (edcfbbe)
C            0.01824503945608        0.20374860825963        0.83727954661945
C           -0.35099921757294       -1.10888562404721        0.52781200569413
C            0.58888889566382       -2.01302691631539        0.05702639529178
C            1.90197036955838       -1.62058814086100       -0.10138493546955
C            2.29976248653269       -0.33332945191939        0.24980722065753
C            1.35027303059778        0.57256664177909        0.71264688401131
C            3.71812134589174        0.02790741730078        0.14146165956356
C            4.35842391550701        0.83004954893849        1.09117427353072
C            5.72672062408192        1.01095587417507        0.93143209164287
N            6.38646130703063        0.51167134590522       -0.11041510145039
C            5.68245737213357       -0.19923945608784       -0.96622626172066
N            4.39983588630828       -0.49169492533274       -0.87884104296777
C            6.54914463833118        1.74247866410482        1.94719779760294
O            7.72967143690969        1.93753960761290        1.87565422806509
O            5.80868665001864        2.15263053344681        2.98956156720473
Cl          -1.98603714751721       -1.60275530752298        0.73365022236756
O           -0.92714459767099        1.08499819792326        1.30170380186791
C           -1.26392842398055        2.11840373159727        0.40992138925603
C           -2.25451874359936        1.83439818445366       -0.68308846375744
C           -2.65448748866235        2.65523825258210        0.50884448555491
H            0.28419287704519       -3.01732663539764       -0.19073783535040
H            2.63788186157989       -2.31188534006287       -0.48003531898341
H            1.63330944413197        1.58366914371995        0.96510297497230
H            3.83365775637584        1.24453153109585        1.93505685432858
H            6.21319915585451       -0.59806262622023       -1.82111918113482
H            6.37570257615107        2.60089275827278        3.63634521303607
H           -0.44675963116046        2.80451084147462        0.19888212325794
H           -2.12042180127768        2.32339556334953       -1.63646314680422
H           -2.64781574729614        0.83169006102188       -0.75223655310205
H           -3.30271411187728        2.19509315843130        1.23793984040292
H           -2.79921975854481        3.71753475832239        0.38936726581237
31
 energy: -58.155922976871 gnorm: 0.003542877273 xtb: 6.7.1 (edcfbbe)
C            0.01285226950472        0.18887555348722        0.84126807840497
C           -0.35647382280659       -1.12095209112426        0.51980991218469
C            0.58395963830713       -2.02090406213591        0.04209423400963
C            1.89729076278752       -1.62744407021093       -0.11193882582029
C            2.29478321971914       -0.34301514617758        0.25126252709736
C            1.34508433578355        0.55856304000459        0.72119090343074
C            3.71244410996585        0.01910021118620        0.14526714588422
C            4.34864672517322        0.83378163208636        1.08765320058716
C            5.71705213620116        1.01827411989495        0.92847438418919
N            6.38075173112556        0.50836561834472       -0.10538865051274
C            5.68103606140685       -0.21613812684367       -0.95371166124182
N            4.39929784912937       -0.51053718256965       -0.86667518049938
C            6.53244120758224        1.76763353910922        1.93599174788342
O            7.70805571938240        1.98972943392721        1.85415658711291
O            5.79273123222207        2.16436666317204        2.98517085995407
Cl          -1.99280996760240       -1.61407711184031        0.71779579996092
O           -0.93363455540679        1.06649269790263        1.31012763217763
C           -1.25223369452598        2.11813849760808        0.43390527769384
C           -2.21845706357107        1.85440390698390       -0.68647467650828
C           -2.64539665657767        2.65071396216175        0.51342826998329
H            0.27897907647779       -3.02283908509164       -0.21516760359937
H            2.63339407113304       -2.31477142302158       -0.49703933538288
H            1.62686205616022        1.56775743942867        0.98271258546701
H            3.82196641295207        1.25687526363975        1.92604114953741
H            6.21554953533236       -0.62443492114496       -1.80199810395551
H            6.35991051314441        2.62467518483788        3.62443305833591
H           -0.43078645817835        2.80924468707881        0.25519153495584
H           -2.06565744106327        2.36258597706035       -1.62721959436968
H           -2.60734013609407        0.85189731357565       -0.78368826258429
H           -3.30886157661014        2.17565729386663        1.21961703538414
H           -2.78887729105421        3.71509118480399        0.41102997023988
31
 energy: -58.156107122921 gnorm: 0.004410464605 xtb: 6.7.1 (edcfbbe)
C            0.00694299838578        0.17242304757131        0.84416922150187
C           -0.36215252437331       -1.13434833496861        0.50953324079513
C            0.57831557506304       -2.03027243853822        0.02456574738019
C            1.89207001471224       -1.63591906775789       -0.12420290242048
C            2.28900669316261       -0.35440219564827        0.25194845055779
C            1.33947551659774        0.54303976073411        0.72905522660715
C            3.70616496929075        0.00824851074257        0.14940604509546
C            4.33686388712318        0.83654811162841        1.08437161456666
C            5.70529419767746        1.02547174906578        0.92649247843381
N            6.37444823001968        0.50323220068001       -0.09755126192503
C            5.68048475263392       -0.23638261745678       -0.93801500080551
N            4.39935916689257       -0.53251292066810       -0.85250837301389
C            6.51266931286748        1.79807054009656        1.92226444549417
O            7.68164919263997        2.04933977803842        1.82680144734667
O            5.77555008640928        2.17967442091830        2.97966424442553
Cl          -2.00049733894173       -1.62526431757805        0.69870997627913
O           -0.94128872316412        1.04488250692967        1.31795931880228
C           -1.23935407038349        2.11778647015934        0.46152066241022
C           -2.17703769717869        1.87827776108401       -0.68911916342700
C           -2.63509004789134        2.64525835774451        0.51908785905671
H            0.27183852655012       -3.02927121464370       -0.24271386062938
H            2.62930064949642       -2.31794288835091       -0.51607420100217
H            1.62075533924052        1.54988943666064        1.00003305588968
H            3.80742027961744        1.26887767539600        1.91629465750633
H            6.22017825957052       -0.65550640138944       -1.77792458772712
H            6.34162038803426        2.65420420685134        3.61066618763950
H           -0.41460000044973        2.81445190027309        0.32002916111192
H           -2.00368785236652        2.40852464516055       -1.61414654426333
H           -2.55951920653318        0.87656557438588       -0.81818534976909
H           -3.31484636465983        2.15261003931218        1.19793421720297
H           -2.77877421004292        3.71155570356747        0.43725398687983
31
 energy: -58.156317735342 gnorm: 0.005863499229 xtb: 6.7.1 (edcfbbe)
C            0.00035197626678        0.15330861242262        0.84515400104804
C           -0.36836962394834       -1.14993677500337        0.49576535063353
C            0.57170604073132       -2.04194221174850        0.00321215129373
C            1.88614370753195       -1.64706425200228       -0.13882366531225
C            2.28250444034671       -0.36882920482499        0.25139027099981
C            1.33329823931842        0.52469067343086        0.73557123311550
C            3.69949059465580       -0.00601054204908        0.15428147792572
C            4.32263676641238        0.83775708105894        1.08130542804833
C            5.69071550163852        1.03298675877308        0.92550622163725
N            6.36756765746467        0.49656962339399       -0.08613412875818
C            5.68148123607372       -0.26078305189360       -0.91779047905693
N            4.40069570984604       -0.55890825403462       -0.83548059528032
C            6.48862067626004        1.83325526671401        1.90660141196120
O            7.64842036346120        2.11933306152780        1.79246075154164
O            5.75531547920786        2.20132118386785        2.97150557539464
Cl          -2.00939688091565       -1.63741071205632        0.67447377200255
O           -0.95011755677018        1.01904769363228        1.32469597305145
C           -1.22463132357400        2.11728340579491        0.49377427971583
C           -2.12884689437789        1.90802213652212       -0.68997327940051
C           -2.62264332583570        2.63945608969710        0.52662331769311
H            0.26272794286274       -3.03729029207131       -0.27513054224088
H            2.62531207020515       -2.32284563528945       -0.53727383932289
H            1.61489749797433        1.52868723444317        1.01642178602891
H            3.78903688532407        1.28005829303725        1.90531708861964
H            6.22849721051708       -0.69371719189451       -1.74618333644180
H            6.31787253362259        2.69439747374768        3.59276011079972
H           -0.39780382562719        2.81958431057740        0.39583262518694
H           -1.93251519103718        2.46410721581275       -1.59505147873876
H           -2.50285539196075        0.90830678091796       -0.85604448658791
H           -3.31970211312574        2.12626101932375        1.17247627217861
H           -2.76785040254860        3.70741420817268        0.47007673226423
31
 energy: -58.156565909620 gnorm: 0.006325091452 xtb: 6.7.1 (edcfbbe)
C           -0.00729415215621        0.12952135393342        0.84285941103622
C           -0.37558700454140       -1.16942034038248        0.47630037053322
C            0.56393901771997       -2.05742243522452       -0.02402899637786
C            1.87955325796932       -1.66270467862615       -0.15664731242713
C            2.27530731175827       -0.38833912530539        0.24909216979704
C            1.32620524513941        0.50134119572783        0.73984043051480
C            3.69238385973143       -0.02514316958059        0.16001468190385
C            4.30490586588900        0.83751075497869        1.07777052039004
C            5.67214787742741        1.04153129416888        0.92536792833592
N            6.36030001878944        0.48666335740143       -0.06907600105849
C            5.68540421086116       -0.29342172140305       -0.88959257654725
N            4.40453209534356       -0.59311942232826       -0.81353277998019
C            6.45677698729802        1.88023213533824        1.88576535688661
O            7.60391062320634        2.20319708590466        1.75005031987476
O            5.72842797457868        2.23415085252613        2.95828900396332
Cl          -2.01999501047004       -1.65234775857381        0.64182041580979
O           -0.96039692561194        0.98668811093672        1.32956705609336
C           -1.20678722564983        2.11625158122368        0.53293576220005
C           -2.07078938623582        1.94734913307982       -0.68760567168144
C           -2.60628403630713        2.63398759762409        0.53757244327234
H            0.25165827401557       -3.04816187688883       -0.31532153448086
H            2.62133947694238       -2.33156335166191       -0.56131695154354
H            1.60882660564408        1.50188406106795        1.03126505856451
H            3.76493302138493        1.29112568709577        1.89151062661667
H            6.24235280634848       -0.74240913673846       -1.70286743206906
H            6.28400438582022        2.74970011153616        3.56860392746086
H           -0.37907946386856        2.82338343208249        0.48814604103220
H           -1.84776156932222        2.53504678410061       -1.56623256071586
H           -2.43417001530740        0.95193541314905       -0.89885720806720
H           -3.32227916344884        2.09644785530662        1.14210696993103
H           -2.75392496294809        3.70321521953152        0.51352053073224
31
 energy: -58.156824120445 gnorm: 0.007669484926 xtb: 6.7.1 (edcfbbe)
C           -0.01453758199967        0.10429671508352        0.83544210409247
C           -0.38274491156902       -1.19012493967975        0.45251638053619
C            0.55625630949766       -2.07500743809127       -0.05378394488212
C            1.87350979569675       -1.68182024949992       -0.17528496221408
C            2.26919916686488       -0.41157400089210        0.24457029382923
C            1.31967049390907        0.47553870650391        0.73921235114202
C            3.68693642020868       -0.04859323675485        0.16672269319535
C            4.28679768957058        0.83235434433513        1.07575672684490
C            5.65223376472077        1.04837172510938        0.92722176115466
N            6.35402134260181        0.47696365701927       -0.04823260949738
C            5.69258092140045       -0.32696320434691       -0.85691677334211
N            4.41156190350315       -0.62992083163975       -0.78933698954466
C            6.42118089030902        1.92720049608479        1.86516538620916
O            7.55289013363433        2.29348852808378        1.70273277743688
O            5.69668274609238        2.27345593573586        2.94118749422290
Cl          -2.03050130978106       -1.66840471634901        0.60373002541755
O           -0.96978875805181        0.95291904187803        1.32948545794569
C           -1.18832471549101        2.11447660076698        0.57213092508146
C           -2.01271813436934        1.99201777424472       -0.67989586705707
C           -2.58724500616624        2.63172009936955        0.55121491793179
H            0.24081067661908       -3.06093257904045       -0.35764503504152
H            2.61789817913695       -2.34544301656819       -0.58313863569607
H            1.60393382610511        1.47264221285298        1.03965898446657
H            3.73844274967911        1.29631301973978        1.87795916658916
H            6.26195163030553       -0.79531883726339       -1.65089421861313
H            6.24055992056590        2.81875076780160        3.53788651874303
H           -0.36176934748418        2.82253625398500        0.58097237256737
H           -1.76436929586441        2.61143468225664       -1.52850659748822
H           -2.36554971040077        1.00428784184042       -0.93709378169123
H           -3.31956713088555        2.07161993443774        1.11241550839571
H           -2.73744265835799        3.70082471299684        0.56206756926540
31
 energy: -58.157052714931 gnorm: 0.008927973018 xtb: 6.7.1 (edcfbbe)
C           -0.02090518108446        0.08012229046934        0.82381772140344
C           -0.38837285550722       -1.21049140998527        0.42782945257262
C            0.55144048551591       -2.09317010674080       -0.08017827357021
C            1.87044688782836       -1.70203018083689       -0.18972401168425
C            2.26543225014506       -0.43481825886517        0.23928478724940
C            1.31377379513185        0.45089020461660        0.73359670442995
C            3.68374338774487       -0.07053938597907        0.17230068600475
C            4.27046382369860        0.82933203801269        1.07201497375228
C            5.63364439696891        1.05710424116011        0.92744551055340
N            6.35008084451405        0.46708555766058       -0.02692433864536
C            5.70274763055760       -0.36159874978670       -0.82222431127914
N            4.42128395352876       -0.66637988634667       -0.76504739837203
C            6.38502848138841        1.97568826528433        1.84224581759591
O            7.50129562745838        2.36313163978900        1.66302840813921
O            5.66279256598765        2.31968124683542        2.91845121510153
Cl          -2.03829684608442       -1.68578284701900        0.56557110187855
O           -0.97904500135136        0.91994552539843        1.32460254533485
C           -1.17236436944420        2.11151224270188        0.60835400677993
C           -1.96045390033588        2.03902444258155       -0.67034928418803
C           -2.57007629920318        2.63105372663580        0.56673400208447
H            0.23470247040174       -3.07518323790879       -0.39415743140178
H            2.61709343922647       -2.36340166905644       -0.59694324465332
H            1.59900122421638        1.44564268249452        1.03939050070131
H            3.71309715498719        1.30110687156002        1.86315642044226
H            6.28362268671475       -0.84496620653238       -1.59783311171201
H            6.19200066974554        2.88582889112918        3.50580167559190
H           -0.34734970835157        2.81779642059959        0.66979334203833
H           -1.68794629317647        2.68996103491410       -1.48755278751840
H           -2.30548696681778        1.06143791194064       -0.97428615561728
H           -3.31801341022486        2.04945202633814        1.08412293296556
H           -2.72082094417888        3.69967467893568        0.61499854402206
31
 energy: -58.157273290300 gnorm: 0.010293355011 xtb: 6.7.1 (edcfbbe)
C           -0.02839878053226        0.05220158412805        0.80898844267501
C           -0.39521452479915       -1.23429449300715        0.39952278404940
C            0.54664821868907       -2.11437663723360       -0.10905689823718
C            1.86744048326785       -1.72567501876737       -0.20443327370955
C            2.26223250937056       -0.46221295183385        0.23427663200044
C            1.30681257472151        0.42229450284435        0.72654002303264
C            3.68153023380500       -0.09746908287898        0.18129174258303
C            4.25463365543544        0.81865499958751        1.07191923766972
C            5.61430559679065        1.06183203070711        0.92981972482319
N            6.34575190520849        0.45924801049142       -0.00462364667268
C            5.71391665780058       -0.39674077277365       -0.78362073143444
N            4.43276395981910       -0.70653588143917       -0.73661836477690
C            6.34533608185260        2.02572941132089        1.81748487213206
O            7.44297336773751        2.46479124657059        1.60585102610804
O            5.62363378711759        2.35657014797839        2.89868849744205
Cl          -2.04634718434929       -1.70872627841168        0.52158796289165
O           -0.99023382295841        0.88270130049011        1.31661346227065
C           -1.15492425771714        2.10855307073901        0.64792257642058
C           -1.90205775193802        2.09532949381132       -0.65986813655443
C           -2.55183231876096        2.63225983667114        0.58409916622650
H            0.23100363842975       -3.09273771794347       -0.43450005817540
H            2.61560884594995       -2.38759983184586       -0.60830211874298
H            1.59208847474105        1.41506720350787        1.03760063946199
H            3.68677491616315        1.29943374451288        1.85018054748112
H            6.30734315169968       -0.89731013653714       -1.53790168151071
H            6.13316609532751        2.96341973940910        3.46567830479288
H           -0.33184561017795        2.81206861875339        0.77066898221087
H           -1.60090260536097        2.78230250809244       -1.44008512418506
H           -2.23995302952164        1.13116264496587       -1.01937076553346
H           -3.31795472513074        2.02776213850235        1.05085238910670
H           -2.70173954268034        3.69940656958866        0.67611378615414
31
 energy: -58.156757969477 gnorm: 0.026922012701 xtb: 6.7.1 (edcfbbe)
C           -0.02828509060530        0.04132948804695        0.78366537239910
C           -0.39517318449908       -1.24531475836090        0.37844698209900
C            0.55072904777541       -2.12817034376228       -0.11816229211779
C            1.87325357244897       -1.74436153164685       -0.20267006327862
C            2.26856134542158       -0.48097331913119        0.22871181280934
C            1.30711438110041        0.40876138300848        0.70507824745492
C            3.68934073413600       -0.11683669016240        0.18902899771506
C            4.25417704399467        0.79773782881506        1.07916197205061
C            5.60902229056669        1.05547439277644        0.93609419072247
N            6.34930846734515        0.46145238340247        0.00946435414568
C            5.72802759985531       -0.40588146469995       -0.75870123179053
N            4.44796799106382       -0.72361888172846       -0.72006324138288
C            6.32367415706260        2.03918207595962        1.80720210106038
O            7.40702880275627        2.51482900052049        1.56967784917917
O            5.59518292814577        2.36945348762953        2.88541724679482
Cl          -2.04406720617775       -1.72395898370522        0.49135085501052
O           -0.99145827460682        0.87087884699621        1.28970491046608
C           -1.15163792895330        2.10379887991290        0.65146567566567
C           -1.89422738296562        2.13133401344358       -0.63932780414010
C           -2.54168653316416        2.64713643274379        0.59780253504828
H            0.24132299272582       -3.10738438122893       -0.44380171213997
H            2.62004096557071       -2.41854019374955       -0.59058107708878
H            1.59142951915844        1.40349734266063        1.00907355679106
H            3.67724107455517        1.27570780001620        1.85083173056425
H            6.32919912833569       -0.91240830796467       -1.49777875652072
H            6.07937671200863        3.01643230432580        3.43105549335085
H           -0.33512941358768        2.78930303909427        0.79209297184525
H           -1.59077516006864        2.82525374570025       -1.39573187661886
H           -2.23573627890687        1.18791303456864       -1.01747827278997
H           -3.30352042556848        2.04889927706706        1.04507803527758
H           -2.68774187492327        3.70618409945265        0.71121143741799
31
 energy: -58.157560055369 gnorm: 0.004235405662 xtb: 6.7.1 (edcfbbe)
C           -0.03181473608429        0.03325513648970        0.78853645831313
C           -0.39667756281939       -1.25300049102510        0.37720810887170
C            0.55008517067007       -2.13275908691627       -0.12304525808614
C            1.87204596365321       -1.74581249925839       -0.20664435113794
C            2.26453109123919       -0.48218143551634        0.23038671362561
C            1.30315800436460        0.40375813479524        0.71168862478131
C            3.68400730095943       -0.11598177615749        0.18802572107656
C            4.24659477380984        0.81353566704083        1.07060426966294
C            5.60324975319547        1.06844600373363        0.92898030357525
N            6.34533092156717        0.45798906122125        0.00931584044488
C            5.72506776298698       -0.41672906470997       -0.75567586850964
N            4.44535800077845       -0.73334731330220       -0.71546977275243
C            6.31682350810431        2.05261291597707        1.80126967565492
O            7.40059700361590        2.51273286045008        1.57535563267289
O            5.59040411954315        2.38781933840323        2.87783362998538
Cl          -2.04672559431772       -1.73050156351439        0.48678137544300
O           -0.99805813845434        0.85825711108505        1.29680309932700
C           -1.14706592069285        2.10382222826053        0.66668538543627
C           -1.87339231941548        2.14134569973776       -0.64700921253728
C           -2.54022588829826        2.63972523517252        0.60016669534278
H            0.24029665034798       -3.11135167914145       -0.45232647698526
H            2.62057470309100       -2.41486194321300       -0.59948848723811
H            1.58577160596674        1.39785345494583        1.02098062127389
H            3.67057895924990        1.29640720130137        1.84087191245572
H            6.32860959549115       -0.93350431738040       -1.49111583849985
H            6.08020375732369        3.01798003726823        3.43011737563092
H           -0.32670370634477        2.79734908253603        0.82938527992897
H           -1.55788581455067        2.85028179970778       -1.39681567442531
H           -2.21096252278140        1.19512461423610       -1.04414517261516
H           -3.31470572102733        2.02706503289334        1.03221969811526
H           -2.68651072117156        3.70178055488004        0.72583969116860
31
 energy: -58.157664371169 gnorm: 0.010719581157 xtb: 6.7.1 (edcfbbe)
C           -0.03798870425762        0.00845802002680        0.77251529187588
C           -0.40090611049190       -1.27598848500875        0.35170661742042
C            0.54913349572542       -2.15342483420886       -0.14640520525257
C            1.87235032209524       -1.76720996409219       -0.21731707447370
C            2.26231975435634       -0.50500033145508        0.22637193386762
C            1.29711136122324        0.37965485398816        0.70353588878296
C            3.68174319779224       -0.13780495935227        0.19495743570753
C            4.23244154223715        0.80895973801678        1.06761760881100
C            5.58748809748704        1.07369555688879        0.92934350048948
N            6.34224385185410        0.44734414307160        0.02858929877016
C            5.73511774660096       -0.45161664752007       -0.72084914140202
N            4.45578049166556       -0.77009544351190       -0.68942554446893
C            6.28096141426049        2.09821256022214        1.77859929020438
O            7.34874197414097        2.59083059034752        1.53565299793882
O            5.55310244819471        2.42280121564383        2.85830077608315
Cl          -2.05189356987708       -1.75329082470255        0.44604640194533
O           -1.00851732236899        0.82589409121917        1.28370535540069
C           -1.13273439369995        2.09996795100312        0.69784197248942
C           -1.82581415905944        2.19279386804591       -0.63577562368955
C           -2.52312595544873        2.64293903801276        0.61730392184415
H            0.24189825483063       -3.13025384477304       -0.48395483618535
H            2.62284458253718       -2.43683305425544       -0.60601844500974
H            1.57783061022916        1.37301061404248        1.01698275052801
H            3.64747239004663        1.30206675935310        1.82595279206574
H            6.34830286044613       -0.97937292256354       -1.43992333073351
H            6.02539019316521        3.08542290030322        3.39346916700900
H           -0.31413007336859        2.78659037053975        0.91139316757567
H           -1.48785837009220        2.93204299955533       -1.35109774198677
H           -2.15714676767293        1.26176632280723       -1.08021985700806
H           -3.31199783621782        2.01360894185924        1.00547239034412
H           -2.66760132633298        3.70194077649744        0.78294824105648
31
 energy: -58.157809646939 gnorm: 0.006747767029 xtb: 6.7.1 (edcfbbe)
C           -0.03929268495972        0.00240951180397        0.76577439555498
C           -0.40005107032635       -1.28351264894383        0.34564082980076
C            0.55268497605014       -2.16052319850070       -0.14818622466325
C            1.87564777187400       -1.77304085850350       -0.21593410104698
C            2.26267206127684       -0.50920498811441        0.22636440897577
C            1.29544830955555        0.37503165591164        0.69974709284666
C            3.68108897349573       -0.14058957450616        0.19627894711801
C            4.22938290530714        0.81202839762473        1.06445880520055
C            5.58487604991164        1.07642353908074        0.92737794430981
N            6.34140671824611        0.44535337833631        0.03136434413196
C            5.73656185060093       -0.45840646590924       -0.71302250475911
N            4.45792279853084       -0.77743130926527       -0.68242483064520
C            6.27240960103886        2.10589944917133        1.77324298149960
O            7.33736617890422        2.59701878435827        1.53424635454254
O            5.54162588376714        2.43296925742024        2.85055102613519
Cl          -2.05053845832957       -1.76221972711567        0.43510140902418
O           -1.01242133623538        0.81860266871540        1.27389958973342
C           -1.13042476697366        2.09732542976593        0.70123501904025
C           -1.81809870991330        2.20756688661274       -0.63197061655670
C           -2.51889485655975        2.64561497460930        0.62284625871878
H            0.24850399337589       -3.13873094081632       -0.48500290792078
H            2.62716245947700       -2.44369498163721       -0.60115565004200
H            1.57343482597576        1.36958632851787        1.01227649365143
H            3.64287709468798        1.30853810464096        1.81953937513971
H            6.35129778340131       -0.98790886646324       -1.42856072680467
H            6.00909410754845        3.09593832161951        3.38279441630105
H           -0.31130203832939        2.77743849794526        0.92525381926360
H           -1.47547786118729        2.95300407893155       -1.33668437094550
H           -2.14978467923767        1.28432805805472       -1.08792493319894
H           -3.31199186213891        2.01532641783122        0.99959621469078
H           -2.66062601883438        3.70196981882460        0.80059714090394
31
 energy: -58.157921139279 gnorm: 0.002680150965 xtb: 6.7.1 (edcfbbe)
C           -0.04205792038421       -0.00011483404766        0.76235370042350
C           -0.39961140418442       -1.28761036410702        0.34505178704194
C            0.55509301575811       -2.16399352684811       -0.14531650055274
C            1.87719868131160       -1.77383146352518       -0.21328976955559
C            2.26130303282894       -0.50836551856330        0.22726363464073
C            1.29244211729225        0.37450658470780        0.69903275830848
C            3.67917960840842       -0.13856203502177        0.19642251270295
C            4.22793518952268        0.81620106135940        1.06127822895673
C            5.58439348073230        1.07850973576890        0.92521812456795
N            6.33996764523414        0.44700923956928        0.03024232431898
C            5.73400578720395       -0.45612910990993       -0.71349843342783
N            4.45589421870973       -0.77649845414959       -0.68039158963524
C            6.27361986202464        2.10294218018108        1.77383575980973
O            7.34022758130643        2.59387419305393        1.53693657028924
O            5.54068101628518        2.43308678511092        2.84890731169582
Cl          -2.04959707204250       -1.76755830658481        0.43497713256721
O           -1.01876655386911        0.81381144324862        1.26622290314820
C           -1.13249785699378        2.09392835574251        0.70211291487010
C           -1.81367755303931        2.21337900615188       -0.63118531594001
C           -2.51893157818991        2.64550539926658        0.62116693900288
H            0.25255290456122       -3.14384363109008       -0.47901667769711
H            2.63044020852092       -2.44234786537556       -0.59786022484998
H            1.56822892767378        1.36978710683336        1.01106998478883
H            3.64244081706390        1.31470417036704        1.81472859711755
H            6.34897088957908       -0.98815632343024       -1.42763157017551
H            6.00993440592263        3.09506570615573        3.38132669143640
H           -0.31310461788634        2.76900927503479        0.93305568858680
H           -1.46675027698345        2.96143508561286       -1.32724770315907
H           -2.14376733215836        1.29551755293011       -1.09454032486584
H           -3.31364694220973        2.01663837512444        0.99046052681923
H           -2.65954028199861        3.69921017643475        0.80563401876548
31
 energy: -58.158064260802 gnorm: 0.003788100540 xtb: 6.7.1 (edcfbbe)
C           -0.04909349735335       -0.00834275777071        0.75549228763913
C           -0.39823776244466       -1.30032487909055        0.34526973755882
C            0.56173073206096       -2.17450741536592       -0.13764330520627
C            1.88140489081373       -1.77680053361886       -0.20656190892572
C            2.25765314680670       -0.50677331384649        0.22870306518770
C            1.28418971317116        0.37280499832661        0.69595452629575
C            3.67423424297666       -0.13282277308594        0.19536719363696
C            4.22337508124533        0.82716546882298        1.05341886075345
C            5.58222398045719        1.08347537864553        0.92064791259148
N            6.33669313876152        0.44899349718928        0.02869050038252
C            5.72888512453634       -0.45401553457964       -0.71329627558776
N            4.45145953287373       -0.77536843866802       -0.67641288204002
C            6.27279004139821        2.10167592573444        1.77216608455997
O            7.34596712663642        2.58514141119310        1.54385255057270
O            5.53867813819338        2.43517043449229        2.84575557654419
Cl          -2.04674084123586       -1.78474853855171        0.43465377829635
O           -1.03510153128227        0.79983164909288        1.24865428376957
C           -1.13661882413941        2.08611288716041        0.70565736661739
C           -1.80124009737058        2.23085674557249       -0.63114714767841
C           -2.51890888497460        2.64566158603421        0.61788077313061
H            0.26409807281914       -3.15829684284689       -0.46451338432077
H            2.63957215046155       -2.44076990994072       -0.58809070788658
H            1.55445506237250        1.37027054388228        1.00581971446558
H            3.63913351776497        1.33218220916910        1.80231328942334
H            6.34291502740499       -0.98728721069341       -1.42817637357195
H            6.01484572392912        3.09074402267593        3.38074422270439
H           -0.31700036606049        2.75158073899790        0.95684152442867
H           -1.44314911773069        2.98887273236429       -1.30721297105560
H           -2.12897443145725        1.32474310236746       -1.11492634226686
H           -3.31941266438514        2.01684567068804        0.96816512216254
H           -2.65726642624904        3.69503914565044        0.81925292781864
31
 energy: -58.158296269317 gnorm: 0.007017543552 xtb: 6.7.1 (edcfbbe)
C           -0.06220048160791       -0.02559102593680        0.74317255009228
C           -0.39566997701639       -1.32616247031015        0.34585251002928
C            0.57439598923658       -2.19603069797101       -0.12351082032644
C            1.88949391752528       -1.78416665008255       -0.19361472403209
C            2.25098751578043       -0.50566872384156        0.23125440490059
C            1.26832816330640        0.36839134943641        0.68872000644798
C            3.66537434978296       -0.12351361873226        0.19394023416067
C            4.21447291425519        0.84635461974370        1.04040784210641
C            5.57697337467292        1.09279002369626        0.91265448337251
N            6.33013649336397        0.45276415858312        0.02504770264744
C            5.71964520510212       -0.45033267578778       -0.71453311150933
N            4.44345988048362       -0.77353761508912       -0.67103909926015
C            6.27242377427223        2.09814836409391        1.77168542453030
O            7.35426084966792        2.57042298544719        1.55533890280900
O            5.53468303092706        2.44116257051523        2.84047426847432
Cl          -2.04088265662035       -1.82125840516520        0.43325594991893
O           -1.06549956262782        0.77167922027397        1.21696061689033
C           -1.14333724394036        2.07321321298484        0.71435481595929
C           -1.77614080929401        2.26742213574441       -0.63203213193891
C           -2.51886384935374        2.64688785229519        0.61313402595462
H            0.28674510474209       -3.18662141716863       -0.43937169454845
H            2.65697766897179       -2.44095231679607       -0.56813685778459
H            1.52866907667634        1.37036950015952        0.99272671860401
H            3.63133269219095        1.36380908358318        1.78104940108437
H            6.33216938755152       -0.98651551451036       -1.42922907371390
H            6.02101575566593        3.08778685152920        3.37809667233660
H           -0.32438819060480        2.72356254980090        1.00609007539708
H           -1.39647188186771        3.04640396483544       -1.27183932900838
H           -2.09977424118105        1.38185747627570       -1.15566643749188
H           -3.33198065662907        2.01457251192195        0.92547415872737
H           -2.65377559343159        3.68986270047225        0.84660251517053
31
 energy: -58.158609685064 gnorm: 0.011171692012 xtb: 6.7.1 (edcfbbe)
C           -0.08461456834328       -0.05724746166393        0.72128627811363
C           -0.39136147204005       -1.37270591376236        0.34664392699238
C            0.59597677581279       -2.23473126919943       -0.10021987993608
C            1.90325842494335       -1.79903507573865       -0.17161921542804
C            2.23951130467506       -0.50641676291352        0.23463378320282
C            1.24053416948959        0.35900192309019        0.67340944928464
C            3.65008026820855       -0.10913166231002        0.19120924773760
C            4.19780944556521        0.87660275037467        1.02012651935613
C            5.56550933455083        1.10753751732507        0.90137524569512
N            6.31827698392447        0.45758660613012        0.02122627010061
C            5.70471291266339       -0.44593783625185       -0.71572291212785
N            4.43028098251032       -0.77134353919196       -0.66345734240428
C            6.26789611436598        2.09776824875672        1.76891073675931
O            7.36381318769307        2.54815688393496        1.57134152630364
O            5.52631826365282        2.45536534563121        2.83145625357024
Cl          -2.03004890994525       -1.88933845778801        0.43084260593140
O           -1.11722779529082        0.72118074605339        1.16131437902862
C           -1.15374588452113        2.05297872449049        0.73258277956362
C           -1.72794246615704        2.33522139194657       -0.63205821429960
C           -2.51803337128992        2.65023174322477        0.60602658906814
H            0.32624499375689       -3.23607508284611       -0.39923484662022
H            2.68634052872505       -2.44496792078287       -0.53301737012657
H            1.48470675784815        1.36903369295700        0.96496204980645
H            3.61463422027702        1.41490363579137        1.74643002314747
H            6.31465587703863       -0.98447195946562       -1.43111892289126
H            6.02849444282947        3.08728094355008        3.37309043586765
H           -0.33854357201307        2.67830197795923        1.09791258183227
H           -1.30987856097377        3.15072757507809       -1.20846037012832
H           -2.04201118623744        1.48502338097274       -1.22552144134617
H           -3.35420634848570        2.00925707891068        0.84755515887866
H           -2.64888085323235        3.68235277573797        0.89541467506774
31
 energy: -58.158779231243 gnorm: 0.009451571769 xtb: 6.7.1 (edcfbbe)
C           -0.09130647547334       -0.06825723447311        0.71099925147429
C           -0.38947878134944       -1.38957184101496        0.34724476157478
C            0.60350879583100       -2.24938313416599       -0.09127518488749
C            1.90810227094512       -1.80648687560728       -0.16373392903160
C            2.23583856810198       -0.50890083023088        0.23258566255145
C            1.23107249884486        0.35519130291770        0.66128834329827
C            3.64489791108488       -0.10550205241929        0.18825732041747
C            4.19028151724510        0.88483519994655        1.01347661016617
C            5.55872754650123        1.11211009371990        0.89887565755484
N            6.31341984764310        0.45902122622413        0.02121864817980
C            5.70077567010274       -0.44482117036928       -0.71669989390110
N            4.42668111783776       -0.77041247100378       -0.66435499924981
C            6.26332750112105        2.09915189032707        1.76962910541733
O            7.36175655590047        2.54183884202731        1.57659562506705
O            5.52062925510281        2.46098242726897        2.83009182945619
Cl          -2.02469233115944       -1.91751778213535        0.43212784574135
O           -1.13075722943260        0.70596023307206        1.13942446005814
C           -1.15542655576168        2.04911621069471        0.73924768945931
C           -1.70924887821967        2.36111767432870       -0.62834984187407
C           -2.51588525168384        2.65401747429652        0.60550113536627
H            0.34092977566643       -3.25451518508391       -0.38335055428374
H            2.69610402777868       -2.45130122920463       -0.51715154697419
H            1.47061357162560        1.36874339678905        0.94391652979207
H            3.60486941429771        1.42914033514182        1.73453506715580
H            6.31043881122126       -0.98217583192012       -1.43241557398876
H            6.02528259238477        3.08896743325166        3.37305025334910
H           -0.34450953379712        2.66524077435204        1.12829526817863
H           -1.28089511063756        3.18597682977911       -1.18429773445642
H           -2.01647422739989        1.52278026752103       -1.24135629444204
H           -3.35775391091289        2.01006531052090        0.82254016351060
H           -2.64826896340815        3.68169871545041        0.91140432532003
31
 energy: -58.159104314253 gnorm: 0.010719380692 xtb: 6.7.1 (edcfbbe)
C           -0.09638568070215       -0.08103416114174        0.69057194420457
C           -0.38656043987205       -1.41113227782352        0.34982961505606
C            0.61186893798888       -2.27059763547600       -0.07584399849396
C            1.91400257049936       -1.82297342915921       -0.15250461656510
C            2.23262020868490       -0.51841239705279        0.21903547527640
C            1.22071463297802        0.34921422532055        0.62534180511024
C            3.63896402321457       -0.10482576050463        0.17644243470314
C            4.17547665362749        0.88768152914754        1.00496666376632
C            5.54180101813162        1.11599403686355        0.90004021500775
N            6.30562529260626        0.46071947715428        0.02664383145769
C            5.70024071248331       -0.44236254282999       -0.71971153566536
N            4.42562880721375       -0.76729906960066       -0.67737476335482
C            6.24711768378765        2.10725004606828        1.77371920445861
O            7.34591929744830        2.53695609341813        1.58385599899309
O            5.50144253917128        2.47113869044840        2.83071694012880
Cl          -2.01427561563181       -1.96235266412876        0.44327785790874
O           -1.13476250588458        0.69425566430555        1.10554790757731
C           -1.15079744937663        2.05233335887816        0.74826058054466
C           -1.67860167135355        2.40002874889123       -0.61399901178453
C           -2.50725817646987        2.66367547682786        0.60963956515938
H            0.35985167390960       -3.28080499920970       -0.35491057089377
H            2.70536510562110       -2.47428466578382       -0.48774633030413
H            1.45761260107069        1.37006483753087        0.88081637902987
H            3.58058284638015        1.43233857522542        1.72007408444316
H            6.31324975299487       -0.97463048759904       -1.43348354503090
H            6.00030233189121        3.09587048396352        3.37846799685332
H           -0.35390238240543        2.65535960418769        1.16674004400152
H           -1.24509659593821        3.22968246909169       -1.14696111459108
H           -1.96979233370531        1.57593840965890       -1.24163215535054
H           -3.35008330090628        2.01587164225778        0.79490165241719
H           -2.64831053745600        3.68344672107161        0.93259744593610
31
 energy: -58.159335523067 gnorm: 0.014780246086 xtb: 6.7.1 (edcfbbe)
C           -0.11059564162285       -0.10332583316235        0.66524117912166
C           -0.38348857918796       -1.44564967252991        0.35225124106439
C            0.62590822431182       -2.30286747873605       -0.05188274870832
C            1.92401559470930       -1.84266992592780       -0.13326537993971
C            2.22566843181760       -0.52583300795085        0.20933946964721
C            1.20191530000605        0.34060281469046        0.59206621009848
C            3.62806004883138       -0.09884586114311        0.16467408977541
C            4.15739568225896        0.90071125720901        0.98909413250735
C            5.52444239456531        1.12557622328307        0.89530864414697
N            6.29466953094632        0.46692245406909        0.02944942219996
C            5.69364326356402       -0.43453480413342       -0.72246420357030
N            4.41946154993065       -0.76199632917974       -0.68466637245644
C            6.23207465180447        2.11323679556594        1.77399603396270
O            7.34088074696739        2.52443762568192        1.59656721145573
O            5.47800344493504        2.48650921436245        2.82223833619450
Cl          -2.00397324459776       -2.01835652221542        0.45348178601506
O           -1.16306073555191        0.66239288001384        1.05642203190608
C           -1.15174080905410        2.04216571529255        0.76370209113079
C           -1.63001852768042        2.46033035386671       -0.60502654564870
C           -2.50055583381567        2.66734993637696        0.60681582509480
H            0.38768231871829       -3.32241565331253       -0.31092498141944
H            2.72313631944920       -2.49393904959556       -0.45114734898466
H            1.42960582620353        1.37122010596681        0.81928582201640
H            3.55614144733666        1.44837017328334        1.69665198188882
H            6.31047396456274       -0.96620711488263       -1.43300843306734
H            5.97828688964518        3.10281771544732        3.37804818203851
H           -0.36637904023378        2.62226226574677        1.24761387108022
H           -1.17172045176533        3.31594271162606       -1.08557032010153
H           -1.90753579289285        1.66535112025539       -1.28447960318506
H           -3.35629550996472        2.01292724027104        0.73079274221239
H           -2.64354146419515        3.67462464976197        0.97671563352380
31
 energy: -58.159589526907 gnorm: 0.010160717832 xtb: 6.7.1 (edcfbbe)
C           -0.10895861498000       -0.10239649502028        0.66165808621814
C           -0.38339185538421       -1.44506011452696        0.35609695463185
C            0.62410850646187       -2.30461971250357       -0.04574468574186
C            1.92360679985975       -1.84720556130970       -0.13213968008647
C            2.22661670843867       -0.52876282673871        0.20010138254211
C            1.20402937593544        0.33995822300391        0.57933609347525
C            3.62843117678964       -0.10165907315304        0.15618162957574
C            4.15400462793484        0.89447497342046        0.98704563105222
C            5.51985443976473        1.12527423103518        0.89596474813608
N            6.29358772104370        0.47073203394670        0.03150327470270
C            5.69694291931356       -0.42998322103868       -0.72390453156954
N            4.42226094465924       -0.75901505325885       -0.69362938313031
C            6.22379329969772        2.11464774585070        1.77634220941511
O            7.33407935283730        2.52589409364087        1.60156473915675
O            5.46195858682030        2.48963648377856        2.81808495378372
Cl          -2.00399483291582       -2.01493356043807        0.46433278752842
O           -1.15897995879606        0.66475989642509        1.05459623885420
C           -1.14724975428944        2.04108825764780        0.76533755505953
C           -1.62038108915069        2.46535341600374       -0.60021315097298
C           -2.49591632218584        2.66615278636336        0.60658304454782
H            0.38437975789688       -3.32546000779219       -0.29776956160718
H            2.72003065985573       -2.50223853463967       -0.44713883044836
H            1.43275873178989        1.37250991040131        0.79479403704946
H            3.54902363277868        1.43276161704802        1.69759795887600
H            6.31830489146767       -0.95980790341122       -1.43274426604428
H            5.95570865856584        3.10767153908975        3.37884279689789
H           -0.36451216119407        2.61546787898769        1.25753327194954
H           -1.16095341379582        3.32407045058657       -1.07347710878219
H           -1.89607669675647        1.67405726673758       -1.28551716978269
H           -3.35094805452168        2.01364490377240        0.72415176753087
H           -2.63955803793988        3.67009635609263        0.98194920718217
31
 energy: -58.160043061314 gnorm: 0.006940198800 xtb: 6.7.1 (edcfbbe)
C           -0.11022421995009       -0.10923531192172        0.63764660030686
C           -0.38050447225742       -1.45973143142048        0.36662654196028
C            0.62678859592000       -2.32484125379952       -0.01986251722464
C            1.92701463491301       -1.86778228348375       -0.12311189499373
C            2.22589048887639       -0.53989742395717        0.17175539784037
C            1.20167831378637        0.33528085148918        0.53092715680142
C            3.62570460201054       -0.10866096200752        0.12943046362766
C            4.13850381138163        0.88093013876528        0.97700152444208
C            5.50192919269175        1.12734977331754        0.89554536138882
N            6.28617578764503        0.48475902586681        0.03411657449014
C            5.70309574930428       -0.41491563477946       -0.73108897950630
N            4.42832582938578       -0.75153021413354       -0.71946142262866
C            6.19184808936867        2.11990061448090        1.78372371782147
O            7.30473613645028        2.53148191010210        1.62083021953166
O            5.40869347473218        2.50024149218634        2.80643078104849
Cl          -1.99940917071880       -2.02823752835099        0.49958553932800
O           -1.16160408245845        0.65606807230485        1.02676416277772
C           -1.13589846208793        2.03489173049167        0.77844068882820
C           -1.57328386868342        2.50408015150422       -0.58138270094812
C           -2.47935576438278        2.66930206529407        0.60517527982018
H            0.38790190414545       -3.35286611129532       -0.24411303007135
H            2.72126016514298       -2.53140034732559       -0.42326696701303
H            1.42846605601690        1.37554127062602        0.70850619296861
H            3.52077254230482        1.39947189767402        1.69070136009665
H            6.33746507061684       -0.93951516174476       -1.43432187352226
H            5.88419971423153        3.12349610608053        3.37943237108953
H           -0.36356715152789        2.58297628396250        1.31509843281693
H           -1.10259942766463        3.37599332229554       -1.01608120021461
H           -1.83492625486701        1.73497548554587       -1.29798719123083
H           -3.33951216828850        2.02006906854263        0.67889755995308
H           -2.62700511603583        3.65891440369126        1.01136185041513
31
 energy: -58.160364182789 gnorm: 0.007420230975 xtb: 6.7.1 (edcfbbe)
C           -0.11274301633610       -0.12057397904994        0.61158536784121
C           -0.37649666832079       -1.47949416426995        0.37507984698594
C            0.63247656227334       -2.34871293924355        0.00465934500397
C            1.93102310050157       -1.88855081129672       -0.11419544026611
C            2.22312848407887       -0.55206562164695        0.14700025293097
C            1.19615842399485        0.32845751267406        0.48534281078779
C            3.62149897948818       -0.11558718688876        0.10560592156666
C            4.12150383040707        0.87070687649729        0.96602253317638
C            5.48305032281246        1.13090149793875        0.89340162681842
N            6.27699788075039        0.49904601866773        0.03325068411516
C            5.70670846146405       -0.40163780520878       -0.73932675858418
N            4.43334143986973       -0.74742112523148       -0.74100234743439
C            6.15589049633549        2.12710028832915        1.78969888480485
O            7.27137080809901        2.53981328354781        1.64310709443612
O            5.35516558240331        2.50966603138411        2.79680968359267
Cl          -1.99305397333942       -2.04918926597750        0.53481718327588
O           -1.16888626110737        0.64177042388445        0.99193442412962
C           -1.12561176266041        2.02774767623633        0.79264539755488
C           -1.52271489690846        2.54736559155348       -0.56217910378661
C           -2.46086213030058        2.67649682145414        0.60382496742292
H            0.39620580603061       -3.38370730900303       -0.19149309839382
H            2.72685829507346       -2.55733558320337       -0.39854875752093
H            1.41886368138299        1.37483415044045        0.63063599799029
H            3.49294150385835        1.37480729444123        1.68073138148301
H            6.35123607544897       -0.91923329568233       -1.43928858244534
H            5.81603129740643        3.13728277003282        3.37808233452646
H           -0.36399599528514        2.54823324745748        1.37113480063825
H           -1.03672360737027        3.43106227236476       -0.95518673089160
H           -1.76702616705456        1.80292591430883       -1.31074959072083
H           -3.32606284632927        2.03081619422692        0.63252750713370
H           -2.61371370666480        3.65158522126428        1.04139236382837
31
 energy: -58.160652051054 gnorm: 0.006465004171 xtb: 6.7.1 (edcfbbe)
C           -0.11099830092041       -0.13044179590654        0.58853874417308
C           -0.37220664117272       -1.49426882400564        0.38395068052052
C            0.63564835173418       -2.36846409897691        0.02493261977421
C            1.93177676000949       -1.90704753186475       -0.11143768675014
C            2.22073095873438       -0.56661960343808        0.12318465886384
C            1.19467934208979        0.31973974285060        0.44591685249228
C            3.61934121363019       -0.12823704003207        0.08301463156751
C            4.10573626445088        0.85327355825590        0.95811602222804
C            5.46459142759851        1.13275659917967        0.89062472740224
N            6.26725094345210        0.51765040643475        0.02608640656866
C            5.71098865805425       -0.38677442703472       -0.75132122282964
N            4.44128900576998       -0.74699365298595       -0.76188975108253
C            6.11048491991721        2.13444334328132        1.79679705413220
O            7.22305218926392        2.56199414351074        1.67010182535572
O            5.29135206025101        2.51365778134765        2.78850916041499
Cl          -1.98855739178996       -2.05656644859086        0.57751219939941
O           -1.17023162801980        0.63228189822033        0.96226067606312
C           -1.11019727790203        2.01996003610037        0.80452510155014
C           -1.47179211837247        2.58018734771217       -0.54020925655471
C           -2.43407341957355        2.68792715334137        0.60252442256363
H            0.39762577894865       -3.40674875228366       -0.14470716444406
H            2.72950091806841       -2.57783318709619       -0.38443473834612
H            1.41397414005338        1.36749571046738        0.56781542605504
H            3.46814588290184        1.34127328487905        1.67601948433584
H            6.36507612674683       -0.89505795828076       -1.44927675005559
H            5.73485709117637        3.15178251871466        3.37186884617431
H           -0.35736280845408        2.51176178295331        1.40909364581400
H           -0.97281406056040        3.46600057568929       -0.89724803620586
H           -1.69964796697111        1.85977190862920       -1.30960295018444
H           -3.30310683234782        2.05131999316869        0.59357211640099
H           -2.59255358676483        3.64888553576157        1.06248225460309
31
 energy: -58.160806589413 gnorm: 0.013096515123 xtb: 6.7.1 (edcfbbe)
C           -0.11842625901090       -0.15536538696568        0.55909565345048
C           -0.36735658980650       -1.52869636726609        0.39422264459094
C            0.64631338335572       -2.40383355066276        0.05448452604864
C            1.93731890543183       -1.93333104548751       -0.09764630577524
C            2.21336157237594       -0.58404974640797        0.10092273148825
C            1.18095463752725        0.30463865856010        0.39938960194502
C            3.60941983613011       -0.13467227491756        0.06008176669155
C            4.08053863255663        0.84906946511099        0.94107728629396
C            5.43710269854136        1.14169971668859        0.88382643530312
N            6.25056675758335        0.53803999283960        0.01964486405742
C            5.70778686844207       -0.36993173719225       -0.76351450211091
N            4.44209025864191       -0.74418267107485       -0.78110817949130
C            6.06248627975438        2.14397544782137        1.80282428627317
O            7.17797261933557        2.57338067253397        1.70286800320928
O            5.22139916173081        2.52686000310064        2.77574372340066
Cl          -1.97841297365969       -2.09920342526494        0.61680600852342
O           -1.18806667579530        0.60494825819417        0.90701808193656
C           -1.09693813745746        2.00435182304190        0.82128926259933
C           -1.39616287945620        2.64285030881158       -0.51616797074796
C           -2.40443273803112        2.69941366970403        0.59839189743210
H            0.41627751284529       -3.44879093936932       -0.08389700036383
H            2.74243955322675       -2.60317855035167       -0.35257091834338
H            1.39135214046699        1.35921995129707        0.48623004011608
H            3.43372777401254        1.32762278155069        1.65687822019029
H            6.36990001172876       -0.86763517970525       -1.46069136971979
H            5.65416792687361        3.16731549425303        3.36343021917092
H           -0.36006741769119        2.45732311106203        1.48721255634648
H           -0.86756582708957        3.54619229267346       -0.80647959647514
H           -1.60220974458172        1.96385239165364       -1.33742190522983
H           -3.28367063126405        2.06854709454641        0.52076122372673
H           -2.56930665671454        3.64067974122477        1.10461871546275
31
 energy: -58.161027898032 gnorm: 0.006147696257 xtb: 6.7.1 (edcfbbe)
C           -0.11790445284974       -0.15494834390181        0.56736988256324
C           -0.36928365609740       -1.52512279838058        0.39338827153861
C            0.64377082122593       -2.39912322177618        0.04773618952869
C            1.93488843203973       -1.92971240981990       -0.10104220440047
C            2.21315844809187       -0.58330520661346        0.10709090566788
C            1.18195568763040        0.30346187688383        0.41310906309591
C            3.60901339941683       -0.13384761710147        0.06614852173201
C            4.08196554763066        0.85190889167790        0.94203127903891
C            5.43832271945413        1.14241550918334        0.88297466958269
N            6.25020752529560        0.53794786880137        0.01788827698731
C            5.70488771644252       -0.37065303721660       -0.76339312501869
N            4.44003568462278       -0.74551322726426       -0.77566856764838
C            6.06438832135464        2.14414920725680        1.80126424525877
O            7.17935847720022        2.57474303321999        1.70327019662833
O            5.22419591414944        2.52414138714555        2.77664414792830
Cl          -1.98015535994443       -2.09567250071921        0.60952948517194
O           -1.18392815016626        0.60991152363646        0.91487057106593
C           -1.09522695372083        2.00436666735910        0.81554834324288
C           -1.40200152592242        2.63014182554697       -0.51882584342457
C           -2.40149504716719        2.70025915645890        0.59841108017220
H            0.41364413537651       -3.44188961471436       -0.09731501133570
H            2.74033352780696       -2.59681167813841       -0.36130992136676
H            1.39323093528488        1.35632440374027        0.50907248498865
H            3.43868017881840        1.33395314802370        1.65800257413135
H            6.36407446092508       -0.86743238813692       -1.46309328154783
H            5.66156807277725        3.16253589759798        3.36196602452430
H           -0.35634574780936        2.46200998107098        1.46875480583971
H           -0.87467528440563        3.52695472353980       -0.81642915376337
H           -1.61262506131429        1.94866453218710       -1.33182958559378
H           -3.27699065732938        2.07277452700974        0.53556690365863
H           -2.56448810881431        3.64447788344555        1.09558877175307
31
 energy: -58.161206620869 gnorm: 0.004592572263 xtb: 6.7.1 (edcfbbe)
C           -0.12233783626828       -0.16718693904119        0.56229096269938
C           -0.37062484247786       -1.53836682001843        0.39715407529769
C            0.64486656463583       -2.41141442129021        0.05394411037686
C            1.93424034338916       -1.93921312339368       -0.09916466104781
C            2.20920724822551       -0.59157380532077        0.10259921186146
C            1.17605951539495        0.29347738785858        0.40653213086895
C            3.60269043871813       -0.13583179705953        0.06121672122652
C            4.06970934860022        0.85383453113005        0.93394663223569
C            5.42483369819330        1.14901508117653        0.87818105329640
N            6.24047240255223        0.55017450319949        0.01254133511233
C            5.69908021507857       -0.36046718248650       -0.77022246855074
N            4.43729183197822       -0.74440910072435       -0.77987656470823
C            6.04197745225504        2.14974585557064        1.80258559335932
O            7.15719698226280        2.58235699387154        1.72026978543424
O            5.19059370992095        2.52824383564859        2.77071152854032
Cl          -1.97812322340395       -2.11409999492724        0.61887807578805
O           -1.18792952095296        0.60187153867190        0.89820785600220
C           -1.08505024047007        1.99502106866447        0.81927772701779
C           -1.36635615166481        2.64455329513501       -0.50640571052121
C           -2.38009223564186        2.70911260954776        0.59635459028148
H            0.41904552801193       -3.45588593645172       -0.08284569441239
H            2.74287594795795       -2.60330665383055       -0.35733786460253
H            1.38458530634244        1.34662334017213        0.49846572591453
H            3.42505237245234        1.33545114558160        1.64876701179430
H            6.35999072706711       -0.85128874124756       -1.47196226886683
H            5.62744109913764        3.16547594333329        3.35695130939196
H           -0.35028971867732        2.43509528061866        1.48665512944872
H           -0.82590247231348        3.53855093099693       -0.77914879701431
H           -1.57393727744842        1.98319459016197       -1.33377318978468
H           -3.26211506920819        2.09172782409126        0.50860416709769
H           -2.54189214364436        3.64662876036363        1.10392248646260
31
 energy: -58.161417517322 gnorm: 0.005648289548 xtb: 6.7.1 (edcfbbe)
C           -0.13332797632038       -0.18977434213869        0.54949034715492
C           -0.37393390686099       -1.56391643050745        0.40105872075358
C            0.64734281486999       -2.43483785328394        0.06586279292180
C            1.93399666600751       -1.95747407765304       -0.09359844057973
C            2.20188565109721       -0.60690308087525        0.09670044366751
C            1.16364229264559        0.27480984122505        0.39402384908899
C            3.59046325999836       -0.13881067171624        0.05321449833097
C            4.04705162163890        0.85906543761291        0.92018064073993
C            5.40051956448869        1.16226650309631        0.86986759907603
N            6.22248089776680        0.57171549108453        0.00472372441384
C            5.68824967290850       -0.34262507727257       -0.78011325290664
N            4.43149072857157       -0.74207112863982       -0.78618893635101
C            6.00498900491392        2.16105328577208        1.80363600507147
O            7.12059967298086        2.59375152464715        1.74472599625408
O            5.13694606219716        2.53901639293061        2.75991719047461
Cl          -1.97541878163541       -2.15003503302454        0.62992918039976
O           -1.20155769571238        0.58322069055708        0.86403701678326
C           -1.07202708761465        1.97601365014790        0.82690512662467
C           -1.29988576677730        2.67460819328843       -0.48578467368324
C           -2.34611396211649        2.72310228519297        0.58965147677902
H            0.42956479182738       -3.48228019524212       -0.05802879177376
H            2.74730042496111       -2.61785478075916       -0.34687610412848
H            1.36684224519983        1.32950593056332        0.47724288705680
H            3.39842267323250        1.34115932588633        1.63128084873096
H            6.35303718131647       -0.82399590946802       -1.48475964253658
H            5.57174177572753        3.17477549103190        3.34905975968453
H           -0.34631689058817        2.38271482019626        1.52797827965228
H           -0.73069042333523        3.56750566285974       -0.70716383904252
H           -1.49683759003617        2.05068875294019       -1.34595827967826
H           -3.23360404853664        2.12524607965798        0.46261603758927
H           -2.50429287281293        3.64746922189268        1.12368953943166
31
 energy: -58.161560120847 gnorm: 0.008149196496 xtb: 6.7.1 (edcfbbe)
C           -0.14439019418286       -0.20782504401139        0.53815207168415
C           -0.37911476055861       -1.58394079607373        0.39957528067194
C            0.64717432793360       -2.45259913672775        0.07170617401752
C            1.93307857582221       -1.97297972172727       -0.08996484976751
C            2.19612381355296       -0.61998050448548        0.09406883751511
C            1.15341670548855        0.25848326892703        0.38612021787934
C            3.57966047824082       -0.14075185820245        0.04814245977532
C            4.02751004447507        0.86579768362019        0.90960105229169
C            5.37991798006459        1.17596553428530        0.86291007746114
N            6.20686087983092        0.59013783880981        0.00029101093456
C            5.67877389388093       -0.32735479940305       -0.78565568559362
N            4.42589124955691       -0.73927886493971       -0.78979834148522
C            5.97809034067282        2.17303019023166        1.80270427033914
O            7.09565624678521        2.60005194633906        1.75923369152156
O            5.09910101636003        2.55252801292104        2.75016135531444
Cl          -1.97608824238198       -2.17911068335640        0.62899557994767
O           -1.21402750323088        0.56701616494892        0.83905959886965
C           -1.06278411486246        1.95867054404276        0.83671665621123
C           -1.24225250193307        2.69464930040440       -0.46386258144485
C           -2.31675609804375        2.73614398382417        0.58532943367748
H            0.43524581090105       -3.50260197669994       -0.04484317111788
H            2.74761933466146       -2.63341222772321       -0.33934892884064
H            1.35344827376695        1.31498624590401        0.46397714260059
H            3.37423775121315        1.34818079605084        1.61688871969009
H            6.34759539852890       -0.80189421954812       -1.49215262204767
H            5.53082948084619        3.18663946821785        3.34484792110413
H           -0.34487970969050        2.33563287523732        1.56444416624019
H           -0.65108050285761        3.58133282088202       -0.64451844594726
H           -1.42938913602898        2.10116347492518       -1.34684110868534
H           -3.21813618365610        2.15853766862195        0.41181958589708
H           -2.46877265515201        3.64989201470776        1.13956043128570
31
 energy: -58.161709471614 gnorm: 0.007509976069 xtb: 6.7.1 (edcfbbe)
C           -0.15283592559196       -0.21639837053954        0.53258703381630
C           -0.38539422863929       -1.59244452084328        0.39102811612222
C            0.64397989286805       -2.45889657273184        0.06681228167568
C            1.93098837006140       -1.97984882990192       -0.09002417519869
C            2.19284306858113       -0.62649844781212        0.09875215558626
C            1.14752664381427        0.24918622442390        0.38953259444510
C            3.57314313058053       -0.14110436089066        0.05136336276436
C            4.01747321615985        0.87294064507586        0.90691333377141
C            5.36958101562014        1.18601015336177        0.85953962029876
N            6.19774270072650        0.59928951271809       -0.00015657311622
C            5.67193014506132       -0.32073961331114       -0.78424409763670
N            4.42109001905296       -0.73855561364322       -0.78553925343685
C            5.97025281108998        2.18227070151539        1.79926272297528
O            7.09018903264963        2.60034774634284        1.75781282837912
O            5.09071287372474        2.56592246394053        2.74427605443847
Cl          -1.98118389080657       -2.19236883422400        0.61117606098787
O           -1.22282253375110        0.55857434501361        0.82970290773378
C           -1.06244480973976        1.94760241547878        0.84146234076512
C           -1.21260130715681        2.69680188884265       -0.45153230588495
C           -2.30229907422529        2.74248720900309        0.58197482220159
H            0.43386531438406       -3.50946982780288       -0.05296741009223
H            2.74391693138530       -2.64266357639447       -0.33866089327833
H            1.34760179980268        1.30546740722078        0.47295533977166
H            3.36181759742681        1.35760042312021        1.61082047680270
H            6.34222602732375       -0.79399394098528       -1.49099071811924
H            5.52086531540059        3.19875402148006        3.34286625973643
H           -0.35077048186349        2.31032086306888        1.58096348984160
H           -0.60861438708997        3.57617480838679       -0.61097502626175
H           -1.39102853810187        2.11748578866392       -1.34366475035403
H           -3.20634906073726        2.18124694361451        0.39264187506458
H           -2.44884166800666        3.65160894781157        1.14363152620043
31
 energy: -58.161876609218 gnorm: 0.006509264000 xtb: 6.7.1 (edcfbbe)
C           -0.16394647877607       -0.23347664097450        0.52052407204512
C           -0.39272679975034       -1.60928479299641        0.37746104065235
C            0.64091731837997       -2.47269856633981        0.06163602093473
C            1.92842164884218       -1.99260890873815       -0.08892141002549
C            2.18642397859621       -0.63855793299938        0.10148186160383
C            1.13724741132152        0.23373894367448        0.38537009117650
C            3.56374435957382       -0.14469138820124        0.05284440729202
C            4.00049942583224        0.87802881798339        0.90378855281086
C            5.35075074671134        1.20005068308178        0.85516142060287
N            6.18261348192546        0.61435139084195       -0.00156397416814
C            5.66366128877038       -0.31156135209032       -0.78212586290647
N            4.41615190599726       -0.73897144822525       -0.78126627804981
C            5.94936998078273        2.19933008197519        1.79396483207330
O            7.07608458624094        2.60387380341955        1.75920033851191
O            5.06584987506804        2.59408329775220        2.72991368056954
Cl          -1.98904554644404       -2.21116448363732        0.58851087949572
O           -1.23779678391398        0.54103185641726        0.80872249442955
C           -1.06117941360320        1.92743979199569        0.85378737195726
C           -1.15722721219699        2.71028069809154       -0.42683618725072
C           -2.27663933251081        2.75236536641621        0.57639653170905
H            0.43184027836627       -3.52316864681719       -0.05979319131731
H            2.74078687412106       -2.65770366278890       -0.33298794605001
H            1.33560497058203        1.29037520728518        0.47004357725047
H            3.34025324065844        1.36065505255666        1.60421798644853
H            6.33713413031723       -0.78228891136713       -1.48756112566197
H            5.49003952759765        3.22631338307952        3.33354265000685
H           -0.36453828820901        2.26256578927400        1.62136428383584
H           -0.52841271443212        3.58353223144083       -0.54217165363311
H           -1.31756509045169        2.15765979384352       -1.34114569796239
H           -3.18610777103433        2.21690161942675        0.34903795956737
H           -2.41964959835817        3.65070892662299        1.15472327405147
31
 energy: -58.162067738840 gnorm: 0.006079752150 xtb: 6.7.1 (edcfbbe)
C           -0.17324364886987       -0.24347938856142        0.51211594136403
C           -0.40220086304994       -1.61650412103334        0.34953943867040
C            0.63445965606458       -2.47662930913010        0.04025195410445
C            1.92424578568699       -1.99654827754435       -0.09160354576860
C            2.18069700967180       -0.64435164117862        0.11275530635843
C            1.12887136571904        0.22462206096065        0.39177193916604
C            3.55836567025841       -0.14855030739571        0.06666154652095
C            3.99323569846923        0.87904699110727        0.91460616360370
C            5.34097491156612        1.20835618381029        0.85793877629057
N            6.17247275655978        0.61966608200141        0.00229552096801
C            5.65769120896568       -0.31389842518560       -0.76942120369678
N            4.41127733713525       -0.74366716273581       -0.76486348682883
C            5.94745903691989        2.21546672386056        1.78503421377113
O            7.07861554878583        2.60597448370984        1.73498081873920
O            5.07204900280989        2.63237735631357        2.71501312842524
Cl          -2.00488260541378       -2.21380292615629        0.53487025521751
O           -1.25084190950130        0.52845929604288        0.80096760915482
C           -1.06897007532231        1.91131813558115        0.86724491057442
C           -1.11952476161720        2.70912189834939       -0.40346655634731
C           -2.26215859282236        2.75636109831868        0.57124612865675
H            0.42195660294086       -3.52450053886213       -0.09634651603458
H            2.73482217658520       -2.66414448394918       -0.33329235658977
H            1.32757263636368        1.28056787497977        0.48720203909129
H            3.33088461632105        1.35980322025234        1.61271283699198
H            6.33133982766390       -0.78859221623788       -1.47106562219120
H            5.49034514544405        3.26746100536997        3.31758868587733
H           -0.39240321929375        2.22975825464418        1.65796175396808
H           -0.47948567584985        3.57184124936555       -0.49111236024597
H           -1.26103930675567        2.16932219117146       -1.32508252700601
H           -3.17439036995031        2.24426805187131        0.30971058019805
H           -2.40563496548068        3.64798664026332        1.16110462699642
31
 energy: -58.162188434116 gnorm: 0.008704555550 xtb: 6.7.1 (edcfbbe)
C           -0.18512397956793       -0.25969192538616        0.49665610271021
C           -0.41084195110937       -1.63319772534980        0.32605289363515
C            0.63088787528635       -2.49100954408355        0.02575555579487
C            1.92087825088797       -2.00702262072658       -0.09150404200792
C            2.17206639250407       -0.65402765259205        0.11616817778273
C            1.11587625422126        0.21213618700397        0.38790111100426
C            3.54942815896907       -0.15465658032553        0.07539668092577
C            3.97919541149939        0.87741491968808        0.92071214657468
C            5.32382113190269        1.21670248800322        0.85927882818073
N            6.15763295967375        0.63109056253669        0.00295454161276
C            5.64924560798575       -0.31129922715421       -0.76206052928948
N            4.40507108314950       -0.74910865264007       -0.75327686549097
C            5.92915601042818        2.23324272397066        1.77742594029493
O            7.06180657961052        2.61767280988409        1.72411119229301
O            5.05106109874920        2.66975171327046        2.69477950150326
Cl          -2.01663272666070       -2.23137056351645        0.49198744487805
O           -1.26583189018600        0.51102442764180        0.77943165465957
C           -1.06987845309170        1.89242649937158        0.88573232490928
C           -1.05859282848621        2.72426978430738       -0.37110307048189
C           -2.23818511500357        2.76523193956138        0.56428042182837
H            0.42088133558317       -3.54007429711810       -0.11456167163815
H            2.73540183693441       -2.67253306037572       -0.32675904112934
H            1.31141163945893        1.26782140315207        0.48843841280402
H            3.31411656575685        1.35601783194761        1.61746997931779
H            6.32481653133414       -0.78546514191257       -1.46179072941109
H            5.46616938004265        3.30758370728302        3.29508759355326
H           -0.41564000322160        2.18225556977194        1.70951728102530
H           -0.39711511848363        3.57897201850397       -0.41346264054911
H           -1.17894639638699        2.21017868720003       -1.31343786733945
H           -3.15279599977318        2.27798956759006        0.25465991606022
H           -2.38677964200238        3.64478415049611        1.17147875598896
31
 energy: -58.162376074639 gnorm: 0.007504724025 xtb: 6.7.1 (edcfbbe)
C           -0.18831676504305       -0.26099172335432        0.49333383282931
C           -0.41560183810444       -1.63336159497524        0.30323136879730
C            0.62733776628016       -2.49090771752923        0.00350288630252
C            1.91767375330868       -2.00349888580195       -0.09431448405986
C            2.16757562050218       -0.65199596770230        0.12368546572083
C            1.11097611959514        0.21352475782227        0.39736190957137
C            3.54877622908814       -0.15908413835025        0.09154247101348
C            3.98253784611946        0.87126603961718        0.93546755367936
C            5.32554008950414        1.21248776337379        0.86563632681106
N            6.15682066917223        0.62494520052425        0.00705979726723
C            5.64742125311136       -0.32474129275499       -0.74889458923717
N            4.40178521604601       -0.75995567423729       -0.73515092737818
C            5.93312751936217        2.24251992157148        1.76723673877566
O            7.06760167133237        2.62626586211793        1.70577922409883
O            5.05680657032887        2.69644037024668        2.67716359045673
Cl          -2.02740741340201       -2.22718905716840        0.44268406586766
O           -1.26969778068410        0.50781643129500        0.78018462733432
C           -1.07701666095433        1.88828150992256        0.89690440534934
C           -1.04605302794666        2.72334027096711       -0.35393868815540
C           -2.23862294007372        2.76324665602466        0.56144050775290
H            0.41775837573184       -3.53905426825462       -0.14886911571077
H            2.73861585400362       -2.66217251634894       -0.32761047456005
H            1.30453960800978        1.26780204940276        0.50974782184739
H            3.32117886570979        1.35084621068715        1.63552657079595
H            6.32067667637024       -0.80453607799082       -1.44646349729809
H            5.47911060445971        3.33550923676962        3.26991583451267
H           -0.43783608551433        2.17341889072287        1.72700518278421
H           -0.38114539691615        3.57612132033713       -0.38421532423851
H           -1.15548523742111        2.21015599838296       -1.29896322642356
H           -3.14549870203617        2.28074746274197        0.23525925540572
H           -2.40061845993514        3.63986296194430        1.16607089008757
31
 energy: -58.162567366808 gnorm: 0.008202609894 xtb: 6.7.1 (edcfbbe)
C           -0.19343055712582       -0.26588848841073        0.49058817671513
C           -0.42294296282544       -1.63407706706142        0.27444536588582
C            0.62059384665819       -2.49124469984285       -0.02525111813313
C            1.91177040693741       -2.00256621964701       -0.09818942500359
C            2.16212434933397       -0.65547221372922        0.13556217348030
C            1.10600075228464        0.20926964065958        0.41470912735791
C            3.54621416641130       -0.16825484052616        0.11224047481446
C            3.98363248410128        0.86196345820695        0.95287769034012
C            5.32451205392041        1.20853743902859        0.87134985530877
N            6.15342656771782        0.61942130042516        0.01103431331362
C            5.64340641668073       -0.34058534914924       -0.73283473680920
N            4.39698313712494       -0.77485392998279       -0.71328402965596
C            5.92901205253420        2.25781669977942        1.75241625178269
O            7.06124332617337        2.64824752463016        1.68581881205000
O            5.05024930866383        2.72940804034916        2.65109188137011
Cl          -2.04026196563466       -2.22374488037970        0.37923157371702
O           -1.27670657649721        0.50291469406144        0.77406458252600
C           -1.08037289369324        1.88007780382843        0.90946352382190
C           -1.01511288178580        2.72873018218807       -0.32921773844736
C           -2.23086127053046        2.76185585366096        0.55300845689687
H            0.41218710669732       -3.53523803169389       -0.19557148449017
H            2.74040203472188       -2.65213965956963       -0.32918711667204
H            1.29713735106391        1.26266859163919        0.53886708448158
H            3.32719925576460        1.34295259934122        1.65795213144169
H            6.31520337211827       -0.82669935368184       -1.42759369932161
H            5.48010050186817        3.37730141185349        3.22964928522545
H           -0.46559669562408        2.15308554644964        1.76956116453097
H           -0.35075703214428        3.57693029754191       -0.33911439804249
H           -1.10534298692569        2.22126523487436       -1.27719859558354
H           -3.12665406538495        2.28373148484472        0.19212646950793
H           -2.41079860259977        3.63169693031539        1.16870394759061
31
 energy: -58.162693115861 gnorm: 0.003470201706 xtb: 6.7.1 (edcfbbe)
C           -0.19282651747289       -0.26431779985421        0.49040818063747
C           -0.42283832904188       -1.63155468766489        0.27400533853927
C            0.61941843451591       -2.48948960524602       -0.02620592817145
C            1.91159287333826       -2.00422499582952       -0.10066595895543
C            2.16454451414325       -0.65761840938326        0.13820409220667
C            1.10931046702725        0.20825811479937        0.41904817428443
C            3.54707874943429       -0.16955942391967        0.11293059676196
C            3.98473988970743        0.86242292855845        0.95194007130623
C            5.32625201741385        1.20867462161133        0.86931263640767
N            6.15528392805131        0.61605515321952        0.01247682989380
C            5.64431135009642       -0.34327144441178       -0.73093086052099
N            4.39794671590538       -0.77567542625727       -0.71320070981958
C            5.92887142338814        2.25847145903210        1.74989294336994
O            7.05998896511634        2.64928565175435        1.68584576701515
O            5.04896616889851        2.72734661432705        2.64950599427909
Cl          -2.03846957931094       -2.22205158274624        0.37748751249137
O           -1.27630169286760        0.50395765959378        0.77107458916516
C           -1.08323382490774        1.88063290376600        0.91161905785999
C           -1.01304689499441        2.73393182362736       -0.32245780230325
C           -2.23520300707101        2.75899699081143        0.54921688423010
H            0.41026086533400       -3.53304114913802       -0.19840692206592
H            2.73740361052552       -2.65681645038367       -0.33276381248993
H            1.30266531854036        1.26103451106662        0.54723784828313
H            3.32879597010903        1.34439792201991        1.65668006142621
H            6.31678423477920       -0.83159010461948       -1.42392423092497
H            5.47736821469648        3.38372616865972        3.22124216357391
H           -0.47446419520672        2.15109645478060        1.77265370601552
H           -0.35235322209074        3.58640214496703       -0.32666284097251
H           -1.09259048839151        2.22773852717214       -1.27226467261835
H           -3.12632575859085        2.27678245791250        0.18134199040447
H           -2.42137020106983        3.62710897177820        1.16267930069069
31
 energy: -58.162801548191 gnorm: 0.002959567948 xtb: 6.7.1 (edcfbbe)
C           -0.19156894737432       -0.26170926908393        0.49109042812393
C           -0.42328929153439       -1.62727633491139        0.27178386700794
C            0.61724744932138       -2.48639977176752       -0.03005268501320
C            1.91102559315254       -2.00641757974718       -0.10499070544829
C            2.16789083707096       -0.66093035026701        0.14225198190969
C            1.11425501984390        0.20617809814001        0.42709055343928
C            3.54873293360785       -0.17268449225358        0.11504633460758
C            3.98732144343933        0.86229768107763        0.95052040964842
C            5.32994481524805        1.20719420900485        0.86695465311435
N            6.15943490182101        0.60842550217441        0.01599590314699
C            5.64664892543557       -0.35060561655156       -0.72624744110840
N            4.39997216241647       -0.77945413264463       -0.71115593130642
C            5.92914166055469        2.25935388103270        1.74582154832561
O            7.05823542426753        2.65420821153686        1.68407410589313
O            5.04577067789902        2.72658451421951        2.64432420267304
Cl          -2.03662573779958       -2.21841382870710        0.37243171457817
O           -1.27534930221041        0.50625129251744        0.76508863750923
C           -1.08839323742712        1.88231066796603        0.91695553861270
C           -1.00673108588977        2.74392018218601       -0.30981771706412
C           -2.24305093035929        2.75307660926802        0.54054082974862
H            0.40682733945025       -3.52925301430419       -0.20549998516869
H            2.73216699621065       -2.66322142226594       -0.34084988938800
H            1.31096899424236        1.25763852101021        0.56339043417803
H            3.33233837994297        1.34719146832164        1.65384865285921
H            6.31999003130470       -0.84269803884234       -1.41640267508168
H            5.47095173573238        3.39810680994554        3.20302514077271
H           -0.49491190975233        2.14864927057402        1.78613575703374
H           -0.35423087874166        3.60408323866570       -0.30009976393042
H           -1.06364779941299        2.24213736856270       -1.26437691130877
H           -3.12338013580767        2.26226896579479        0.15680160962679
H           -2.44512606464728        3.61629735935178        1.15364140200860
31
 energy: -58.162853975241 gnorm: 0.003540267106 xtb: 6.7.1 (edcfbbe)
C           -0.19091519986123       -0.26057524084796        0.49138434925688
C           -0.42395253218802       -1.62539778723405        0.26917518984427
C            0.61600095062653       -2.48485892023968       -0.03408915471903
C            1.91041153681714       -2.00675755049914       -0.10809255471129
C            2.16896704453629       -0.66220457038080        0.14392193545982
C            1.11605642636098        0.20501815901298        0.43150816839035
C            3.54982589685917       -0.17507410812953        0.11704286117468
C            3.98914906471873        0.86168088808560        0.94980142957291
C            5.33241876772787        1.20495917542027        0.86665227505187
N            6.16255157011312        0.60210015511159        0.01946747410183
C            5.64875318947963       -0.35767384182952       -0.72151024103716
N            4.40156610250935       -0.78415825620563       -0.70756182406068
C            5.92859875392970        2.26190035002352        1.74155448753188
O            7.05678763487136        2.65954423964061        1.68076245492379
O            5.04303223951392        2.72988039077718        2.63829674942073
Cl          -2.03676757100676       -2.21589044093288        0.36723738198204
O           -1.27500380196291        0.50726392590984        0.76136102089089
C           -1.09208221935693        1.88309540280407        0.92171685021250
C           -1.00007701826006        2.75055457597300       -0.30020330115742
C           -2.24750675069407        2.74879938178697        0.53385946879346
H            0.40477577126290       -3.52720054257095       -0.21202484022075
H            2.72957996103610       -2.66486190902430       -0.34671509546446
H            1.31381309915402        1.25564855964781        0.57343222855159
H            3.33455303334084        1.34968743502588        1.65121783787946
H            6.32245262763873       -0.85236668481724       -1.40964452489814
H            5.46655855793403        3.40762931684631        3.19076211438628
H           -0.51078061160352        2.14685938482876        1.79986445496955
H           -0.35349526461323        3.61521742237250       -0.27818380497022
H           -1.04032550792593        2.25338501675928       -1.25834548985368
H           -3.11917016605524        2.25247749163617        0.13717639268039
H           -2.46321558489775        3.60842858105289        1.14749570601738
31
 energy: -58.162920145394 gnorm: 0.002588402406 xtb: 6.7.1 (edcfbbe)
C           -0.19050436896970       -0.25995241878818        0.49127695281284
C           -0.42506861769560       -1.62426094592636        0.26481708570016
C            0.61467156323403       -2.48350681673510       -0.04057643500011
C            1.90933629181529       -2.00579187499211       -0.11251635143036
C            2.16899030740520       -0.66253344587957        0.14452629070390
C            1.11652463383370        0.20421983874508        0.43531777839126
C            3.55094701742745       -0.17800715983354        0.11977103970809
C            3.99091423263576        0.86096520992720        0.94879249742632
C            5.33478978750287        1.20195096204120        0.86689556647070
N            6.16610108800460        0.59408633257427        0.02436839020310
C            5.65169584807274       -0.36807808383579       -0.71391319868723
N            4.40364376166344       -0.79177811655474       -0.70098495046188
C            5.92759677450671        2.26519993942287        1.73646936313726
O            7.05448914752987        2.66728935181670        1.67483044002342
O            5.03896450104276        2.73766028926727        2.62847072193431
Cl          -2.03829078985937       -2.21307273011609        0.36014285267923
O           -1.27512985252005        0.50751123138110        0.75813390555585
C           -1.09682488516481        1.88313316439307        0.92868593757280
C           -0.98945988960337        2.75772296402814       -0.28718993221572
C           -2.25127783848178        2.74367545341081        0.52537288296690
H            0.40261753572239       -3.52521466480028       -0.22147041922880
H            2.72761757955420       -2.66375901751954       -0.35426116595402
H            1.31404788899185        1.25405973591662        0.58353971344703
H            3.33638957411253        1.35371043999534        1.64693814820568
H            6.32588879370220       -0.86645706380527       -1.39886139884740
H            5.46058676450908        3.41974614483758        3.17581567958495
H           -0.53121390802340        2.14382532118510        1.81941364541922
H           -0.34972115919040        3.62663701178643       -0.24763554364190
H           -1.00887935968496        2.26742089701955       -1.24952147516218
H           -3.11155522560631        2.24173574948819        0.11129242144070
H           -2.48532719646217        3.59897230155366        1.13937955724555
31
 energy: -58.162985638015 gnorm: 0.002375742294 xtb: 6.7.1 (edcfbbe)
C           -0.19106857202665       -0.26015684068031        0.49012807334612
C           -0.42669806204001       -1.62396719359885        0.25770911738890
C            0.61321820155474       -2.48226421553798       -0.04997014654538
C            1.90779290083587       -2.00347775548409       -0.11797655372801
C            2.16780641480288       -0.66175706241544        0.14486960478631
C            1.11526256316883        0.20403649716394        0.43872169163520
C            3.55151241393870       -0.18080358111199        0.12350840727138
C            3.99191056365620        0.86116755596769        0.94775915416734
C            5.33648477748987        1.19913735707835        0.86757030804727
N            6.16934351190621        0.58474686852434        0.03103418120134
C            5.65481400119494       -0.38149236795441       -0.70265259278946
N            4.40560096659616       -0.80188865976926       -0.69074738244096
C            5.92609217974011        2.27112684505128        1.72874351379183
O            7.05216258063239        2.67615909842992        1.66530564242806
O            5.03525286740170        2.75000372929678        2.61540668646035
Cl          -2.04115151503666       -2.21062255414448        0.34922118596711
O           -1.27682398118389        0.50603534745051        0.75588010615584
C           -1.10332749753684        1.88120148206146        0.93761708599201
C           -0.97513293696771        2.76431354123801       -0.27054755870656
C           -2.25379566203616        2.73826395965762        0.51578817056182
H            0.40063783153297       -3.52314401809063       -0.23493479332667
H            2.72662844287645       -2.65975083578144       -0.36252246265541
H            1.31119646133286        1.25324932486492        0.59341314113511
H            3.33706029737813        1.36027420170501        1.64115187856070
H            6.32986119541055       -0.88555432518954       -1.38244732454053
H            5.45556366218203        3.43446173478233        3.15926364056578
H           -0.55554557221495        2.13780754279332        1.84223067538067
H           -0.34169375081794        3.63629490497673       -0.20862690925809
H           -0.97080040726713        2.28280692503859       -1.23734320287577
H           -3.10109900574064        2.23227727497269        0.08034296882726
H           -2.50850487075833        3.58862521870863        1.12942369319603
31
 energy: -58.163043309739 gnorm: 0.002821523189 xtb: 6.7.1 (edcfbbe)
C           -0.19292390978265       -0.26129955558000        0.48811318525494
C           -0.42863454824144       -1.62438089104104        0.24859001152515
C            0.61178700287559       -2.48119653030914       -0.06096385497805
C            1.90608067721024       -2.00064370898823       -0.12345461454674
C            2.16573381229202       -0.66035390299070        0.14567738944024
C            1.11257248358882        0.20419291682849        0.44181224264571
C            3.55105083932796       -0.18276169165645        0.12811705426014
C            3.99154772259167        0.86314382991211        0.94691592912988
C            5.33681674981833        1.19818786099118        0.86790281219424
N            6.17115653257609        0.57635105875231        0.03810615655757
C            5.65702010730619       -0.39512177814648       -0.68934075753412
N            4.40659557080566       -0.81207095389520       -0.67849585401764
C            5.92541728584987        2.27723284148347        1.72097209079870
O            7.05094771218561        2.68366584761769        1.65377492579111
O            5.03349848284427        2.76435199134149        2.60195685787050
Cl          -2.04454234518975       -2.20943324327065        0.33456243982417
O           -1.28031322118837        0.50273788346626        0.75482372477042
C           -1.11070184937849        1.87706920990518        0.94663403549336
C           -0.96007568978612        2.76861013295397       -0.25320504905466
C           -2.25433615871205        2.73400822635915        0.50715906312232
H            0.39933644029686       -3.52114861601171       -0.25104160830639
H            2.72656057163948       -2.65436694415012       -0.36964262141042
H            1.30629851700621        1.25292543188049        0.60241528059518
H            3.33617258202893        1.36885737655141        1.63509746920800
H            6.33318082985217       -0.90625408927510       -1.36265263975623
H            5.45304948076581        3.45145739606555        3.14249184813154
H           -0.57946376572331        2.12895105721661        1.86314331715385
H           -0.33062898100255        3.64142930672974       -0.16896131467672
H           -0.93409083306571        2.29605865331296       -1.22371233914569
H           -3.09001268676681        2.22718649816934        0.05073217878252
H           -2.52653941201991        3.57972438578118        1.11979264087661
31
 energy: -58.163107340117 gnorm: 0.002893781048 xtb: 6.7.1 (edcfbbe)
C           -0.19658619238183       -0.26366292504959        0.48507034436362
C           -0.43127651060443       -1.62542912799693        0.23585235131100
C            0.61016331445760       -2.48008524775424       -0.07519946141067
C            1.90405529334113       -1.99734117636489       -0.12946300631857
C            2.16256446550864       -0.65850549449487        0.14769282443884
C            1.10813631917938        0.20419109250091        0.44573635226280
C            3.54917470247610       -0.18384646081273        0.13441798228502
C            3.98953765921154        0.86771275135058        0.94608599688947
C            5.33573238256791        1.19918864892878        0.86801831208742
N            6.17168947562690        0.56751409895971        0.04708079570407
C            5.65826925920270       -0.41054647769847       -0.67197020061636
N            4.40644838012703       -0.82333360127373       -0.66239670472062
C            5.92498042808295        2.28641205178748        1.71029737698618
O            7.05108063118256        2.69051801942094        1.63859717364860
O            5.03403295343561        2.78259683164526        2.58666541102111
Cl          -2.04868367381237       -2.20976281259111        0.31271347586478
O           -1.28628124172466        0.49714767860699        0.75423684187908
C           -1.11989231527924        1.87004873362697        0.95662523809328
C           -0.94240507689995        2.77099244380747       -0.23294597661504
C           -2.25287123285043        2.73071630988176        0.49841436841214
H            0.39870443522864       -3.51884527593949       -0.27255755049326
H            2.72712947714671       -2.64768949451655       -0.37636469730343
H            1.29916818090274        1.25234214952005        0.61310019756620
H            3.33337563473642        1.38135180435456        1.62769751534053
H            6.33590417064322       -0.93122177592018       -1.33649333735909
H            5.45403143558747        3.47221127205996        3.12372696359968
H           -0.60656859172426        2.11578551639742        1.88493670328967
H           -0.31481802127272        3.64227828773008       -0.12433258821730
H           -0.89432212692187        2.30832086474326       -1.20680540724765
H           -3.07711731625449        2.22657432965027        0.01898047638180
H           -2.54079629891440        3.57147698544423        1.10990222887607
31
 energy: -58.163173150756 gnorm: 0.002599434300 xtb: 6.7.1 (edcfbbe)
C           -0.20227104327228       -0.26738969025649        0.48100065312221
C           -0.43492000193061       -1.62691767707325        0.21878220982811
C            0.60815374805442       -2.47882702442856       -0.09325801120844
C            1.90168130985955       -1.99422104120055       -0.13625356315419
C            2.15845458589206       -0.65696721120443        0.15161808479324
C            1.10213954844238        0.20308975474627        0.45158930376471
C            3.54575809945712       -0.18440248187570        0.14312830605003
C            3.98577910862177        0.87519930294945        0.94511590679766
C            5.33313044826478        1.20251220683986        0.86751081341345
N            6.17085880082852        0.55820981247013        0.05814516317049
C            5.65837204179127       -0.42790591303260       -0.65001541993436
N            4.40502083923257       -0.83569069647215       -0.64197090576966
C            5.92532697358747        2.29713449424182        1.69806352010936
O            7.05232670350426        2.69721407620456        1.61959535433362
O            5.03646395887116        2.80521872721153        2.56906037007177
Cl          -2.05342233066693       -2.21182610398546        0.28158024128626
O           -1.29477555316036        0.48940383948742        0.75291209922059
C           -1.13088884309455        1.86014026461781        0.96775841922557
C           -0.92113457774737        2.77189887898054       -0.20875160937946
C           -2.24934301198786        2.72856223276012        0.48915565497675
H            0.39860186209578       -3.51601751812298       -0.30061956149229
H            2.72767462482311       -2.64096462777128       -0.38316558393337
H            1.29054859360684        1.25024563810020        0.62792678531235
H            3.32863242513648        1.39848407206367        1.61845842637043
H            6.33771128461393       -0.96052916940683       -1.30343445626945
H            5.45761430307041        3.49976065199246        3.09991866685293
H           -0.63856466743342        2.09776547418498        1.90904945432812
H           -0.29338891824843        3.63947196850328       -0.07367770912612
H           -0.84942164940026        2.31977019715794       -1.18583499237122
H           -3.06208795424120        2.23078041295922       -0.01622754281592
H           -2.55147070856611        3.56390714936303        1.10015992242603
31
 energy: -58.163224280010 gnorm: 0.002262132338 xtb: 6.7.1 (edcfbbe)
C           -0.20842211327334       -0.27166648572804        0.47692410502961
C           -0.43882048561852       -1.62847759878366        0.20124952876872
C            0.60623246587239       -2.47782084183846       -0.11085982110785
C            1.89959614277383       -1.99251682072754       -0.14201817093097
C            2.15453127262229       -0.65674251120734        0.15665840459213
C            1.09621355420240        0.20034656086758        0.45830186117900
C            3.54179077015137       -0.18472588720795        0.15235452847136
C            3.98133374687731        0.88317099189708        0.94436037663712
C            5.32979824277258        1.20654832681078        0.86719925678859
N            6.16921566541635        0.55020474416222        0.06939897287409
C            5.65751389708116       -0.44293448719397       -0.62871576595927
N            4.40298331490938       -0.84644742741937       -0.62187073902207
C            5.92494372565240        2.30906118006862        1.68545589139213
O            7.05345569502324        2.70331149194765        1.60148312615641
O            5.03919678918739        2.82715318287031        2.55304882247579
Cl          -2.05764135821363       -2.21489952131824        0.24776057016091
O           -1.30319804360522        0.48189872114995        0.75025507963051
C           -1.14026457422651        1.85026282301718        0.97703014243328
C           -0.90155483214466        2.77115201748537       -0.18663294290147
C           -2.24402070904855        2.72853625383508        0.48211974652284
H            0.39886300336314       -3.51335715293910       -0.32844994094740
H            2.72772310982536       -2.63661105487450       -0.38857506054263
H            1.28292116219391        1.24609984247984        0.64438588222313
H            3.32315059181036        1.41586487235085        1.60928319957958
H            6.33818402368767       -0.98619085134546       -1.27193004523720
H            5.46246368286460        3.52617550749938        3.07714147402114
H           -0.66720057065002        2.07957655143202        1.92960080607252
H           -0.27205813424683        3.63380703470597       -0.03077276414609
H           -0.81134523524636        2.32715083414669       -1.16559542939813
H           -3.04814967813341        2.23956275543545       -0.04497917721344
H           -2.55487512187564        3.55961694842574        1.09370808239670
31
 energy: -58.163259002511 gnorm: 0.001885306007 xtb: 6.7.1 (edcfbbe)
C           -0.21353824869003       -0.27545499652847        0.47352738507704
C           -0.44235782863511       -1.62964068815639        0.18625563585547
C            0.60450243886256       -2.47713658348065       -0.12527501489549
C            1.89797168029855       -1.99242999024466       -0.14639269937298
C            2.15167129791463       -0.65808510314875        0.16177442486364
C            1.09175679034665        0.19634625894862        0.46504504164027
C            3.53856466180898       -0.18572418919010        0.16075887222218
C            3.97756413763696        0.88936156519044        0.94383556646125
C            5.32680872711780        1.20995912610400        0.86694829915629
N            6.16767784430741        0.54438325080393        0.07873689952421
C            5.65655400902671       -0.45413450132474       -0.61154603736293
N            4.40138841631369       -0.85488915621105       -0.60524645777273
C            5.92404284490959        2.31800597727110        1.67620587815153
O            7.05302610463531        2.70948495879501        1.58714236250562
O            5.03999811499754        2.84506333807591        2.53992710841164
Cl          -2.06085983469561       -2.21736495035980        0.21754813289885
O           -1.30964979868778        0.47641536287070        0.74606581751680
C           -1.14676414088178        1.84266523611036        0.98386244684579
C           -0.88540340083367        2.77046683998560       -0.16872175135115
C           -2.23864087480246        2.72962475629455        0.47732349904438
H            0.39874747932299       -3.51113284347753       -0.35143942399581
H            2.72690618366501       -2.63535989302816       -0.39283207127652
H            1.27781945969268        1.24046246765097        0.66056055328681
H            3.31859893794884        1.42991037706915        1.60151826477353
H            6.33808842521415       -1.00495868231949       -1.24714157184972
H            5.46473894920472        3.54951988402426        3.05619349080362
H           -0.68966461897128        2.06433546248455        1.94558753627284
H           -0.25410357212228        3.62907724945972        0.00158563489746
H           -0.78161861548160        2.33162428739530       -1.14890289501070
H           -3.03683483953559        2.24908962269237       -0.06623706031278
H           -2.55443072988318        3.55762555624746        1.09065213299053
31
 energy: -58.163288473013 gnorm: 0.001485112628 xtb: 6.7.1 (edcfbbe)
C           -0.21869128555840       -0.27991956354973        0.46973237174192
C           -0.44645440347291       -1.63109151008282        0.16980454824784
C            0.60254951375442       -2.47702454160043       -0.14006211925074
C            1.89645865771910       -1.99407546075606       -0.14992421908706
C            2.14913966201151       -0.66157035414678        0.16831859341922
C            1.08758148583067        0.18991040806823        0.47324295310018
C            3.53548799143323       -0.18801020102774        0.17049297611247
C            3.97350067163578        0.89469225433901        0.94367539107983
C            5.32338060732440        1.21309113605041        0.86734312903230
N            6.16609461619994        0.53908231583292        0.08890110421446
C            5.65565689848541       -0.46455204523278       -0.59418055659751
N            4.40032300205482       -0.86387608157090       -0.58750394430967
C            5.92042369808685        2.32940383546601        1.66558688791592
O            7.04977936336818        2.71872685053081        1.57304593547324
O            5.03770802645798        2.86392194733762        2.52595738093203
Cl          -2.06432119267172       -2.21930165555770        0.18259440161113
O           -1.31539489006714        0.47173460556375        0.73906568328931
C           -1.15107527719037        1.83555026808386        0.98968009038943
C           -0.86899550466265        2.76943164530676       -0.15133804570465
C           -2.23078664111171        2.73268210910040        0.47479137308619
H            0.39796489351396       -3.50919313687359       -0.37516772889948
H            2.72535467392828       -2.63680916049666       -0.39638441816807
H            1.27352429913829        1.23176952399312        0.67993644489091
H            3.31370989817527        1.44360167575604        1.59335240875656
H            6.33793175109058       -1.02134472063541       -1.22325696396973
H            5.46420536614392        3.57321796489156        3.03357442803053
H           -0.70914134726561        2.04777430787504        1.95991804152309
H           -0.23509792812515        3.62353135877445        0.02959899015766
H           -0.75565119278771        2.33431181154376       -1.13204841355167
H           -3.02508357393674        2.26310908878566       -0.08261448043869
H           -2.54752183949814        3.55833532423556        1.09118775697186
31
 energy: -58.163301603007 gnorm: 0.001335980804 xtb: 6.7.1 (edcfbbe)
C           -0.22051147816356       -0.28199081094726        0.46759420824388
C           -0.44856333988341       -1.63181929171428        0.16151280768441
C            0.60117185001546       -2.47733456750737       -0.14749021780004
C            1.89547805856262       -1.99553361595855       -0.15199429494748
C            2.14833597099421       -0.66437760890641        0.17185449606993
C            1.08626907052732        0.18605586633298        0.47800777256819
C            3.53476072364841       -0.19087060193515        0.17581197851307
C            3.97191873168747        0.89582307994500        0.94356791033377
C            5.32197135406488        1.21385845481071        0.86740287327085
N            6.16595678973745        0.53613014340460        0.09366512752553
C            5.65611849422076       -0.47075340619890       -0.58566055976843
N            4.40091603431669       -0.87004744096437       -0.57826492965366
C            5.91696480414182        2.33443405766169        1.66081248058929
O            7.04514619194973        2.72685359529246        1.56605629304647
O            5.03259245203434        2.87352968216616        2.51715223858528
Cl          -2.06642558330648       -2.21854259872627        0.16487181340976
O           -1.31742830319922        0.47018920665915        0.73377939398572
C           -1.15274318722868        1.83266627296700        0.99360237574306
C           -0.85822056310854        2.77124060808551       -0.14101916504974
C           -2.22703357647802        2.73363744252705        0.47288331313362
H            0.39636294182349       -3.50849083106496       -0.38684883817192
H            2.72402191185729       -2.63851306742366       -0.39892688009044
H            1.27204333001229        1.22665587676395        0.69092947664372
H            3.31183437189584        1.44910738305695        1.58919260897882
H            6.33916943059257       -1.03027646345802       -1.21173462689754
H            5.45831386306408        3.58756367952841        3.01874235351764
H           -0.71973641350207        2.03847506964587        1.96992530306588
H           -0.22381523617615        3.62431638476739        0.04830767460046
H           -0.73710871218451        2.33920988793909       -1.12361411078958
H           -3.01824451739033        2.26872090065740       -0.09447045754945
H           -2.54695546452145        3.55719271259825        1.09167158120768
31
 energy: -58.163313643126 gnorm: 0.001308073238 xtb: 6.7.1 (edcfbbe)
C           -0.22007791029788       -0.28298794747827        0.46610889193793
C           -0.44925600938074       -1.63248401549066        0.15846084133654
C            0.60041958314359       -2.47863616308475       -0.14923408591480
C            1.89521186915152       -1.99792333663753       -0.15143125546303
C            2.14872991232731       -0.66750499300771        0.17349524904984
C            1.08684156259806        0.18332839673687        0.47909974701038
C            3.53534655236083       -0.19402564161411        0.17838971414431
C            3.97128261436682        0.89363309765424        0.94474883834650
C            5.32087300491306        1.21358222344198        0.86828938933569
N            6.16561828589257        0.53696060196108        0.09469645831858
C            5.65677647563146       -0.47126479381457       -0.58392964301432
N            4.40228560447295       -0.87269642247573       -0.57531552839643
C            5.91273031244489        2.33652119157541        1.66015198416966
O            7.03960197981279        2.73314545356390        1.56507309929759
O            5.02599459063188        2.87625463666500        2.51400294761609
Cl          -2.06771107811515       -2.21647387380184        0.15714806597549
O           -1.31616695204182        0.47098444356027        0.73051972919474
C           -1.14920697792367        1.83279657348464        0.99286263699349
C           -0.85674304350833        2.77163557648206       -0.14090371098119
C           -2.22268172189886        2.73629639439175        0.47686793125607
H            0.39462460807454       -3.50935891183790       -0.38944810512944
H            2.72340271292316       -2.64157134960373       -0.39794094066514
H            1.27281652477892        1.22334834654076        0.69360526077736
H            3.31096620810540        1.44727475027672        1.58953078671217
H            6.34031369664201       -1.02942087920113       -1.21064661176586
H            5.45006924314176        3.59251952855325        3.01327860136272
H           -0.71374621232482        2.03540507066433        1.96775000534029
H           -0.22102132053853        3.62348117299751        0.04594694800515
H           -0.74023275754929        2.33948185537810       -1.12308848157551
H           -3.01619928095610        2.27460289675289       -0.08777678749329
H           -2.53830207687405        3.56020611737165        1.09700802421714
31
 energy: -58.163325833829 gnorm: 0.001597133690 xtb: 6.7.1 (edcfbbe)
C           -0.21902306236941       -0.28394016849200        0.46372062453337
C           -0.44990265064852       -1.63319517926164        0.15501791553970
C            0.59919326452068       -2.48055732538914       -0.15113508984877
C            1.89467503752320       -2.00119503273275       -0.15095904370929
C            2.14944275901218       -0.67149311054312        0.17480142708959
C            1.08816017501807        0.18066364836468        0.47928096790471
C            3.53619696754128       -0.19830048229898        0.18077982020964
C            3.97024853551442        0.89040903218829        0.94621706622537
C            5.31923594614020        1.21313862116176        0.86930811825527
N            6.16524529883241        0.53743572687285        0.09610534327946
C            5.65808257246735       -0.47272505137948       -0.58129888219960
N            4.40445248194687       -0.87671785992287       -0.57186774171083
C            5.90561598375598        2.34236532409969        1.65647426081270
O            7.03175493670353        2.74149867141598        1.56365367700004
O            5.01654278329169        2.87955464751218        2.50942795646905
Cl          -2.06948582310623       -2.21348934285704        0.15009080668442
O           -1.31431992474916        0.47190214803738        0.72659739249719
C           -1.14454235314664        1.83284243113079        0.99238365016669
C           -0.85366652046200        2.77363033672514       -0.14033453380051
C           -2.21772571411292        2.73901485035648        0.48134372623035
H            0.39206945546332       -3.51089111911027       -0.39192748598611
H            2.72262750394379       -2.64552965652865       -0.39668005345348
H            1.27457525610315        1.22037971706673        0.69446135167064
H            3.30929448942391        1.44385491890338        1.59048579860949
H            6.34261667408263       -1.02946217225848       -1.20826183795857
H            5.43830569433413        3.59692611131682        3.00802944437327
H           -0.70617115850154        2.03158846025499        1.96683643500358
H           -0.21643896664688        3.62405793966786        0.04639535187740
H           -0.74071094279184        2.34312548213925       -1.12332098522748
H           -3.01340923080828        2.27994672546922       -0.08205552518427
H           -2.53037946827119        3.56227170809547        1.10375004464566
31
 energy: -58.163338695222 gnorm: 0.001236543324 xtb: 6.7.1 (edcfbbe)
C           -0.21764426367676       -0.28449188008407        0.46124023761257
C           -0.45013779856328       -1.63363764505747        0.15304001308335
C            0.59799273419617       -2.48257674630927       -0.15178860421972
C            1.89415948674437       -2.00479769913375       -0.15047667163231
C            2.15035024042679       -0.67533690990497        0.17484294096321
C            1.08995363554768        0.17872739734277        0.47750691325834
C            3.53702968882117       -0.20236771140109        0.18197860322613
C            3.96911141298640        0.88679782369088        0.94788998077497
C            5.31716974529714        1.21325616835534        0.86984839857259
N            6.16425768748839        0.53941119452131        0.09619558021068
C            5.65923393350160       -0.47268261065182       -0.57988629135640
N            4.40648154076637       -0.87939193257311       -0.57038927227387
C            5.89985285486776        2.34476702608467        1.65596776441338
O            7.02458325867132        2.74786080730630        1.56328672819512
O            5.00762673799279        2.88138231227281        2.50624342373373
Cl          -2.07081042661764       -2.21106283090663        0.14708598617537
O           -1.31207780644286        0.47296921229574        0.72362906405347
C           -1.13931433873793        1.83316870068324        0.99116354660624
C           -0.85204997256883        2.77589842506690       -0.14129218936752
C           -2.21352058139300        2.74163186300614        0.48636738220238
H            0.38974254463371       -3.51275809711690       -0.39234202791260
H            2.72182175221799       -2.65004506389632       -0.39485407391020
H            1.27737599624768        1.21852952203336        0.69147766919174
H            3.30734904557205        1.43827507711786        1.59299385052919
H            6.34520723939663       -1.02855866203922       -1.20620621068875
H            5.42586041835323        3.60222822793332        3.00341400434883
H           -0.69581025360327        2.02955328547771        1.96394050115861
H           -0.21297263057711        3.62488476107721        0.04519587945074
H           -0.74326435086313        2.34742952944316       -1.12556239801033
H           -3.01199507698341        2.28401828011604       -0.07451162527848
H           -2.52300245369781        3.56402817525443        1.11132089688820
31
 energy: -58.163352794369 gnorm: 0.000676973072 xtb: 6.7.1 (edcfbbe)
C           -0.21611075701990       -0.28515292056148        0.45755128405350
C           -0.45024623548780       -1.63424312908927        0.15118427671792
C            0.59664877556323       -2.48532534145879       -0.15194437697045
C            1.89366681338242       -2.00982508180738       -0.14992730436985
C            2.15138960305882       -0.68009992132792        0.17315663081009
C            1.09207635352581        0.17641624234414        0.47265987013530
C            3.53789032270604       -0.20716176763188        0.18211388812535
C            3.96711611227631        0.88220331932312        0.94977924565058
C            5.31364418050722        1.21410572749204        0.87025832922900
N            6.16273358649552        0.54238669837906        0.09664039202051
C            5.66139226761959       -0.47286830558651       -0.57722115451911
N            4.40940641221252       -0.88253859325928       -0.56920867902276
C            5.89224904287707        2.34830055966528        1.65548134740313
O            7.01580965641859        2.75451731436268        1.56343874929465
O            4.99632499619216        2.88468965209367        2.50215952569499
Cl          -2.07198626445715       -2.20947780819345        0.14577489334776
O           -1.30913973607239        0.47441973837922        0.72001271551474
C           -1.13217068820020        1.83363651650272        0.98911962204456
C           -0.85067395864968        2.77912018963526       -0.14309386018584
C           -2.20838484049462        2.74524168544309        0.49378327813335
H            0.38725259777385       -3.51549350906711       -0.39152032965917
H            2.72080544881366       -2.65667047786652       -0.39192681672300
H            1.28125768153126        1.21658085185921        0.68321279773670
H            3.30374828352054        1.42993978079389        1.59654197576599
H            6.34954849537156       -1.02793276853511       -1.20187561065117
H            5.41023105708680        3.60826602649979        2.99899815058686
H           -0.68054049783198        2.02787719426305        1.95888338887110
H           -0.20864069701329        3.62632243575504        0.04331704440566
H           -0.74841609210618        2.35426562891888       -1.12994160805644
H           -3.01125612989884        2.28938481069176       -0.06303809357182
H           -2.51306578969678        3.56622525198741        1.12295042818645
31
 energy: -58.163360861753 gnorm: 0.000650607263 xtb: 6.7.1 (edcfbbe)
C           -0.21532005411132       -0.28597091659491        0.45351756606416
C           -0.45050480516119       -1.63512486048823        0.14886626641987
C            0.59568186939437       -2.48778637770364       -0.15254578703225
C            1.89341795657015       -2.01416518759499       -0.15002797752962
C            2.15219427120726       -0.68404659717184        0.17109299377467
C            1.09353344714592        0.17417809119016        0.46772685880743
C            3.53858733226568       -0.21115491859035        0.18219128611663
C            3.96518063037719        0.87843231768116        0.95131637274849
C            5.31043205811011        1.21451840895789        0.87121168258447
N            6.16146624021547        0.54461106930404        0.09814964715530
C            5.66332263524238       -0.47287888047973       -0.57424600325510
N            4.41200698377509       -0.88511390443682       -0.56782091536089
C            5.88568143201416        2.35168019777776        1.65491797348758
O            7.00856115911642        2.75979566814028        1.56348074918570
O            4.98692986937693        2.88862762171700        2.49817534328521
Cl          -2.07275461678278       -2.20953813750740        0.14413760753862
O           -1.30697704185800        0.47554770287918        0.71593439974511
C           -1.12606832376583        1.83378117815368        0.98728723001277
C           -0.84957023133080        2.78192918122040       -0.14423977285537
C           -2.20362364407807        2.74888518921542        0.50100493151457
H            0.38539646344011       -3.51804675413084       -0.39090983937589
H            2.71996768236156       -2.66264475993454       -0.38963574112626
H            1.28420408902742        1.21477065073234        0.67523720044157
H            3.30003967428362        1.42342117417223        1.59876056789193
H            6.35406073564704       -1.02921044303009       -1.19523343781448
H            5.39756387654036        3.61512004831004        2.99402964741600
H           -0.66793561880422        2.02548274951806        1.95502885812871
H           -0.20477762601529        3.62725571503684        0.04112482623316
H           -0.75420454940815        2.36044999242571       -1.13326639054421
H           -3.01080430364688        2.29572079781376       -0.05234744749677
H           -2.50312759114461        3.56858398342203        1.13440130383742
31
 energy: -58.163365853677 gnorm: 0.000650202081 xtb: 6.7.1 (edcfbbe)
C           -0.21519726895005       -0.28662893699773        0.45032121788166
C           -0.45071279701975       -1.63588414989079        0.14679793912411
C            0.59532130793784       -2.48923665807529       -0.15347010889539
C            1.89341374668621       -2.01659374481963       -0.15042609017159
C            2.15252547609550       -0.68617560141515        0.16940191614497
C            1.09399970329516        0.17274634734472        0.46405691384884
C            3.53887193618734       -0.21325983721835        0.18211880926628
C            3.96367933522209        0.87702183125279        0.95155281552867
C            5.30834258164532        1.21502491208422        0.87183785539007
N            6.16114230838506        0.54467074934926        0.10082492149040
C            5.66529067513454       -0.47519811832132       -0.56966615071347
N            4.41391990716279       -0.88768653017247       -0.56557172648815
C            5.88160814358947        2.35421516633375        1.65419561857642
O            7.00453369055705        2.76234196737600        1.56378954850972
O            4.98101307852537        2.89283047271974        2.49433527678826
Cl          -2.07306661057381       -2.21033341970708        0.14207582660850
O           -1.30603417111479        0.47604721248196        0.71252238673412
C           -1.12277661390239        1.83350471608479        0.98619506851617
C           -0.84886778150794        2.78386170336619       -0.14408289884151
C           -2.20074054226014        2.75133357054846        0.50601303439271
H            0.38457330762471       -3.51959862082398       -0.39115194213770
H            2.71956360680746       -2.66604711768452       -0.38869120342448
H            1.28530782715730        1.21358906557440        0.66988456249153
H            3.29731939595427        1.42089101804068        1.59869364154723
H            6.35682332726264       -1.03066798419256       -1.18977252891379
H            5.39018529232773        3.62058217283451        2.98948046799357
H           -0.66073846522071        2.02277228921012        1.95245796081151
H           -0.20192831369646        3.62776332181519        0.04082392247080
H           -0.75762312014742        2.36445660664688       -1.13450800823320
H           -3.01073071226142        2.30082368849813       -0.04535884581050
H           -2.49645825089887        3.56994390776171        1.14263979951274
