32
 energy: -62.204606681159 gnorm: 0.089597591909 xtb: 6.7.1 (edcfbbe)
N            1.10881000000000        0.58423000000000       -0.15507000000000
C            0.96015000000000       -0.75417000000000       -0.11581000000000
C           -0.26746000000000       -1.37157000000000       -0.23439000000000
C           -1.35278000000000       -0.53392000000000       -0.37604000000000
N           -1.24801000000000        0.81189000000000       -0.43298000000000
C           -0.01026000000000        1.30277000000000       -0.32322000000000
C           -2.74370000000000       -1.08171000000000       -0.42630000000000
O           -3.78015000000000       -0.44909000000000       -0.51598000000000
O           -2.77621000000000       -2.42954000000000       -0.34247000000000
C            2.16068000000000       -1.53153000000000        0.19614000000000
C            2.78874000000000       -2.34708000000000       -0.76150000000000
C            3.84433000000000       -3.19348000000000       -0.39977000000000
C            4.27272000000000       -3.22900000000000        0.92595000000000
C            3.67392000000000       -2.40586000000000        1.88343000000000
C            2.64218000000000       -1.54593000000000        1.51487000000000
Cl           4.14891000000000       -2.45922000000000        3.54194000000000
O            5.17780000000000       -4.17762000000000        1.32224000000000
C            6.57496000000000       -3.90810000000000        1.06251000000000
C            7.17846000000000       -2.51179000000000        1.28133000000000
O            8.19449000000000       -3.03737000000000        2.16956000000000
C            7.51241000000000       -4.31195000000000        2.21281000000000
H           -0.36993000000000       -2.44671000000000       -0.16523000000000
H            0.09735000000000        2.38177000000000       -0.36194000000000
H           -3.73630000000000       -2.63394000000000       -0.36495000000000
H            2.43570000000000       -2.34905000000000       -1.79195000000000
H            4.28817000000000       -3.85315000000000       -1.14055000000000
H            2.17206000000000       -0.91441000000000        2.26655000000000
H            6.87741000000000       -4.35062000000000        0.10532000000000
H            7.62584000000000       -2.06354000000000        0.38916000000000
H            6.56255000000000       -1.76611000000000        1.78864000000000
H            7.02651000000000       -4.47011000000000        3.18193000000000
H            8.18738000000000       -5.14494000000000        2.00087000000000
32
 energy: -62.211469632172 gnorm: 0.032933743054 xtb: 6.7.1 (edcfbbe)
N            1.09831406821273        0.58137018497067       -0.14749049401337
C            0.97038068890940       -0.74663229092251       -0.10114387406087
C           -0.26720529782314       -1.36542507375245       -0.23397792820442
C           -1.36020338585222       -0.52654410746151       -0.37865370868029
N           -1.23876292163664        0.80314371948486       -0.43367833169168
C           -0.01194587609375        1.28430112574332       -0.32893690352768
C           -2.74998400948395       -1.07054894106854       -0.43123964961543
O           -3.76375492815965       -0.43071092256413       -0.52267151995144
O           -2.78535172426146       -2.41520807719094       -0.34545204777625
C            2.17251032267831       -1.54212451220524        0.20238842390963
C            2.78492762036447       -2.35727025287301       -0.74687491703893
C            3.83812317198133       -3.18643366796579       -0.38750502404368
C            4.27713303993824       -3.23099261292315        0.93186501123648
C            3.67552742877608       -2.40007005542806        1.87863264348141
C            2.64251746211418       -1.55284262108640        1.51237483757634
Cl           4.16983654773810       -2.45374167970766        3.52949402565821
O            5.20032768176752       -4.16206116151103        1.33999266531839
C            6.57826548478545       -3.90801219096161        1.07256951775664
C            7.17352164112043       -2.50880318831324        1.27024023462027
O            8.16952699009471       -3.04149367215659        2.15884266869362
C            7.52090433055647       -4.32254966349716        2.20793248158328
H           -0.37129989915373       -2.43764420686536       -0.17858551000937
H            0.09443831242062        2.36044885306750       -0.36836917413678
H           -3.73129247631873       -2.65326769090785       -0.36902944787151
H            2.43562447208107       -2.34974651979695       -1.77125322549313
H            4.29317704832892       -3.83212294305333       -1.12451355564497
H            2.17725789660139       -0.92011588606105        2.25585164722770
H            6.85556462072080       -4.34627107242290        0.10784876058682
H            7.62156099921250       -2.05088805774727        0.38429072520819
H            6.53559211519306       -1.78511978571629        1.78269401702736
H            7.01603790784618       -4.47546357955021        3.16530880312756
H            8.20546066734128       -5.14800944955606        2.00414884874788
32
 energy: -62.213087069033 gnorm: 0.010926120920 xtb: 6.7.1 (edcfbbe)
N            1.09284153003285        0.57863978440557       -0.13604440986900
C            0.97684338026074       -0.74228518038616       -0.09039233061882
C           -0.26645405673521       -1.36197150932156       -0.23699521407520
C           -1.36475187957022       -0.52168729561890       -0.38271890677657
N           -1.23198342489282        0.79877894502363       -0.43558455361970
C           -0.01174125675778        1.27509591273176       -0.32567692470365
C           -2.75763738939438       -1.05937958730946       -0.44001692194877
O           -3.75562075090574       -0.40535785818612       -0.53551469882582
O           -2.79210118731108       -2.40193803238420       -0.35272117964958
C            2.17531162227052       -1.55441958669321        0.21307454243732
C            2.78273430788961       -2.36633585444495       -0.73389156864385
C            3.83652660136913       -3.18457811666458       -0.37345636234725
C            4.28090536701548       -3.23375511438219        0.94327286874299
C            3.67574056182848       -2.39715895785671        1.88384253506850
C            2.63958210431069       -1.55781154724147        1.51997841546146
Cl           4.19762706403616       -2.44281582883533        3.52581578454723
O            5.21609637535282       -4.14934836254870        1.36347423303797
C            6.57495409174101       -3.91235768146484        1.06901421556476
C            7.16937090249882       -2.51259543606251        1.26711341893063
O            8.16374859189510       -3.04033972583792        2.14766615002643
C            7.52795879615636       -4.32038838575767        2.19640712192647
H           -0.37230218986576       -2.43278600389791       -0.19484029816458
H            0.09717943511783        2.34985901473957       -0.38343023945539
H           -3.72439202806892       -2.67787446997425       -0.37715419317461
H            2.43170644536042       -2.35832511816751       -1.75404936579929
H            4.30253013534809       -3.82317627404767       -1.10682298998765
H            2.18076950245648       -0.91998044141757        2.25806580510357
H            6.83212111179053       -4.34973045722486        0.09609582014153
H            7.60735202361070       -2.04279586104027        0.38402400617195
H            6.51216837889276       -1.80646831675357        1.78304410538246
H            7.01289567904016       -4.47658620629880        3.14762423424254
H            8.21675015522709       -5.14097644708157        1.99589690087392
32
 energy: -62.213502996328 gnorm: 0.008590937334 xtb: 6.7.1 (edcfbbe)
N            1.09384811159494        0.57629279366171       -0.12803315527731
C            0.97746398755153       -0.74318381526326       -0.08317110663174
C           -0.26659654973083       -1.36256771462358       -0.23999312994537
C           -1.36500997524946       -0.52079940755912       -0.38713937050224
N           -1.22830122969754        0.79892578496874       -0.44194786513444
C           -0.00795192271205        1.27414761398020       -0.33108953383177
C           -2.76153415602446       -1.05305741442155       -0.45011009416417
O           -3.75254661580417       -0.38865203365501       -0.55221130807738
O           -2.79601734454772       -2.39387250528817       -0.36093459246768
C            2.17203218047764       -1.56142064431685        0.22503630899922
C            2.77997782407771       -2.37427732658204       -0.72123565841484
C            3.83644336080850       -3.18858413529163       -0.35854911525601
C            4.28052673407191       -3.23494659069236        0.95834225839900
C            3.67433793399451       -2.39479618682030        1.89641648324802
C            2.63647533275073       -1.55786667953091        1.53250007134201
Cl           4.21224978604515       -2.43086115842561        3.53371371319709
O            5.22013556775642       -4.14092638724347        1.38779348296027
C            6.56959491448308       -3.91484763228450        1.06342930337637
C            7.16570575655492       -2.51404791494838        1.26167498425404
O            8.16445412549742       -3.03858024540128        2.13510641786867
C            7.53604652136140       -4.32004447642530        2.18213915416523
H           -0.37375794035082       -2.43339291130504       -0.20611338938046
H            0.10263070023274        2.34904027082320       -0.38752681706822
H           -3.72094785009003       -2.69035776790030       -0.38841798229531
H            2.42908888124655       -2.36756762366855       -1.74132068962544
H            4.30956254188284       -3.82491237809709       -1.09022964719596
H            2.18007001960267       -0.91621551587198        2.26844757994255
H            6.81228360167834       -4.35188055321728        0.08532554621220
H            7.59509517904296       -2.03490846546028        0.37948651336323
H            6.50130689686223       -1.81667625067854        1.78156934284836
H            7.02170088774194       -4.48308605527558        3.13316818528390
H            8.22836273889085       -5.13692667318573        1.97897410980818
32
 energy: -62.213920466045 gnorm: 0.006757102721 xtb: 6.7.1 (edcfbbe)
N            1.09711424952201        0.57155390726719       -0.11339388317585
C            0.97624630662634       -0.74751793141667       -0.07412096285279
C           -0.26693163290232       -1.36529950116061       -0.24832970381865
C           -1.36261196042781       -0.52095294605733       -0.39919623036461
N           -1.22218428281896        0.79993271378841       -0.45354891914053
C           -0.00130085627147        1.27394650132920       -0.33153306500600
C           -2.76469039556264       -1.04498264726962       -0.47107954358670
O           -3.74679673693209       -0.36768303656436       -0.58398928352052
O           -2.80065199304532       -2.38254411391466       -0.37757663639980
C            2.16490936036770       -1.56964299225323        0.24642548601350
C            2.77631295280384       -2.38603554220441       -0.69635300778097
C            3.83582583854877       -3.19668009841457       -0.32880551168355
C            4.27656714438991       -3.23458533959686        0.98920182017057
C            3.66848986105715       -2.38894759094644        1.92289674036045
C            2.62934524334754       -1.55506383030112        1.55567986333390
Cl           4.22241350496004       -2.40887879068935        3.55545517183190
O            5.22242245128927       -4.12473691271768        1.43433451150499
C            6.55942699246791       -3.91622708882999        1.05526500620477
C            7.16112210026597       -2.51472829919720        1.25048968115517
O            8.17180337096117       -3.03800232857085        2.10824168179080
C            7.55251604882002       -4.32225622080794        2.15379213771679
H           -0.37632030318611       -2.43620143546709       -0.22334836653971
H            0.11425920769031        2.34815491428309       -0.39913056029745
H           -3.71632225535241       -2.70288070272804       -0.41034639903589
H            2.42591000719328       -2.38465989321432       -1.71713431556548
H            4.31562401290958       -3.83326682065370       -1.05725011264626
H            2.17456089215107       -0.90689528465240        2.28744716225975
H            6.77203775000993       -4.35261785428738        0.06850741215390
H            7.57506161688752       -2.02510690167645        0.36652084622389
H            6.49500842313174       -1.82589145702126        1.77993701503001
H            7.04970584264993       -4.49890590459427        3.10956252126570
H            8.24785723844791       -5.13324657145984        1.93647944439869
32
 energy: -62.214256055507 gnorm: 0.008122110747 xtb: 6.7.1 (edcfbbe)
N            1.10061176346278        0.56611399167966       -0.10088509463315
C            0.97382458779677       -0.75316095099202       -0.06586383587218
C           -0.26737227970729       -1.36823017848447       -0.25849588705432
C           -1.35867172618146       -0.52106959976386       -0.41460869236043
N           -1.21526624496981        0.80102059104265       -0.46789948608112
C            0.00640232882838        1.27275186321129       -0.33666238568211
C           -2.76482327624431       -1.03857119622612       -0.49628599203648
O           -3.74060321990279       -0.35361871724209       -0.61979447280482
O           -2.80341667113619       -2.37329187818114       -0.39608764164759
C            2.15753874980195       -1.57529177932422        0.26854273192304
C            2.77238380357100       -2.39816270465924       -0.66747005915871
C            3.83359525706533       -3.20568338870246       -0.29388283641576
C            4.27018852954300       -3.23220130987119        1.02534473430130
C            3.65895299709153       -2.38127813055921        1.95339364489575
C            2.62010151894375       -1.55027010703267        1.57954225461485
Cl           4.21774761363594       -2.38602890479192        3.58415610117955
O            5.22333053701126       -4.10579878191294        1.48501636323926
C            6.54850733609732       -3.91429409515299        1.05070893672614
C            7.15930684534885       -2.51406599953011        1.23741345027554
O            8.18541511649602       -3.04006221856854        2.07543768106421
C            7.57181920016796       -4.32664744356753        2.12157072364659
H           -0.37879992743900       -2.43919005099354       -0.23995693803877
H            0.12582833453649        2.34635637422584       -0.40072676746222
H           -3.71309181693678       -2.70667898282021       -0.43431832442583
H            2.42387234981691       -2.40375446188220       -1.68942407014037
H            4.31624700429689       -3.84500312526566       -1.01852944210416
H            2.16443081000442       -0.89586216498493        2.30578722346431
H            6.72354965056279       -4.35042487072109        0.05580707803835
H            7.55682803667980       -2.02120221697968        0.34765571764077
H            6.50147639323384       -1.82738774784999        1.77932997862889
H            7.09069525517651       -4.51755593125426        3.08667146874987
H            8.26612114334780       -5.13230588284476        1.87961383752966
32
 energy: -62.214716058204 gnorm: 0.011570350287 xtb: 6.7.1 (edcfbbe)
N            1.10431409781782        0.55906400066039       -0.08578291174641
C            0.97026553331225       -0.76086041573168       -0.05755245674534
C           -0.26798039127121       -1.37146968357145       -0.27323051931731
C           -1.35301507578311       -0.52046537130236       -0.43742062561634
N           -1.20626433375088        0.80272494866895       -0.48545584332834
C            0.01561404885645        1.27068837199782       -0.33715691104355
C           -2.76228408300542       -1.03193361789596       -0.53008994904924
O           -3.73310791062148       -0.34289350491086       -0.66740402953617
O           -2.80504608640582       -2.36424145076724       -0.42064783774330
C            2.14806366174053       -1.58105775424220        0.29557362597057
C            2.76700657660436       -2.41431729690362       -0.62903246968787
C            3.82956830153925       -3.21712422585612       -0.24634818931696
C            4.26124329292452       -3.22710100784465        1.07424390707207
C            3.64366062915565       -2.37067300135311        1.99395961496807
C            2.60575482991644       -1.54398287664784        1.60877766443588
Cl           4.19833265001204       -2.35760363261387        3.62521362334276
O            5.22534768916345       -4.07921496972329        1.54903178552601
C            6.53479771280821       -3.90852356140618        1.04976208530921
C            7.16071190066551       -2.51216952347600        1.21932847719660
O            8.20734832541213       -3.04514270966364        2.03021947837387
C            7.59706748784418       -4.33372837184895        2.07888544194564
H           -0.38178293586527       -2.44240294489223       -0.26028773548833
H            0.14086213371114        2.34335133804589       -0.40165274580393
H           -3.71123323845003       -2.70260904668111       -0.46609791776044
H            2.42206637410329       -2.43040582988868       -1.65265355891503
H            4.31312290318125       -3.86161737105659       -0.96564711833902
H            2.14685293600810       -0.88198719622305        2.32671188120296
H            6.65743341101604       -4.34488717471958        0.04693417302929
H            7.53806140059997       -2.02339884836173        0.31853059952945
H            6.52251754326286       -1.82115742919249        1.77841441874464
H            7.15212110837016       -4.54216150748713        3.05906703777456
H            8.28530950712714       -5.13354833511088        1.79690700501605
32
 energy: -62.215318886139 gnorm: 0.014111166832 xtb: 6.7.1 (edcfbbe)
N            1.10685194298930        0.55097203198995       -0.06990464348050
C            0.96534386492215       -0.76980183177636       -0.04753739068870
C           -0.26950940161465       -1.37421986829235       -0.28825811847154
C           -1.34722429692783       -0.51838642873909       -0.46400009991862
N           -1.19645856830275        0.80506237926200       -0.50502437548150
C            0.02535403281273        1.26746868329358       -0.33773632761839
C           -2.75712195355794       -1.02583206726970       -0.57119597648455
O           -3.72579948714414       -0.33828199184572       -0.72626909285122
O           -2.80602133791292       -2.35695861686605       -0.44811736176341
C            2.13681157992408       -1.58734440516245        0.32521253355777
C            2.75886156069895       -2.43394829903016       -0.58481886704919
C            3.82316332991081       -3.22936867620313       -0.19141906321271
C            4.25241671556632       -3.21875384918488        1.12965229895284
C            3.62544731093929       -2.35832367478942        2.03956790553811
C            2.58814517415643       -1.53773044382426        1.64009563672503
Cl           4.16694260318850       -2.32696616172599        3.67380167466103
O            5.23115919744220       -4.04704862546142        1.61462216547427
C            6.52152291470287       -3.89860693636124        1.05393149273343
C            7.16815378660039       -2.50933550219684        1.19767926259810
O            8.23576196426756       -3.05355457228033        1.97817946225698
C            7.62375442876059       -4.34251798486151        2.03109831786085
H           -0.38599743026361       -2.44502878800867       -0.27980318188273
H            0.15657615246202        2.33940654191103       -0.39576975395753
H           -3.71380516809392       -2.68729197771122       -0.50353945166043
H            2.41766709459725       -2.46392295340771       -1.60978640026558
H            4.30511096261155       -3.88107617014459       -0.90441992146354
H            2.12407695440457       -0.86825668372649        2.34813934546402
H            6.58480653634537       -4.33558086998281        0.04710854845281
H            7.52515931698504       -2.03422126504594        0.28133651609596
H            6.56084024434550       -1.80520676764343        1.77492358585480
H            7.22617833357778       -4.56888616503247        3.02897144179228
H            8.29856164160587       -5.13730805988159        1.69837983823196
32
 energy: -62.215970670780 gnorm: 0.011374967391 xtb: 6.7.1 (edcfbbe)
N            1.10594349714452        0.54319874958159       -0.05259384036987
C            0.95958263812813       -0.77803374619858       -0.03478777861603
C           -0.27262405479950       -1.37580261335183       -0.29810743705031
C           -1.34389161408202       -0.51490488008348       -0.48898762673016
N           -1.18833471834112        0.80721214436264       -0.52226550177988
C            0.03234579322357        1.26331057656451       -0.33300433157296
C           -2.75107825479559       -1.02103643779092       -0.61316347843576
O           -3.72007378676080       -0.33993285783727       -0.79214332924867
O           -2.80808725658492       -2.35275609494642       -0.47506154873723
C            2.12492099521590       -1.59497976110592        0.35360604052206
C            2.74746672959524       -2.45460418484436       -0.54233122850805
C            3.81466619377844       -3.23929833101042       -0.13885424994516
C            4.24786632657509       -3.20714662660450        1.18076303441717
C            3.61030306067173       -2.34528019124213        2.08119288577640
C            2.57107102493247       -1.53350581602664        1.66857426600369
Cl           4.13534330477870       -2.29832022817326        3.71954045270365
O            5.24307207803368       -4.01364462336103        1.66745150443450
C            6.51314427697379       -3.88672275975620        1.06227001548327
C            7.18407114311511       -2.50740116165328        1.17441204848191
O            8.26512333810485       -3.06483279535586        1.92930546681749
C            7.64499170842377       -4.35103793408541        1.98799896164882
H           -0.39222586505865       -2.44626628063941       -0.29276029176533
H            0.16922752434997        2.33480177963178       -0.38755490909479
H           -3.72334958453963       -2.66240091071304       -0.54397991229007
H            2.40790314937130       -2.50009386017837       -1.56712897754338
H            4.29432704671596       -3.89815628899012       -0.84562249431103
H            2.10159810161243       -0.85866804399148        2.36755084550779
H            6.52360184207368       -4.32435459667565        0.05760901402581
H            7.52530409236900       -2.05334466608102        0.24159828779805
H            6.61205304532300       -1.78314712641759        1.76350531548106
H            7.29375867378451       -4.59031286136605        2.99881478673343
H            8.29870955066659       -5.14338757165936        1.60925401016368
32
 energy: -62.216491055284 gnorm: 0.009143598509 xtb: 6.7.1 (edcfbbe)
N            1.10196678682663        0.53441001732406       -0.02637484234581
C            0.95291271007103       -0.78621285770032       -0.01563019374719
C           -0.27751771516476       -1.37775233328904       -0.30677050494226
C           -1.34328712405226       -0.51113953056527       -0.51598272744698
N           -1.18044678853873        0.80844733618287       -0.54222624411245
C            0.03813608792684        1.25804502890072       -0.32719243642308
C           -2.74742519442728       -1.01426939117023       -0.66641017616884
O           -3.71259801846858       -0.33528450533062       -0.87634428288339
O           -2.81518008844388       -2.34604550870078       -0.51057388703112
C            2.11006623511341       -1.60760986100995        0.38917293860391
C            2.73335471793534       -2.47995508707784       -0.49274335708466
C            3.80551666698737       -3.24925418252344       -0.07647102923939
C            4.24526002027487       -3.19212087956691        1.24130246474150
C            3.59635812474320       -2.32672149023027        2.12945730584664
C            2.55189847558020       -1.52835721503827        1.70390236492064
Cl           4.11496523845680       -2.25899731524447        3.76927660103681
O            5.25956354575636       -3.97168851519452        1.73497497344133
C            6.50376106217482       -3.87606943553470        1.06882799561065
C            7.20604300526994       -2.50901819438265        1.14473985794695
O            8.30004328472265       -3.08016778693785        1.86984180349575
C            7.66977465228076       -4.36070390502097        1.93887113653818
H           -0.40168001485515       -2.44771009301030       -0.30931366657802
H            0.18043180730942        2.32940119174627       -0.37705166817877
H           -3.73662887429824       -2.63935978616134       -0.59435851814362
H            2.39402440721156       -2.54384865387570       -1.51627017509513
H            4.28937545799255       -3.91377934362016       -0.77491011377144
H            2.07773581536107       -0.84751611053362        2.39302162750865
H            6.45358716746723       -4.31444298905727        0.06293594682569
H            7.52620094006447       -2.07364119338100        0.19466224949466
H            6.66778590376271       -1.76604842157568        1.74349960806013
H            7.36471106119018       -4.61149360133525        2.96052767303841
H            8.29802064376851       -5.15194538708439        1.51870927608242
32
 energy: -62.216812476309 gnorm: 0.009501847686 xtb: 6.7.1 (edcfbbe)
N            1.09253309329613        0.52671708194443        0.00149679607180
C            0.94436051904409       -0.79296159373753        0.00593631619243
C           -0.28460578847916       -1.38015229866803       -0.30451232502683
C           -1.34664405616756       -0.50927307897174       -0.53296293269240
N           -1.17747143354927        0.80755033825526       -0.55541875021015
C            0.03776832640928        1.25258362515779       -0.31687959202080
C           -2.74489798546972       -1.01087600733825       -0.71220948433658
O           -3.70542610220125       -0.33499771233460       -0.95314190906217
O           -2.82629495096396       -2.34327663240154       -0.54394128376606
C            2.09595716435649       -1.62001344013488        0.41794065537585
C            2.71734176625853       -2.50024058105134       -0.45616664829293
C            3.79762414394076       -3.25161769218686       -0.03346707769985
C            4.25169944348331       -3.17387880576555        1.27928247923388
C            3.59407595309222       -2.30935949092225        2.16031401430963
C            2.54095994622972       -1.52487925466334        1.72966700244431
Cl           4.11535845256986       -2.22353930143608        3.79949104987467
O            5.28266479323979       -3.93413337612607        1.76689318448518
C            6.50361876168713       -3.86649170264177        1.07564211776036
C            7.23352341059442       -2.51323106164178        1.11831438031702
O            8.32593062410200       -3.09753312777333        1.82656689039542
C            7.67824660155336       -4.36810814092646        1.90975890075654
H           -0.41369090276693       -2.44918573417759       -0.31237319930488
H            0.18258306540318        2.32427921771656       -0.36119474311602
H           -3.75631008317298       -2.61300201993240       -0.63909705412846
H            2.37227123272999       -2.58225443579289       -1.47557189761119
H            4.28398136808029       -3.92185896286331       -0.72470367986398
H            2.06501249725219       -0.84159234699394        2.41371427577516
H            6.42278974221850       -4.30817254730582        0.08092331169403
H            7.54202653604228       -2.09868108278907        0.15592399987872
H            6.72297066331082       -1.74941057548295        1.71189748263108
H            7.40206736759446       -4.61909317434063        2.93224986222106
H            8.27670583028095       -5.16416608467273        1.47072785771539
32
 energy: -62.217118273464 gnorm: 0.010630741563 xtb: 6.7.1 (edcfbbe)
N            1.08593465739532        0.51631002765896        0.03365595695024
C            0.93454750520559       -0.80283544159864        0.02737940152538
C           -0.29105790199856       -1.38549678787997       -0.31193204932634
C           -1.34671987749074       -0.50985457684535       -0.55864337659055
N           -1.17117627245126        0.80635911553436       -0.57596799127111
C            0.04101948306188        1.24712683093828       -0.30847457879172
C           -2.74388491771778       -1.00421664637191       -0.76615926093668
O           -3.69405387531633       -0.32315368518612       -1.03799579369214
O           -2.83777080775336       -2.33452362840293       -0.58800694540171
C            2.07904132379139       -1.63243515171552        0.45647747097979
C            2.70270528513583       -2.52396694390736       -0.40594983906346
C            3.79063975393418       -3.25900741908916        0.02652710186870
C            4.25101433201146       -3.15567008764763        1.33650772963346
C            3.58551123721253       -2.28594201668191        2.20697458053147
C            2.52552805914839       -1.51528932398558        1.76716730444126
Cl           4.11529808187082       -2.17243639223985        3.84328064595582
O            5.29941555818692       -3.88715300875497        1.83316058469456
C            6.49257771479560       -3.85748976194412        1.07886311427357
C            7.25387946717526       -2.51747717520186        1.08860831938326
O            8.36140794334566       -3.11696525060919        1.76225706482250
C            7.70114177645519       -4.37938318486798        1.86327929088145
H           -0.42522819577822       -2.45375985121948       -0.32826722228435
H            0.19074567577914        2.31845107469292       -0.35045979340068
H           -3.76770222942324       -2.59994382493725       -0.69478818077801
H            2.35514908994667       -2.62567543977091       -1.42317433299054
H            4.28211037115602       -3.93566960026562       -0.65573835471013
H            2.04725066744485       -0.82483881498808        2.44265261999685
H            6.35608014223930       -4.30333224767808        0.08472782220570
H            7.53685834693842       -2.11577775734921        0.11067038593193
H            6.77433914472532       -1.73912069496546        1.69289656359063
H            7.46878875764837       -4.63878075462973        2.89974421357982
H            8.27333970332415       -5.17890158008915        1.38582754799134
32
 energy: -62.217352709743 gnorm: 0.006919244077 xtb: 6.7.1 (edcfbbe)
N            1.07965601350812        0.51183708795540        0.04800584617303
C            0.92783170651814       -0.80729328766849        0.03774856497508
C           -0.29481066308934       -1.38993599010909       -0.31032532028416
C           -1.34738967282834       -0.51387680185004       -0.56384987867575
N           -1.17140270965343        0.80323860338322       -0.57967492379857
C            0.03806275019258        1.24424083082212       -0.30194024046668
C           -2.74417026030271       -1.00394017121784       -0.78547321020126
O           -3.68690345188935       -0.31795558155049       -1.06327432159018
O           -2.84355798621172       -2.33237862450512       -0.60953068540043
C            2.07253350821859       -1.63422585122166        0.47049502477202
C            2.69548395709766       -2.52875121249117       -0.39022195046878
C            3.78761366948417       -3.25846860195996        0.04019118465831
C            4.25431517037693       -3.14581346815935        1.34671269561262
C            3.59132912189927       -2.27276147188781        2.21610414188213
C            2.52652504221222       -1.50794142242122        1.77842105806400
Cl           4.13240575747901       -2.14777405807342        3.84843864451031
O            5.30685116551747       -3.86908433013859        1.84273020576441
C            6.49125710386657       -3.85565890841302        1.07868450352070
C            7.26271294464578       -2.52203013581344        1.07693614134866
O            8.37154942988114       -3.12753502873080        1.74140958081458
C            7.70211202960069       -4.38373442584489        1.85602205393013
H           -0.43045684876795       -2.45787365133312       -0.32841037447438
H            0.18805863173030        2.31536259124408       -0.34188762720222
H           -3.77057502367431       -2.60156079024792       -0.71986380945612
H            2.34335397862711       -2.63744723157390       -1.40495603232613
H            4.27807639389974       -3.93770860480252       -0.64021586456124
H            2.04961428122821       -0.81543737151468        2.45307091383369
H            6.34621606598364       -4.30538540308237        0.08870833341149
H            7.53791126965048       -2.12329761761883        0.09625807167994
H            6.79308008839176       -1.73973629214068        1.68248383571808
H            7.47726226828279       -4.63779820544144        2.89521347687666
H            8.26218426812352       -5.19012457359141        1.37708996136038
32
 energy: -62.217841268681 gnorm: 0.009524020661 xtb: 6.7.1 (edcfbbe)
N            1.05896717619193        0.50038686134817        0.09095296482782
C            0.90704057584469       -0.81915095530858        0.07317354471716
C           -0.30601764950018       -1.40300309488670       -0.29632839361937
C           -1.34974325332789       -0.52762030943540       -0.57378344199368
N           -1.17522800755494        0.79187887214507       -0.58936451483627
C            0.02534399041859        1.23506872895768       -0.28048133998806
C           -2.74540605025641       -1.00567926635945       -0.83452859819927
O           -3.66770254061140       -0.30553922812090       -1.15444745029791
O           -2.85988954937965       -2.32963913207711       -0.65882645449394
C            2.05561862393663       -1.63441125246769        0.51010007116820
C            2.67184645718376       -2.53831584651772       -0.34727945663913
C            3.77656776604233       -3.25515898138023        0.07240958070040
C            4.26468047985658       -3.11694449549497        1.36784273212393
C            3.61263712583375       -2.23363435290660        2.23592288934677
C            2.53469055737247       -1.48391142836738        1.80748096300986
Cl           4.18584718805266       -2.07798173501183        3.85550792283404
O            5.32750137108500       -3.82017984558994        1.85963224803216
C            6.49087029113542       -3.85196773205585        1.07839931741181
C            7.29237969490145       -2.53709631465899        1.04034607396449
O            8.40296614292204       -3.16101768749024        1.68167463220770
C            7.70060234499784       -4.39586265358707        1.84315155477683
H           -0.44347089061189       -2.47055541326669       -0.31795258974055
H            0.17440957236500        2.30595138140641       -0.31122151627937
H           -3.77922020349880       -2.60931705184299       -0.80463870242603
H            2.30441506083087       -2.66406494672734       -1.35443682731183
H            4.25918437030214       -3.94108899780303       -0.60617623554764
H            2.06381634538856       -0.78503154252621        2.48053586257356
H            6.32603754194404       -4.31668439948936        0.10248373875231
H            7.54801037736210       -2.14918322785910        0.05174112174245
H            6.85570883103054       -1.74099451503748        1.65224863080175
H            7.49075697249028       -4.62147850667800        2.88971607862234
H            8.22350928725117       -5.22862293090885        1.37124559375990
32
 energy: -62.218238720431 gnorm: 0.010980765863 xtb: 6.7.1 (edcfbbe)
N            1.03561481927051        0.49060801526642        0.14132097141516
C            0.88508692184570       -0.82964291988812        0.11125538642683
C           -0.31830750014984       -1.41352426232504       -0.29264355731037
C           -1.35339304128603       -0.53769407366956       -0.59718411152967
N           -1.17985979740357        0.78300091459762       -0.59945377114896
C            0.01113605643942        1.22667042610538       -0.25201632520049
C           -2.74380232150897       -1.00946411617659       -0.90727851080885
O           -3.64813436358690       -0.30293912423820       -1.24654388882353
O           -2.87255065715175       -2.32964213926068       -0.72426336103120
C            2.03496694483336       -1.63635025249737        0.55647849019291
C            2.64352596005832       -2.55370897720685       -0.29295743286991
C            3.76210690811870       -3.25392719758186        0.12031778627072
C            4.27320693961953       -3.08394957721532        1.40453699065497
C            3.62754258929654       -2.18931042567689        2.26678829502697
C            2.53573946016059       -1.45759325033127        1.84312616772356
Cl           4.22953395480919       -1.99776505992434        3.87344881847490
O            5.35126432029465       -3.76142469367185        1.89649185710622
C            6.48941865917827       -3.84663585243858        1.08082949017462
C            7.33093171786726       -2.55457142272429        0.99467481855573
O            8.44596818176068       -3.20189738878117        1.60604759072186
C            7.70612010650451       -4.41132601843639        1.81985983450859
H           -0.45710899341412       -2.48096010148580       -0.31786837687466
H            0.16028045427594        2.29770301881434       -0.27196774077400
H           -3.78637531994920       -2.61173222791419       -0.89659843539136
H            2.26058045442578       -2.70089673399624       -1.29238821129765
H            4.23694175321442       -3.94812651466237       -0.55523517278127
H            2.07149412111460       -0.74820435347207        2.51046431339062
H            6.28593078820203       -4.32810017715190        0.11801287498855
H            7.56281392490189       -2.18444948259015       -0.00718369312600
H            6.93773333414074       -1.73907126504937        1.61563098716108
H            7.52285638638679       -4.60324102618076        2.87870101013130
H            8.18546723772961       -5.27268374023481        1.35069690604389
32
 energy: -62.218652363717 gnorm: 0.011719348559 xtb: 6.7.1 (edcfbbe)
N            1.01031671483790        0.48722921927015        0.18327428724332
C            0.86573651390740       -0.83414330836177        0.14563658663427
C           -0.32858565137403       -1.42002085511405       -0.28183940596355
C           -1.35785405406720       -0.54622271840723       -0.61039247413564
N           -1.18926976856592        0.77454661902911       -0.60130841568247
C           -0.00897673481352        1.22062830820241       -0.22332085821522
C           -2.74008725328098       -1.01749740886472       -0.95950896611148
O           -3.63042075849371       -0.30986674213270       -1.32964505483815
O           -2.87815103388409       -2.33590439249121       -0.77490630892160
C            2.01955631139066       -1.63278345396753        0.59249301247341
C            2.61691718931892       -2.56245541320342       -0.25116700006217
C            3.74826793587999       -3.24945928425259        0.15151186504926
C            4.28176361964832       -3.05543925755061        1.42345163087120
C            3.64522035114909       -2.14938439423573        2.28190266602934
C            2.54288869687065       -1.42990024177455        1.86648012808328
Cl           4.27458059892282       -1.92836375912160        3.87401423970630
O            5.37133447197186       -3.71611775900357        1.91250902926138
C            6.49352995119764       -3.84425296345836        1.08091136948467
C            7.36357819087559       -2.57457225364177        0.95511653279174
O            8.47480529962742       -3.24269188290076        1.54985382955518
C            7.70646144199143       -4.42686578716518        1.81122854631745
H           -0.46442388315204       -2.48808117064212       -0.30809063478410
H            0.13675393268823        2.29246566195691       -0.23272800995761
H           -3.78550523016858       -2.61872100915485       -0.98080217771866
H            2.21676710964269       -2.72660237431154       -1.24192325831866
H            4.21192608177698       -3.95082184012778       -0.52441804530157
H            2.08858295686016       -0.70934884082435        2.52906068288469
H            6.26527971899389       -4.33748867365762        0.12930435135689
H            7.58091975556234       -2.21952788591056       -0.05429085238625
H            7.00314571888413       -1.74657817259384        1.57709918263805
H            7.53749536281202       -4.57708628937762        2.88087295491980
H            8.15417644298859       -5.31552167620917        1.36472056709751
32
 energy: -62.219182939950 gnorm: 0.008451339242 xtb: 6.7.1 (edcfbbe)
N            0.97980318542969        0.49003811654802        0.23016783302226
C            0.84693245488636       -0.83328688723459        0.18132931513402
C           -0.33773868970003       -1.42244614114820       -0.26659401533484
C           -1.36338310755294       -0.55265312603155       -0.61930107012143
N           -1.20396757991453        0.76698258815365       -0.59962682508377
C           -0.03686419751656        1.21715102372648       -0.18924611843706
C           -2.73044645531350       -1.03215561637889       -1.01023254753924
O           -3.61039310962925       -0.33255748534995       -1.42672414743807
O           -2.87378358122715       -2.35099970665894       -0.82086165913423
C            2.00581141229832       -1.62543123249532        0.62607162080420
C            2.58931082454197       -2.56915612330889       -0.21027813801872
C            3.73257073519031       -3.24327581848681        0.18030821288934
C            4.28973802873912       -3.02611731487616        1.43699225276686
C            3.66435142034485       -2.10651220890548        2.29052558910284
C            2.55320020685742       -1.39663847575871        1.88425418818561
Cl           4.31953308006115       -1.85626146901379        3.86513747786652
O            5.38917944910195       -3.67429562886198        1.92126292904785
C            6.49832243549458       -3.84252586034700        1.08045444013901
C            7.39600852372998       -2.60050785569406        0.91474839200305
O            8.50292332392350       -3.29223893406604        1.49335424321574
C            7.70455562525802       -4.44201621887157        1.80845045602245
H           -0.46596740243777       -2.49204488409366       -0.29639771619829
H            0.10092089340259        2.29072721301595       -0.18351889474716
H           -3.77374464227103       -2.62712829445778       -1.06338115636990
H            2.17045744076487       -2.75087727396669       -1.18999559278990
H            4.18351034644385       -3.95212901041175       -0.49677367790601
H            2.11089030588474       -0.66351662279229        2.54037843034409
H            6.24525976966263       -4.34548099558558        0.14113260004794
H            7.59962338002369       -2.26658695327104       -0.10493588025953
H            7.07440752569793       -1.75644951053861        1.53456249606491
H            7.54486287898235       -4.53981583198244        2.88730165936313
H            8.12084551884159       -5.36264346085455        1.39653530335911
32
 energy: -62.219653129924 gnorm: 0.007987400336 xtb: 6.7.1 (edcfbbe)
N            0.94639447025668        0.49706158703226        0.28519972109560
C            0.82935656671308       -0.82839559906383        0.21462119279087
C           -0.34457087115814       -1.42235663054996       -0.25783004387848
C           -1.36875062095340       -0.55799975893897       -0.62864957726600
N           -1.22161022226042        0.76147285178288       -0.59179576945103
C           -0.06948439351287        1.21732391782222       -0.14372314676524
C           -2.71551701237668       -1.05229728932247       -1.06165196505227
O           -3.58767606598848       -0.36752393938336       -1.51489023919723
O           -2.85696190839263       -2.37274053730369       -0.87322119198659
C            1.99325456339220       -1.61508021177345        0.65628667526874
C            2.56216774069713       -2.57543671185322       -0.17084614669247
C            3.71487145000686       -3.23847582572200        0.20964850973001
C            4.29691177887743       -2.99487346930525        1.44967146940703
C            3.68536741326707       -2.05811155510867        2.29637081534227
C            2.56563989851035       -1.35749899422421        1.89770876832077
Cl           4.37097975478909       -1.77275141191397        3.85075094383741
O            5.40269486902561       -3.63300777063807        1.93240511609813
C            6.49931990969233       -3.84364348632359        1.07892918518842
C            7.42674350337834       -2.63147159716922        0.86999938424358
O            8.52492364290732       -3.34509560945031        1.43722060689240
C            7.69769522369716       -4.45423870393164        1.80978457071874
H           -0.46242587556203       -2.49353495809191       -0.29734474424361
H            0.05678189917976        2.29277153285188       -0.11985276345141
H           -3.74751854575085       -2.64569134897515       -1.14650940472195
H            2.12464105414821       -2.77741185113524       -1.13813754528384
H            4.15426611187898       -3.95628637872161       -0.46614709302577
H            2.13620356100260       -0.61017128417593        2.54558260657497
H            6.22000148608140       -4.36043047861906        0.15471863263921
H            7.62009657202434       -2.32179427298792       -0.15854323252742
H            7.14714248865744       -1.76773776425454        1.48199711520665
H            7.54233597092798       -4.49794864591101        2.89357899651554
H            8.08345558684295       -5.40747380463922        1.43976855367385
32
 energy: -62.220030333343 gnorm: 0.012506025813 xtb: 6.7.1 (edcfbbe)
N            0.91318087834204        0.50422444083380        0.34094653379223
C            0.81457487654883       -0.82208395400040        0.24584687804355
C           -0.34758335163158       -1.42149160952309       -0.24853206457457
C           -1.37247198886172       -0.56300643308427       -0.63103828599340
N           -1.23929279534282        0.75742364471774       -0.57714527858560
C           -0.10284282689567        1.21895447245424       -0.09636820229347
C           -2.69744892937990       -1.07311902206726       -1.11491277442573
O           -3.56178196652221       -0.40388115203618       -1.61527296092081
O           -2.83327232157092       -2.39520711813900       -0.91783259960873
C            1.98337629188002       -1.60235537697824        0.68333371203830
C            2.53740593469017       -2.58168025225544       -0.13302358651601
C            3.69738717242303       -3.23489528636421        0.24099232392521
C            4.30231229288475       -2.96391113751394        1.46447469137686
C            3.70611419686297       -2.00814878567095        2.30230318689178
C            2.58006129659448       -1.31515016392095        1.90816658794687
Cl           4.42403678171532       -1.68432337661756        3.83573603271683
O            5.41225997492414       -3.59357094479452        1.94608436644666
C            6.49331550480930       -3.84562580862682        1.07925485902469
C            7.45033439671956       -2.66362005594277        0.82804420999747
O            8.54334762302297       -3.39825438182873        1.38106292893344
C            7.69043409413351       -4.46468250676224        1.80927434783409
H           -0.45392334974332       -2.49333497674115       -0.30460594503228
H            0.00879695660406        2.29581090857903       -0.05137678047261
H           -3.71353356192931       -2.67074806605026       -1.22897900311619
H            2.08188389123132       -2.80738605265962       -1.08717820284247
H            4.12608792024869       -3.96589583341777       -0.42825447530247
H            2.16263961151436       -0.55291550082064        2.54631052143816
H            6.18551524858039       -4.37569145604879        0.17097166897481
H            7.62830547959029       -2.38004768616496       -0.21321103522112
H            7.21237727541931       -1.77938078380522        1.42958521948857
H            7.54830405233805       -4.46355291451682        2.89845066754831
H            8.04682934079879       -5.44330283023133        1.47199245848869
32
 energy: -62.219483768858 gnorm: 0.030460411827 xtb: 6.7.1 (edcfbbe)
N            0.87973102987526        0.52961553342560        0.38250122213931
C            0.81552781640809       -0.79627308135831        0.25249103909124
C           -0.33485670167091       -1.40749853828600       -0.25017366596132
C           -1.37373454662304       -0.56151675047838       -0.61492258955673
N           -1.26870812426567        0.76114309055995       -0.53293784396301
C           -0.15004262389180        1.23318514991202       -0.03888397503596
C           -2.66412448918183       -1.10849047931113       -1.12738540695567
O           -3.53522870516688       -0.47422602673660       -1.64172595304853
O           -2.76701346820476       -2.43813979722587       -0.93049468174960
C            1.99321135240225       -1.57188761488265        0.67115272033417
C            2.52837051913449       -2.56971293283461       -0.13513739343518
C            3.68281960785766       -3.22972952205039        0.23452732545335
C            4.30132527477410       -2.94797538961115        1.44099703637137
C            3.72910262846956       -1.96867275574297        2.26888381110297
C            2.60824918785324       -1.26733823374184        1.87772977445753
Cl           4.47397993397713       -1.61858474571730        3.77713941274925
O            5.39705529763200       -3.59769809321648        1.92101632256239
C            6.48184110148708       -3.85900651340102        1.07752894483956
C            7.44160382098292       -2.70310075428303        0.80870161183904
O            8.51707773478095       -3.44441230040534        1.37847323010686
C            7.66591287034001       -4.46200927773267        1.84473488677227
H           -0.41727591492921       -2.47973867040326       -0.33169570340373
H           -0.06779057448165        2.31180942781989        0.03428573364129
H           -3.63176477587951       -2.72529963770305       -1.25560936132455
H            2.05988795406216       -2.81057492299272       -1.07430066728757
H            4.09972436559728       -3.97731150373327       -0.42415389871584
H            2.20609257171909       -0.48885842215426        2.50420792088557
H            6.17511191361858       -4.39748192189630        0.18399638047879
H            7.62183989422480       -2.44320330449596       -0.23714049128571
H            7.22334053236961       -1.80712683059586        1.37895340281940
H            7.51174123565817       -4.42059270018001        2.92544458242197
H            8.02372328107006       -5.45014248054565        1.56689627365829
32
 energy: -62.220528722514 gnorm: 0.013319385242 xtb: 6.7.1 (edcfbbe)
N            0.87085374675628        0.52193896072396        0.40583722639904
C            0.80577501944204       -0.80312442240146        0.26905665807667
C           -0.33902849141603       -1.41568299067707       -0.25437042994803
C           -1.37478664226244       -0.57063069267677       -0.63299116249215
N           -1.27073868776682        0.75308337152067       -0.54497916984315
C           -0.15521083835192        1.22677311168835       -0.02646287297292
C           -2.66779222652055       -1.10734488620822       -1.15308750213583
O           -3.52751843204178       -0.46195132009095       -1.67455264328616
O           -2.77921775559581       -2.43384967522730       -0.96776267201615
C            1.98426193155539       -1.57235603903555        0.69255953763015
C            2.51810793018963       -2.57372265338533       -0.11164231053148
C            3.67859404611041       -3.22723535947909        0.25669681107588
C            4.30713960727888       -2.93001301456755        1.46040334671103
C            3.73745215970424       -1.94673147855866        2.28517555592174
C            2.60815948083411       -1.25691493698865        1.89619571879403
Cl           4.49122916891977       -1.58857980616916        3.79046282181930
O            5.40946544537416       -3.56589983901609        1.94350593008364
C            6.48037307212305       -3.85845223508607        1.08240293132810
C            7.46126291779149       -2.70840624805300        0.78521852728294
O            8.54428557910544       -3.45829464042305        1.33575958306167
C            7.66712139127407       -4.46852794897397        1.83505867711827
H           -0.42376991197141       -2.48689102746704       -0.33558194163259
H           -0.07208501347823        2.30473866571680        0.05310983317665
H           -3.64058460075006       -2.72954242827108       -1.29513474105212
H            2.04421459486831       -2.82234192436115       -1.04887350281943
H            4.09225090458524       -3.97972855283813       -0.39876655995029
H            2.20601049160087       -0.47669236238643        2.52157479225899
H            6.15849983334462       -4.41206822971705        0.19693256319385
H            7.62719345803151       -2.45512483028981       -0.26652849318600
H            7.26206766402203       -1.80210616212795        1.36412236751733
H            7.52933938529235       -4.40983862993167        2.92322690631837
H            7.99380477195034       -5.47533177524010        1.54853421409990
32
 energy: -62.220842343789 gnorm: 0.004505899170 xtb: 6.7.1 (edcfbbe)
N            0.86813175552885        0.52105340417843        0.40674652826064
C            0.80848861084100       -0.80194361173335        0.26504852308282
C           -0.33226528726985       -1.41547249220772       -0.26153239831120
C           -1.37432557345378       -0.57317172114280       -0.63192761089621
N           -1.27790870698323        0.74987628978746       -0.53532127745110
C           -0.16293426555900        1.22426421905611       -0.01851168784747
C           -2.66861754136974       -1.10787503469615       -1.15609276825932
O           -3.53071142562957       -0.45870667654788       -1.67655546479546
O           -2.77549980905927       -2.43515000944065       -0.97312036206473
C            1.98809468025322       -1.56717310669266        0.69020428618604
C            2.52243541379974       -2.57026634093734       -0.11073435788713
C            3.68161579386685       -3.22499015334597        0.26263435790518
C            4.30905983110074       -2.92486041494324        1.46710744296151
C            3.74021083632429       -1.93774991793694        2.28580402216542
C            2.61073124708195       -1.24983379892472        1.89396537790607
Cl           4.49245808675270       -1.57789281361589        3.79163567689308
O            5.41366540832656       -3.55777600887200        1.95233684330246
C            6.47758997342303       -3.86205438254811        1.08813377009409
C            7.45628123178260       -2.71336285479731        0.77980478323244
O            8.54033116467246       -3.46015601232146        1.33262669819430
C            7.66799352979734       -4.47326514336989        1.83232310707704
H           -0.41340777469179       -2.48595333458977       -0.34785235913027
H           -0.08534535468932        2.30073042369050        0.06829651161795
H           -3.63548430332758       -2.73695762388983       -1.30445724485096
H            2.04953050042134       -2.82022781161489       -1.04846069291362
H            4.09348881116391       -3.98206742937471       -0.38713519480585
H            2.20734491382609       -0.46826201319235        2.51695230696810
H            6.15307984172396       -4.42198213019686        0.20693067747868
H            7.61745791419893       -2.46376416503830       -0.27165326701103
H            7.25368834325332       -1.80613210241844        1.35694350470653
H            7.54597349544085       -4.41236596975589        2.91880707747506
H            7.98557865845256       -5.47736126256595        1.54215319071819
32
 energy: -62.221075600512 gnorm: 0.004783779667 xtb: 6.7.1 (edcfbbe)
N            0.86226834975345        0.52205714317982        0.41183773661719
C            0.81267342798447       -0.79878342423593        0.25858797531728
C           -0.32157592822712       -1.41526740687746       -0.27576059934997
C           -1.37320383595196       -0.57758877691243       -0.63178925349409
N           -1.29042502433480        0.74492698149190       -0.51659084948470
C           -0.17727221235149        1.22216916139263       -0.00043481318875
C           -2.66802493550623       -1.11164978742917       -1.16075729668981
O           -3.53074530839095       -0.45828591982878       -1.67814769562250
O           -2.76881355359074       -2.43950690022733       -0.98420684358323
C            1.99467175077870       -1.55846225051033        0.68600212777777
C            2.53038014069046       -2.56603197466647       -0.10810275661440
C            3.68710400661758       -3.22154081811535        0.27344933467561
C            4.31173452575015       -2.91562171844946        1.47869981732820
C            3.74300960046925       -1.92246372183696        2.28828051837605
C            2.61458181024931       -1.23654706040738        1.88997628642446
Cl           4.49339019750094       -1.55502089320765        3.79367158388174
O            5.41875737614016       -3.54418881897631        1.96787078266205
C            6.47059847923271       -3.86803205515301        1.09803118174836
C            7.44764459550082       -2.72341502579491        0.76888258939661
O            8.53526178726923       -3.46483068954755        1.32181305659105
C            7.66893357675979       -4.47920230787956        1.82945358823288
H           -0.39520930733203       -2.48494761951285       -0.37531510775754
H           -0.10887422748597        2.29722217801326        0.09871338581874
H           -3.62561773439168       -2.74989559398952       -1.32155044200430
H            2.06092921788463       -2.81865580322011       -1.04706873678481
H            4.09765899014517       -3.98535104176119       -0.36794699730575
H            2.20979921574792       -0.45121523386610        2.50750848766998
H            6.13809700571765       -4.43815628974040        0.22544331345332
H            7.59974495224075       -2.48200624578176       -0.28398916611378
H            7.24532118834138       -1.81253149861520        1.34152227553381
H            7.56961131888789       -4.41698974359639        2.91571881015450
H            7.97432055389969       -5.48103684393666        1.53129770633529
32
 energy: -62.221255146833 gnorm: 0.006224565087 xtb: 6.7.1 (edcfbbe)
N            0.85458047945439        0.52436099633217        0.42156748448773
C            0.81673888564873       -0.79480452639566        0.25252666789600
C           -0.31058156285513       -1.41471090783128       -0.29265091604771
C           -1.37171324659407       -0.58219304600972       -0.63269544962030
N           -1.30353357693588        0.73964442522927       -0.49536357250516
C           -0.19294393001544        1.22075149674389        0.02191937305963
C           -2.66509026188487       -1.11770660877944       -1.16707287212200
O           -3.52783439132976       -0.46146719970414       -1.68058282747240
O           -2.76076214592335       -2.44583073137424       -0.99710977343168
C            2.00128687912864       -1.54964988081305        0.68144574273164
C            2.53869048069011       -2.56264773063767       -0.10475998222333
C            3.69272501776135       -3.21797488249708        0.28513178196581
C            4.31422444099933       -2.90547098147987        1.49065624101581
C            3.74516949864900       -1.90575410498622        2.29125958516224
C            2.61846292704760       -1.22149161486115        1.88529226453832
Cl           4.49305299761012       -1.52800841878295        3.79583993255081
O            5.42245573514678       -3.53002894989891        1.98422860641028
C            6.46226609638236       -3.87335125506041        1.10865702922237
C            7.43903381889552       -2.73502798303499        0.75552002997479
O            8.53061667035758       -3.47164493221247        1.30678951891260
C            7.66898315488639       -4.48397575046863        1.82819169406362
H           -0.37471017100307       -2.48350890793073       -0.41003090357416
H           -0.13508262889414        2.29485929026957        0.13666565425933
H           -3.61444507704175       -2.76293815318795       -1.33808875219242
H            2.07336169339019       -2.81936335309974       -1.04470463887173
H            4.10298238710374       -3.98770082573662       -0.34888409794463
H            2.21259366168902       -0.43140223014712        2.49619064532394
H            6.11865704056622       -4.45367449076843        0.24666218109403
H            7.58076892673173       -2.50472842517429       -0.30077438546923
H            7.24193892429725       -1.81826112665853        1.32133808124631
H            7.58980721804488       -4.42157423206110        2.91544399117266
H            7.96503005799562       -5.48557495898119        1.52249166638818
32
 energy: -62.221446268524 gnorm: 0.005141123964 xtb: 6.7.1 (edcfbbe)
N            0.84423857307824        0.52702963430640        0.43782111457971
C            0.82059944074309       -0.79021181799462        0.24702194830764
C           -0.29871068319274       -1.41312085387348       -0.31321316009031
C           -1.36974250227643       -0.58663660727859       -0.63497355467801
N           -1.31743180873422        0.73364864734128       -0.47126492841776
C           -0.21085364887660        1.21894734889167        0.05072208379041
C           -2.66023129865946       -1.12544741208037       -1.17427252705110
O           -3.52266130463237       -0.46835238632755       -1.68511145594234
O           -2.75059761677651       -2.45392017641357       -1.01155680021125
C            2.00771876088547       -1.54071826507957        0.67629733755377
C            2.54679288548917       -2.55999048533209       -0.10092916078348
C            3.69828681625201       -3.21386073418108        0.29733040010747
C            4.31697367792425       -2.89388959611065        1.50237414825482
C            3.74726083728474       -1.88710161877009        2.29392369409327
C            2.62271180482383       -1.20448386807131        1.87935257392145
Cl           4.49176956665154       -1.49694060815537        3.79744824582425
O            5.42520696633946       -3.51479965244672        2.00077474802532
C            6.45328630885089       -3.87809978682369        1.11992470565353
C            7.43076879388785       -2.74871443531652        0.73948362168007
O            8.52616962019309       -3.48077051464228        1.28889500923730
C            7.66791758337475       -4.48746413648384        1.82894739046228
H           -0.35095970593923       -2.48040798656604       -0.45335621306794
H           -0.16434361722758        2.29204645990708        0.18343491899849
H           -3.60125743622033       -2.77597605417872       -1.35420817532454
H            2.08582665063110       -2.82268031313508       -1.04128972201145
H            4.10868598966428       -3.98889267974828       -0.33014871656355
H            2.21610375996926       -0.40867581762131        2.48237869938880
H            6.09588791767404       -4.46905456243561        0.27091588894791
H            7.56096790944243       -2.53367240938831       -0.32206497853983
H            7.24322266213201       -1.82328216914749        1.29482275611485
H            7.60630675827934       -4.42456842314566        2.91745036833292
H            7.95681633896369       -5.49078871969730        1.51816973940873
32
 energy: -62.221621723663 gnorm: 0.004045676391 xtb: 6.7.1 (edcfbbe)
N            0.83214102297085        0.52897653552218        0.45921462629543
C            0.82298095848477       -0.78574947203351        0.24440864764217
C           -0.28806720049792       -1.41007396568302       -0.33286001337585
C           -1.36814822642187       -0.58986749008211       -0.63729754249203
N           -1.33044640554111        0.72773408779154       -0.44797557218500
C           -0.22867029921659        1.21634356455123        0.08171963117247
C           -2.65361621929258       -1.13357458084651       -1.18288375507467
O           -3.51636244222432       -0.47839787910728       -1.69343099349730
O           -2.73891467866566       -2.46253532247348       -1.02548574984798
C            2.01245373184945       -1.53268920143773        0.67220096803238
C            2.55225967500720       -2.55763302701295       -0.09713117452989
C            3.70230502955947       -3.20905572480402        0.30731279562848
C            4.32001938421218       -2.88216360338616        1.51081562857474
C            3.75003240414194       -1.86914022545853        2.29501888700765
C            2.62719567883738       -1.18821033054540        1.87348079731809
Cl           4.49171183909993       -1.46757600499953        3.79708645446946
O            5.42721558447648       -3.50061120035865        2.01316817685117
C            6.44605751527614       -3.88211456593165        1.12893494486517
C            7.42497581435094       -2.76330841779923        0.72229615716443
O            8.52256622704046       -3.49101565542502        1.27278560812348
C            7.66554380335104       -4.48886822259982        1.83238934962052
H           -0.32780295132095       -2.47494558469480       -0.49648571997739
H           -0.19303957803888        2.28801431687576        0.23288233198029
H           -3.58711308973231       -2.78732172167521       -1.36873698021793
H            2.09418198539408       -2.82724260430022       -1.03678710045116
H            4.11254278899150       -3.98796154533534       -0.31573692351332
H            2.22048172522848       -0.38708256116984        2.46925153519071
H            6.07549242970205       -4.48328400035523        0.29342024809581
H            7.54568451349607       -2.56639062249510       -0.34489732468970
H            7.24811068535854       -1.82741073042650        1.26356575638895
H            7.61509911003712       -4.42177123502994        2.92148665500894
H            7.94985918408511       -5.49592300927275        1.52336965042335
32
 energy: -62.221784264916 gnorm: 0.004206824317 xtb: 6.7.1 (edcfbbe)
N            0.81945710457537        0.52979340700646        0.48262178214624
C            0.82341817849234       -0.78180948284526        0.24511642055661
C           -0.27990215126559       -1.40577511698980       -0.34848825041872
C           -1.36755559561690       -0.59140493848782       -0.63882202782184
N           -1.34228941858175        0.72273947694060       -0.42717033189704
C           -0.24552305826459        1.21316939891784        0.11214902078172
C           -2.64686950314297       -1.14069010708938       -1.19138215868985
O           -3.51021883695012       -0.49008137008887       -1.70553039600427
O           -2.72662643646702       -2.47053925574496       -1.03776035702082
C            2.01504892691838       -1.52585233201861        0.66987720406773
C            2.55438024399421       -2.55506306331416       -0.09392951586880
C            3.70441364482917       -3.20373842682985        0.31357632204796
C            4.32325465035889       -2.87135687677007        1.51477161755786
C            3.75384839875463       -1.85356623662795        2.29404520324610
C            2.63173821747004       -1.17436726107719        1.86857578001488
Cl           4.49465708727618       -1.44333264762323        3.79400820091408
O            5.42906910778563       -3.48838990690328        2.01965605023969
C            6.44163039117686       -3.88592942595728        1.13437029534494
C            7.42238454715295       -2.77805772022519        0.70513431771351
O            8.52018575566374       -3.50109811971390        1.26119140059166
C            7.66240567347314       -4.48820337004268        1.83857956593805
H           -0.30820679038402       -2.46751171546207       -0.53278328624191
H           -0.21904551386164        2.28292295498381        0.27941468044365
H           -3.57236074083635       -2.79692143165847       -1.38316274967237
H            2.09701191346856       -2.83123281388218       -1.03184896243428
H            4.11389585639368       -3.98505186812119       -0.30722849503804
H            2.22552724267672       -0.36917490387519        2.45893675764504
H            6.06077265815215       -4.49689169383089        0.31141288767905
H            7.53767069863337       -2.60026012928334       -0.36680250042629
H            7.25419205426976       -1.83138530877063        1.23000868566852
H            7.61641570886500       -4.41129428074742        2.92751051999722
H            7.94394998498912       -5.50049543386672        1.53905231894130
32
 energy: -62.221966786165 gnorm: 0.004586764157 xtb: 6.7.1 (edcfbbe)
N            0.80491661087237        0.52973604491999        0.50898148581682
C            0.82200804038782       -0.77787361663597        0.24869448538574
C           -0.27332908235812       -1.40021646477344       -0.36133680738066
C           -1.36823211955426       -0.59172546153848       -0.63920679521556
N           -1.35532739899179        0.71823368358500       -0.40557763757758
C           -0.26381731480815        1.20936638317269        0.14472649057573
C           -2.63937118056252       -1.14747555584146       -1.20195240050473
O           -3.50368186284842       -0.50361684609997       -1.72293114566916
O           -2.71313852865051       -2.47835618429266       -1.04965263881291
C            2.01616802681652       -1.51895832672898        0.66890565601942
C            2.55403126953529       -2.55141866557131       -0.09130706982136
C            3.70533299912582       -3.19729733742889        0.31666320703645
C            4.32702176070657       -2.86032647120066        1.51494121635138
C            3.75925090873578       -1.83855104567414        2.29088654525061
C            2.63680257729131       -1.16136304553505        1.86421580028135
Cl           4.50183464640588       -1.42142977848098        3.78763557926527
O            5.43150997954449       -3.47620727548379        2.02150976577379
C            6.43927866707908       -3.89077050854911        1.13729806827266
C            7.42247424978969       -2.79505624923465        0.68591734454069
O            8.51891183198595       -3.51185181541319        1.25287625249129
C            7.65882735857078       -4.48568892276922        1.84831811748873
H           -0.29027433355857       -2.45808431449145       -0.56560286998916
H           -0.24675227984888        2.27658450260655        0.32890463281310
H           -3.55594583071732       -2.80615430494003       -1.39961191099378
H            2.09538355380528       -2.83378038908620       -1.02659661701938
H            4.11347591961311       -3.98021909654519       -0.30322182403426
H            2.23159489751169       -0.35302644377605        2.45066336145034
H            6.05023149571762       -4.51308390257044        0.32733148504778
H            7.53589331101364       -2.63916131621083       -0.39009001377255
H            7.26074498369498       -1.83671614905204        1.19094852011675
H            7.61272439258768       -4.39159095947505        2.93639196126807
H            7.93818245110606       -5.50477016688394        1.56637775554680
32
 energy: -62.222188407001 gnorm: 0.004748710712 xtb: 6.7.1 (edcfbbe)
N            0.78641813959177        0.52898877958370        0.54068037256859
C            0.81862530519887       -0.77336096059983        0.25502754167950
C           -0.26742668152978       -1.39335876962654       -0.37308661548209
C           -1.37028793469772       -0.59147465908771       -0.63869255688429
N           -1.37213415625312        0.71334867230806       -0.37974487018116
C           -0.28706346785695        1.20449294236187        0.18418248057319
C           -2.63124337034776       -1.15447245157018       -1.21510143629448
O           -3.49544632427712       -0.51947808857911       -1.74798421238294
O           -2.69773994492331       -2.48660369722817       -1.06285370355863
C            2.01648884608838       -1.51051923014919        0.66892834810630
C            2.55234834132306       -2.54545430486714       -0.08920364492158
C            3.70602355244361       -3.18860558094558        0.31709292971166
C            4.33184355680862       -2.84735700288913        1.51195203230816
C            3.76689873235941       -1.82166363804074        2.28534719661864
C            2.64289266656913       -1.14711367657074        1.85994385412585
Cl           4.51468316424272       -1.39815049219684        3.77721303618833
O            5.43533819174202       -3.46155596031536        2.02009434106075
C            6.43808776548885       -3.89804970552641        1.13921084627538
C            7.42474182040315       -2.81727003914901        0.66180049586951
O            8.51864372997002       -3.52466159161817        1.24597646355868
C            7.65507127318099       -4.48134746362454        1.86286754857678
H           -0.27196365674695       -2.44646434605326       -0.59913836904051
H           -0.28108416161651        2.26820976408457        0.38775583805162
H           -3.53587301864813       -2.81687965189004       -1.42204228469400
H            2.09077785324250       -2.83359810598167       -1.02117877783944
H            4.11235954405113       -3.97289752653345       -0.30237945107859
H            2.23909982923182       -0.33616453033190        2.44356069712697
H            6.04184645866302       -4.53573305205084        0.34477040310787
H            7.53891794348258       -2.68899412453869       -0.41807470300477
H            7.26771322498148       -1.84529833123228        1.14161708160876
H            7.60648345846275       -4.36059844651135        2.94907607825581
H            7.93168931937022       -5.50876473062936        1.60748303999193
32
 energy: -62.222434489662 gnorm: 0.004880553431 xtb: 6.7.1 (edcfbbe)
N            0.76405884428369        0.52753006601945        0.57634536334972
C            0.81331418578179       -0.76833667955124        0.26401078857566
C           -0.26237007884173       -1.38608281717054       -0.38291905854909
C           -1.37369845475126       -0.59178174170373       -0.63701125703836
N           -1.39274720288134        0.70696129211331       -0.35034313296698
C           -0.31529565244266        1.19800745064745        0.22885913181877
C           -2.62219330259603       -1.16197701440271       -1.23238364879863
O           -3.48409351880427       -0.53603503501847       -1.78073442256445
O           -2.68218038894129       -2.49491183607085       -1.07759438993946
C            2.01651134591977       -1.50005276534824        0.67010097348324
C            2.55067864486329       -2.53625643524391       -0.08760238786289
C            3.70743835155444       -3.17697865959642        0.31518173092838
C            4.33781107280349       -2.83198486795767        1.50657677894000
C            3.77660245116232       -1.80246256765712        2.27803673720472
C            2.64979661111222       -1.13119541159091        1.85622461971856
Cl           4.53307605301028       -1.37260946782938        3.76341918560155
O            5.44079630475071       -3.44380833481326        2.01646949417689
C            6.43725689501768       -3.90795492697238        1.14130962146397
C            7.42841203207531       -2.84522104127407        0.63309213704590
O            8.51923112128685       -3.53973222491972        1.23918640862598
C            7.65158644695575       -4.47559779726394        1.88146620560875
H           -0.25397075843828       -2.43369123598862       -0.63182292613632
H           -0.32307570314883        2.25721999887409        0.45548385292450
H           -3.51374524537293       -2.82880071336769       -1.45007897958670
H            2.08529327807534       -2.82889191023904       -1.01621980254148
H            4.11197675662554       -3.96234935842436       -0.30406707911862
H            2.24757350455987       -0.31833006811815        2.43822723861417
H            6.03448641978353       -4.56498526381789        0.36540417284576
H            7.54469141986895       -2.74993780453823       -0.45018835365825
H            7.27473068365609       -1.85838643795693        1.08317994870555
H            7.60029058218092       -4.32054649385534        2.96423194748371
H            7.92448730088944       -5.51166989696260        1.65925910164740
32
 energy: -62.222690317360 gnorm: 0.005033863119 xtb: 6.7.1 (edcfbbe)
N            0.73851546562834        0.52532613586360        0.61436652482836
C            0.80645858512246       -0.76302441116432        0.27540592384933
C           -0.25825152955144       -1.37932145634631       -0.38991022875988
C           -1.37801181639221       -0.59364135788676       -0.63453151116901
N           -1.41620669679556        0.69807621100437       -0.31953512884907
C           -0.34802435230824        1.18935389326307        0.27699183499559
C           -2.61317752131891       -1.16980909476602       -1.25173771647332
O           -3.46888634824882       -0.55160364348699       -1.81929081305432
O           -2.66766874105031       -2.50327916587104       -1.09464835823933
C            2.01667519373394       -1.48748322417546        0.67269347386906
C            2.55027493253013       -2.52328465025563       -0.08626329303341
C            3.71045486773489       -3.16182144400545        0.31169445273279
C            4.34500461803557       -2.81391613039367        1.50002643467226
C            3.78789108937856       -1.78084757266749        2.27005727870801
C            2.65716386627115       -1.11352322670478        1.85370733551697
Cl           4.55559903915993       -1.34442222523491        3.74783710060601
O            5.44785104956276       -3.42296421345712        2.01183173762802
C            6.43595347592596       -3.91969628638096        1.14451663867149
C            7.43251290220580       -2.87841892523940        0.60131724257748
O            8.52018117183406       -3.55738757080197        1.23107642456978
C            7.64834384768416       -4.46920749196621        1.90206103450856
H           -0.23707808536996       -2.42092360626699       -0.66076557604790
H           -0.37091938016703        2.24287911092504        0.52667853380022
H           -3.49044770978818       -2.84193990638438       -1.48415194157931
H            2.08095827985495       -2.81870743216536       -1.01199947609892
H            4.11375193067558       -3.94764550904698       -0.30759313428541
H            2.25636259731557       -0.29960646781884        2.43531079466454
H            6.02646737085568       -4.59854908789521        0.39017031866073
H            7.55055975745509       -2.81997550719204       -0.48443922982709
H            7.28205430136135       -1.87656748194965        1.01867533423783
H            7.59616463531839       -4.27583447684258        2.97936615490490
H            7.91620320334486       -5.51308378468882        1.71618183341714
32
 energy: -62.222966850261 gnorm: 0.005313891245 xtb: 6.7.1 (edcfbbe)
N            0.70861696467893        0.52229633196943        0.65595656841975
C            0.79826768785768       -0.75711755885786        0.28946103745086
C           -0.25408634989520       -1.37346308386095       -0.39465615011010
C           -1.38301761471269       -0.59822552692372       -0.63121173260338
N           -1.44354189211621        0.68509757157795       -0.28651101673752
C           -0.38649052041185        1.17746798522755        0.32892329849798
C           -2.60244313966497       -1.17938706488742       -1.27604874046899
O           -3.44838914708043       -0.56639888723990       -1.86397632472263
O           -2.65350602531577       -2.51283955090757       -1.11646815639084
C            2.01752391208133       -1.47165226283490        0.67694239667146
C            2.55215835083524       -2.50531367753904       -0.08465328019007
C            3.71609385094568       -3.14140559656848        0.30763144059082
C            4.35416552290352       -2.79114818790405        1.49339052967636
C            3.80112087654638       -1.75464259503650        2.26204403345875
C            2.66532098701937       -1.09230152736249        1.85258594752300
Cl           4.58181837182681       -1.31062941892286        3.73120456148388
O            5.45708933021070       -3.39703402839666        2.00736836146663
C            6.43320943505385       -3.93299336830660        1.14990470331100
C            7.43638868767562       -2.91891091444171        0.56534999592068
O            8.52086598963270       -3.57991800926021        1.21934171000981
C            7.64469381441382       -4.46269359664849        1.92390848417307
H           -0.21880976082224       -2.40849640946265       -0.68788668155176
H           -0.42865558198679        2.22395097426167        0.60633908504664
H           -3.46574535673419       -2.85687244937525       -1.52449858277302
H            2.07921247687592       -2.80223798892458       -1.00808836810989
H            4.11903850749852       -3.92685924198352       -0.31206081538629
H            2.26551324288726       -0.27814398140675        2.43469757830075
H            6.01465944528877       -4.63601314513188        0.42191280608827
H            7.55407634083219       -2.90272614378529       -0.52187934977513
H            7.29113070416574       -1.90134023489852        0.94556576681107
H            7.59548545467977       -4.22725877547774        2.99322632692120
H            7.90496543482889       -5.51363963669034        1.77728456699996
32
 energy: -62.223292702654 gnorm: 0.006500881925 xtb: 6.7.1 (edcfbbe)
N            0.66981781938001        0.51802325695151        0.70733272378571
C            0.78768651041411       -0.74963236412405        0.30900582398357
C           -0.24916746995826       -1.36815325349413       -0.39640488854222
C           -1.38889511080242       -0.60701269442372       -0.62685340072083
N           -1.47828343238733        0.66511096133321       -0.24799058839925
C           -0.43704997336894        1.15983094700965        0.39271755023700
C           -2.58872304568432       -1.19238173809655       -1.30626334443411
O           -3.41884431086563       -0.58249531565182       -1.91975938900575
O           -2.63627856148858       -2.52603085875051       -1.14858838929491
C            2.01934275284762       -1.44963207909040        0.68454962784566
C            2.55731508648403       -2.47868973683385       -0.08155685545815
C            3.72591527920304       -3.11124162314339        0.30364805694684
C            4.36703258914199       -2.75906724574491        1.48717763261197
C            3.81793818111913       -1.71918499613966        2.25443630376224
C            2.67519291818915       -1.06379524773757        1.85398100050235
Cl           4.61391937375348       -1.26549754310738        3.71323783409929
O            5.47032829944435       -3.36112068777024        2.00331928144851
C            6.42760578017306       -3.94849940099124        1.15854040560328
C            7.43963083450722       -2.97321043796407        0.52022720797399
O            8.52064913647126       -3.61265336510833        1.19982959516333
C            7.63951151920099       -4.45604359771071        1.94767820654426
H           -0.19644665730782       -2.39514017379792       -0.71344235545131
H           -0.50232556260749        2.19610925400212        0.69832933240992
H           -3.43391466307426       -2.87716128088111       -1.58043988697298
H            2.08107947796538       -2.77606787740321       -1.00320114177756
H            4.12975865111925       -3.89492279366053       -0.31735355727825
H            2.27573490708235       -0.25043750686631        2.43765074070947
H            5.99404464970429       -4.67936959619662        0.46616008162107
H            7.55264248771920       -3.01030389258073       -0.56714407714518
H            7.30448545985040       -1.93755080688187        0.85374772540866
H            7.59962678436142       -4.17038646094593        3.00509920476866
H            7.88740028941142       -5.51424184419921        1.84742953905726
32
 energy: -62.223627531310 gnorm: 0.006591862638 xtb: 6.7.1 (edcfbbe)
N            0.63295309050568        0.51348763332676        0.75143147581685
C            0.77778378052664       -0.74237598131631        0.32952270988713
C           -0.24447529014405       -1.36604989736861       -0.39221233954268
C           -1.39355569574613       -0.61952294783250       -0.62223597670058
N           -1.51053786770278        0.64121234486958       -0.21764685333083
C           -0.48481991076703        1.13957736808779        0.44416656002119
C           -2.57345502627138       -1.20685854900027       -1.33653433615560
O           -3.38616883032809       -0.59520762014111       -1.96990627372889
O           -2.61953787203396       -2.54048180298835       -1.18457748773353
C            2.02213047948012       -1.42582222767560        0.69476368006494
C            2.56544116298616       -2.44841339779993       -0.07690543193756
C            3.73842588962688       -3.07686256012742        0.30168737828472
C            4.38092895519459       -2.72417446399424        1.48425096790630
C            3.83405442350814       -1.68229410621947        2.25070796066388
C            2.68424910893342       -1.03413817209450        1.85893079145456
Cl           4.64256786103296       -1.21937683629548        3.70051346291572
O            5.48509210056094       -3.32302953200467        2.00094906003648
C            6.41928292018722       -3.96061341841980        1.16839694483571
C            7.43991085610541       -3.02860859152630        0.47921201245905
O            8.51831141716520       -3.64995702033174        1.17631899824770
C            7.63330495364211       -4.45255521524470        1.96392707541876
H           -0.17487236519391       -2.38603496442896       -0.72634407582392
H           -0.57710314726276        2.16545822942945        0.78160100625804
H           -3.40268526733176       -2.89773306024295       -1.63689545670544
H            2.08759120564685       -2.74476690927423       -0.99807998396106
H            4.14464758569547       -3.85723645800697       -0.32168076146628
H            2.28404249776706       -0.22282629765716        2.44516989243334
H            5.96630814995232       -4.71222223952693        0.51230253137727
H            7.54285575954868       -3.11492146586797       -0.60524050372387
H            7.31894860251573       -1.97909950177199        0.76912446503657
H            7.60919814541638       -4.12441130461544        3.00751484943396
H            7.86591232678181       -5.51499103393960        1.90286765826080
32
 energy: -62.223956859707 gnorm: 0.008825943559 xtb: 6.7.1 (edcfbbe)
N            0.59392522570157        0.50868121677696        0.79948857493651
C            0.77021813476011       -0.73509853341250        0.34763797739274
C           -0.23610966847007       -1.36649809891536       -0.39163463729028
C           -1.39604075652569       -0.63510167610751       -0.61910068377355
N           -1.54453046240275        0.61427699729752       -0.18383018496933
C           -0.53741660855802        1.11703366721260        0.50357872912091
C           -2.55586368647951       -1.22291770128868       -1.36608789953289
O           -3.35177454831572       -0.60573248955503       -2.01327952507393
O           -2.60003641062350       -2.55693036752719       -1.22576037434813
C            2.02677186343392       -1.40054800285879        0.70423899317661
C            2.57846620973200       -2.41542466742129       -0.07220782454345
C            3.75568883282119       -3.03770319707841        0.30260701610418
C            4.39713737319365       -2.68379948845718        1.48553232316452
C            3.84823434387196       -1.64214758321800        2.25078652238506
C            2.69137148172550       -1.00311211890417        1.86506419854604
Cl           4.66264201412591       -1.17005150798676        3.69451369198839
O            5.50335486846903       -3.27706226995889        2.00286002860481
C            6.40795038358653       -3.96910402351183        1.18162466036779
C            7.43585584429183       -3.08788595017545        0.43476519483171
O            8.51264188012472       -3.69382993947452        1.14495161272776
C            7.62579041511044       -4.45000658946748        1.97762856970220
H           -0.14643143905657       -2.38035482197375       -0.74419626842735
H           -0.65131981788397        2.13048588214838        0.85756139444426
H           -3.36894304897440       -2.91926242886101       -1.69575780516213
H            2.10199642122846       -2.71146322991781       -0.99423134391517
H            4.16663718825330       -3.81314390083090       -0.32375925745937
H            2.28797761183703       -0.19487870230502        2.45346319464021
H            5.92715532644192       -4.74045629978652        0.56781118741666
H            7.52089141733939       -3.22850287736129       -0.64681656075065
H            7.33666485657363       -2.02237656402912        0.67644953863575
H            7.62591660919139       -4.07973340322472        3.00669629379743
H            7.83790814547437       -5.51820132982606        1.95450266326566
32
 energy: -62.224233277781 gnorm: 0.011828816331 xtb: 6.7.1 (edcfbbe)
N            0.56859585294739        0.50331656710746        0.82306099847225
C            0.76556806800100       -0.73068725143370        0.36551139465352
C           -0.23139703927047       -1.37399816054344       -0.37527928033385
C           -1.39492545322268       -0.65494118784692       -0.61472037494119
N           -1.56300493896085        0.58487298192992       -0.17619281181385
C           -0.57137996415415        1.09289155666346        0.52634153525224
C           -2.53922264512370       -1.23758291676654       -1.38352016884893
O           -3.31518872998071       -0.60813032179130       -2.04087345395576
O           -2.58394818254588       -2.57210735943753       -1.26334924815244
C            2.03154986774197       -1.37841326071665        0.71817847257842
C            2.59567275506280       -2.38187545444970       -0.06479920949779
C            3.77708428337069       -2.99545164287020        0.30792158965031
C            4.41352678872592       -2.64336917845823        1.49419934688261
C            3.85599100999341       -1.60820434301739        2.26174509163854
C            2.69301181840870       -0.97826054203823        1.87929313944088
Cl           4.66512091493932       -1.13169342365188        3.70589683702465
O            5.52410617556533       -3.23070281637139        2.00762480911196
C            6.39278885970025       -3.96587002459874        1.19451893694830
C            7.42301753576583       -3.13893969141108        0.40235691514336
O            8.50156841953616       -3.74120390557067        1.10611248365139
C            7.61781163327131       -4.45257873293741        1.97381945778836
H           -0.12831648546740       -2.38507207930447       -0.72471180490893
H           -0.70606876234772        2.09498472393681        0.89219241338427
H           -3.33761576971417       -2.93756209546143       -1.75162898678260
H            2.12540869907216       -2.67471717562081       -0.99094838262136
H            4.19682026825726       -3.76125412360012       -0.32493871197445
H            2.28293787895578       -0.17671335462103        2.47220593707771
H            5.87637929269978       -4.73864277007615        0.62013465218517
H            7.47871459173460       -3.31809791760032       -0.67064601781772
H            7.35322744323850       -2.06790725376852        0.60743691010261
H            7.65303276352161       -4.06045543360417        2.98806298555175
H            7.80586305027541       -5.52248341206951        1.97009454511362
32
 energy: -62.224556335272 gnorm: 0.014756037969 xtb: 6.7.1 (edcfbbe)
N            0.53484779247464        0.49695621807461        0.86449829251600
C            0.76046613425995       -0.72469532157756        0.38091548824298
C           -0.22128130019131       -1.37578834327666       -0.37637000427004
C           -1.39468578504681       -0.67172306054251       -0.61277813579934
N           -1.59086044175738        0.55648440557214       -0.14844044327644
C           -0.61510700417375        1.06871680140280        0.57307199186334
C           -2.51877195817188       -1.25474376281202       -1.41141986553414
O           -3.27790746539215       -0.62106060891588       -2.08697988438725
O           -2.56243075526714       -2.58906832477737       -1.30062073859961
C            2.03652907696434       -1.35491293287578        0.72653710964046
C            2.61236167799862       -2.35006371364374       -0.05912568684352
C            3.79993281513835       -2.95183633269582        0.31272583031557
C            4.43255341809630       -2.59634064116950        1.50047928289322
C            3.86555898119112       -1.56641198408674        2.26809397023209
C            2.69608832520458       -0.94814175912834        1.88675146034505
Cl           4.66996376564145       -1.08219577530313        3.71156981444628
O            5.54808634815265       -3.17183077297129        2.01425040204963
C            6.37932061781560       -3.96863200814766        1.21115654410139
C            7.41226993442876       -3.20250159417992        0.34851000408007
O            8.49182797486445       -3.79314343957518        1.06226511970107
C            7.61031316514878       -4.44881192781640        1.98688489287640
H           -0.09713600650847       -2.38093030607386       -0.74254468538521
H           -0.78847693228975        2.06036878198980        0.99339129380771
H           -3.30018439428986       -2.95793360326487       -1.81195496314612
H            2.14753950931890       -2.64514709293464       -0.98733557745058
H            4.22836543448549       -3.70918248338175       -0.32501498406545
H            2.27825515964762       -0.15176667350844        2.48106386820500
H            5.82464516445788       -4.76120253801856        0.68824434330853
H            7.43991212896084       -3.44250311174553       -0.72187549218691
H            7.37341505593628       -2.11249174117257        0.49722998491844
H            7.67847862310913       -4.01101189502646        2.98775032102986
H            7.77284093978993       -5.52930445841716        2.02417044637479
32
 energy: -62.224859809727 gnorm: 0.008015276294 xtb: 6.7.1 (edcfbbe)
N            0.52638199746486        0.49777198489103        0.87608985687389
C            0.75942270791173       -0.72167055282226        0.38571788779574
C           -0.21794920534276       -1.37593676942190       -0.37590188474732
C           -1.39503300081751       -0.67625763593589       -0.60994442400244
N           -1.60014782205418        0.55093251234942       -0.13490418733400
C           -0.62853503328023        1.06502520805762        0.59190594635991
C           -2.50956696771716       -1.26417677529816       -1.42363408529275
O           -3.26952588644704       -0.63298786365002       -2.10054833941542
O           -2.55344915315863       -2.59731850511595       -1.30643447198822
C            2.03884367757172       -1.34707714084605        0.72796869325648
C            2.61826160807409       -2.33916412944437       -0.05833971345641
C            3.80844117741991       -2.93600666251858        0.31346569523572
C            4.43885500061722       -2.58110715273637        1.50231078135255
C            3.86776232231224       -1.55430307774894        2.27192467796611
C            2.69700761515908       -0.93927646542985        1.88906677525997
Cl           4.66828226086400       -1.06826873833316        3.71713847911714
O            5.55575634512783       -3.15451266541440        2.01380966455861
C            6.37546130079939       -3.96757601919887        1.21411983633551
C            7.40402278421486       -3.21990483711270        0.33726319074697
O            8.48482729200462       -3.80988849911368        1.05469082840171
C            7.60773914664746       -4.45271886086939        1.98597109463568
H           -0.08635120564284       -2.38028580056211       -0.74738300303830
H           -0.80007269535002        2.05360407407655        1.00087244548440
H           -3.28836897449739       -2.96497190732167       -1.82231499827874
H            2.15432427758883       -2.63742648805544       -0.98595433728765
H            4.23981998114985       -3.69002883420055       -0.32601499182309
H            2.27558124548802       -0.14501797152777        2.48360400161092
H            5.81139784801802       -4.75679135642591        0.70369310287507
H            7.42407413211239       -3.46863393336860       -0.72822052686325
H            7.36939550199965       -2.13178272608352        0.47327141905099
H            7.68368160857306       -4.01225526281506        2.98329315259576
H            7.76639011318603       -5.53283714800350        2.02851743401778
32
 energy: -62.225134766101 gnorm: 0.010429507140 xtb: 6.7.1 (edcfbbe)
N            0.51050395857256        0.49417578790442        0.89560763441150
C            0.75419142130388       -0.71908987342194        0.40133369936853
C           -0.21615788160372       -1.37779093312076       -0.36531743807800
C           -1.39551920470359       -0.68641491612125       -0.60535984677251
N           -1.61123866798975        0.53508054833823       -0.12628953843696
C           -0.64940003998248        1.05102311575497        0.61344786907954
C           -2.49519382010629       -1.27755877866785       -1.43708243257221
O           -3.24593193401361       -0.65086855027655       -2.13128853039220
O           -2.53451580023893       -2.61150299805097       -1.32529946194703
C            2.03991057240026       -1.33346485928607        0.73908060486174
C            2.63018065701461       -2.31465805040407       -0.05236086849951
C            3.82701366055529       -2.90045540341327        0.31726536855744
C            4.45183524559216       -2.54832318014023        1.50970274110404
C            3.87061185890988       -1.53063530988157        2.28457613650724
C            2.69470497066325       -0.92477144936074        1.90217799755247
Cl           4.66360351715563       -1.04501783838668        3.73390177520927
O            5.57453384732434       -3.11318941830848        2.01633624409971
C            6.36485266395822       -3.96240163220582        1.22395760954211
C            7.38805029260946       -3.25953623906682        0.30694211051339
O            8.47391259005281       -3.84946222271186        1.01908858119399
C            7.60322116358310       -4.45303198396935        1.98352621597219
H           -0.07635141246217       -2.37884901715343       -0.73472991979981
H           -0.82563367684436        2.03183690280209        1.01633186278774
H           -3.25697344729617       -2.97913987321255       -1.86311468791549
H            2.17108166047230       -2.61339040844815       -0.98201038453402
H            4.26811576927214       -3.64304085001268       -0.32900898857192
H            2.26451211557885       -0.13756226858530        2.49986336114717
H            5.77358934956060       -4.75415711186422        0.74852068596269
H            7.38321422682991       -3.53942188839578       -0.75123059780384
H            7.37762846472204       -2.16836376684534        0.41089449409665
H            7.70637029220625       -3.99513338345804        2.97240864261403
H            7.74200758690050       -5.53573415003005        2.04322906074542
32
 energy: -62.225323290293 gnorm: 0.012093144107 xtb: 6.7.1 (edcfbbe)
N            0.51420639782024        0.49477222242455        0.89055008362683
C            0.75844088147511       -0.71877240269462        0.39968064307983
C           -0.20765088693004       -1.38014981467075       -0.37109606325610
C           -1.38838917017532       -0.69235335675295       -0.61189917376639
N           -1.60550360027518        0.52990123299206       -0.13392945684892
C           -0.64506558933780        1.04746626872781        0.60506699623507
C           -2.47964175842664       -1.29257633699869       -1.43686626140716
O           -3.24170988037233       -0.68142432997418       -2.12916449159446
O           -2.50511200448150       -2.62900593354916       -1.32741534052169
C            2.04239049546577       -1.32813494155603        0.74340450332430
C            2.64708374794560       -2.29748888767759       -0.04847730206476
C            3.85117722362919       -2.86673922938498        0.32654338581073
C            4.46314264609078       -2.51828099560694        1.52660663744793
C            3.86041347840992       -1.51797391994943        2.30986395751226
C            2.68268578865418       -0.92295188680863        1.91691948499711
Cl           4.62728948825678       -1.04018604995356        3.77588062042148
O            5.59684673672308       -3.06776726819237        2.02469617800325
C            6.35231770513657       -3.94172101684806        1.23750546406141
C            7.35411448377217       -3.28543761325627        0.28742383868531
O            8.45213046186598       -3.89025870297124        0.97864641450722
C            7.60003646668742       -4.45721548888842        1.96706120836737
H           -0.06245959744044       -2.38148369731044       -0.73323545539974
H           -0.83038358484947        2.02763182599616        1.02055005338257
H           -3.22497043176709       -2.98742055251753       -1.86846743696130
H            2.19848472733487       -2.60121833592028       -0.98137141599207
H            4.30785504105196       -3.59297825000432       -0.32711937223301
H            2.23602245252584       -0.14535990171528        2.51531675969473
H            5.72981477381577       -4.72205489944857        0.79812252400956
H            7.31261388633007       -3.58394969336914       -0.75946403303423
H            7.37587436906215       -2.19886350437810        0.36484196637544
H            7.74024468005549       -4.00935755256206        2.95236854806705
H            7.71443057194375       -5.53949698718114        2.02255653547376
32
 energy: -62.225597061903 gnorm: 0.012020342308 xtb: 6.7.1 (edcfbbe)
N            0.48398750920401        0.49106079755045        0.92444105308636
C            0.75389835972465       -0.71248025833278        0.41522301371588
C           -0.19831049226566       -1.38088955283197       -0.36756867704191
C           -1.38838029709526       -0.70762159326078       -0.60903622722796
N           -1.63115824321543        0.50466514312159       -0.11229437870480
C           -0.68535736969033        1.02684612714007        0.64285315131219
C           -2.45831635674081       -1.31208759961679       -1.46196966573032
O           -3.21120057203543       -0.70185503082615       -2.16303292972735
O           -2.47553460633632       -2.65017618567857       -1.36460241858978
C            2.04725667051739       -1.30472712536902        0.75574366384174
C            2.66624213604325       -2.26169623060806       -0.04130631467301
C            3.87636082254265       -2.81892938561711        0.33251558976639
C            4.48153257301102       -2.47027823375500        1.53610347940498
C            3.86592514992736       -1.48036078947118        2.32302539282127
C            2.68147040370882       -0.89777359333430        1.93205899379754
Cl           4.62530710048107       -1.00175343845356        3.79241085701083
O            5.62253707655960       -3.00676748082587        2.03133618794646
C            6.33669947690607       -3.93909548209692        1.25661182412862
C            7.33683631118943       -3.34817577510788        0.23923951161836
O            8.43809297056496       -3.94583669320684        0.93007448264838
C            7.59315981104057       -4.45569904240604        1.96930241598732
H           -0.03188295168369       -2.37748992490963       -0.74725411197129
H           -0.89439414949883        1.99686329253336        1.07945863267248
H           -3.18226477827662       -3.00999909740967       -1.92022582815644
H            2.22469925849439       -2.56475109785727       -0.97782237619454
H            4.34446558995363       -3.53351182668703       -0.32695305245288
H            2.22372534215904       -0.12918708104680        2.53439984928927
H            5.67600644700110       -4.72964570590376        0.86977381093648
H            7.26152988524638       -3.69880103350217       -0.79818435420818
H            7.39281247368563       -2.25132719523669        0.26485911484081
H            7.77334995762148       -3.97656270147361        2.93857869782826
H            7.67763449125252       -5.54280620552028        2.05734061202841
32
 energy: -62.225750861802 gnorm: 0.006269055562 xtb: 6.7.1 (edcfbbe)
N            0.48366414968601        0.49404259378258        0.92420094817800
C            0.75227208253071       -0.71132046734744        0.41941548273842
C           -0.20170341263197       -1.37816396497702       -0.35956746973461
C           -1.39076785742376       -0.70461617695142       -0.60463427398366
N           -1.63016915037447        0.50802535077063       -0.11725882111134
C           -0.68344357208342        1.03126805157024        0.63647792255700
C           -2.46238345277746       -1.31075508835036       -1.45589673928912
O           -3.21304842558124       -0.70465359756314       -2.16725908340560
O           -2.47578220418222       -2.64946431035419       -1.35719795903806
C            2.04672551505839       -1.30511785438701        0.75895996043726
C            2.66354578501005       -2.26017053614321       -0.04238930570823
C            3.87221976656479       -2.82141087279094        0.32660393838652
C            4.48011578369093       -2.47601056972737        1.52895418789648
C            3.86836317012712       -1.48722841375670        2.31893307371546
C            2.68353630937772       -0.90192366694233        1.93452647828292
Cl           4.63384550868371       -1.01409444473065        3.78683964109926
O            5.61829908625454       -3.01916444895004        2.02237682202327
C            6.33989616391669       -3.94321697496403        1.25194050176658
C            7.33874045091296       -3.34445413187090        0.24243103868627
O            8.43661629507256       -3.93827798161017        0.93836211085575
C            7.59241737303356       -4.45370317341417        1.97266484545213
H           -0.03777239890769       -2.37424448410669       -0.74042698853865
H           -0.88826090606373        2.00322900424094        1.06403324739366
H           -3.17922622560118       -3.01503432220168       -1.92028914939184
H            2.21998517217733       -2.55743070962642       -0.97949339637585
H            4.33785088545012       -3.53654401672434       -0.33298184670379
H            2.22814953194056       -0.13526070550874        2.54037122583369
H            5.69135190017876       -4.73141375678115        0.85848960457375
H            7.27028493545411       -3.69040971184092       -0.79356958250205
H            7.38485298278085       -2.25041538716646        0.27137805443973
H            7.76486361560820       -3.97119517111479        2.94039677539668
H            7.68169114211410       -5.54172006046236        2.06870875607355
32
 energy: -62.225898030336 gnorm: 0.005866153938 xtb: 6.7.1 (edcfbbe)
N            0.47316350721348        0.49473898562692        0.93407689252462
C            0.75018653405849       -0.70813683590794        0.42935996732470
C           -0.19561118197518       -1.37821455229827       -0.35784997472264
C           -1.38694595837815       -0.71140235916372       -0.60888103194768
N           -1.63605320230257        0.49841921598202       -0.11863374271948
C           -0.69565907881101        1.02548718467007        0.64178740738050
C           -2.44998813887028       -1.32308413106209       -1.46530373042297
O           -3.20273494967673       -0.72186159220498       -2.17622810178383
O           -2.45300326311125       -2.66285270957384       -1.36962247781926
C            2.04817187729000       -1.29451533056319        0.76983054575151
C            2.67348783914597       -2.23801064423936       -0.03898823334885
C            3.88505156397872       -2.79435973384526        0.32694660660162
C            4.48886256001855       -2.45407606458050        1.53271340557595
C            3.87033993157704       -1.47464815396151        2.32899477190290
C            2.68101021204954       -0.89520112983004        1.94888692102622
Cl           4.63199451155897       -1.00768403104283        3.80122332276408
O            5.63113875654104       -2.99419251838506        2.02000434540186
C            6.33116399716266       -3.93968425638836        1.25756001559351
C            7.32165675894042       -3.37244681012691        0.22536270876468
O            8.42237077443682       -3.96371222876632        0.91750529721439
C            7.58792774912154       -4.45368573274886        1.96760237618349
H           -0.03007678086510       -2.37082458430536       -0.73097990856691
H           -0.90647322634553        1.99506677821545        1.06779751446872
H           -3.15165446866223       -3.03062186303100       -1.93371117224957
H            2.23398981254454       -2.52933302744070       -0.97984851978981
H            4.35790817842613       -3.50023230697394       -0.33745154769602
H            2.21919759033599       -0.13674727601431        2.56025664467917
H            5.66626541066449       -4.72838691115200        0.89017271893780
H            7.23409870500672       -3.73839906285343       -0.80167330034379
H            7.37909721444234       -2.28069327897815        0.23161881055416
H            7.78194251588994       -3.96226815286371        2.92592468796953
H            7.66590424859119       -5.53928688619313        2.07664678079499
32
 energy: -62.226017135928 gnorm: 0.002377576527 xtb: 6.7.1 (edcfbbe)
N            0.47172450996195        0.49250198349898        0.93702445411959
C            0.74962200799706       -0.70980561962952        0.43093798891067
C           -0.19319765711792       -1.37776256531962       -0.36003410528528
C           -1.38523050042792       -0.71065041122003       -0.60950619249872
N           -1.63560118594894        0.49903969267997       -0.11779969488024
C           -0.69556603892258        1.02615673986312        0.64223393891430
C           -2.44805144298696       -1.32234723293849       -1.46746170159548
O           -3.20695160413020       -0.71987523371330       -2.17180461040501
O           -2.44860106555853       -2.66174765282712       -1.37271871827336
C            2.04681266781204       -1.29653118034541        0.77190111387668
C            2.67256957565096       -2.23761927022801       -0.03906566336697
C            3.88431054676740       -2.79450741676865        0.32647429201977
C            4.48853879604390       -2.45424880826096        1.53271522495303
C            3.86924724825829       -1.47734797619025        2.33036641451408
C            2.67874996340858       -0.89921836044696        1.95209959042850
Cl           4.63126707750134       -1.01362700286215        3.80363782658429
O            5.63245910934430       -2.99163167689094        2.01982914150103
C            6.33097348911451       -3.93967254327436        1.25951861814126
C            7.31890210008413       -3.37831758208924        0.22143888176645
O            8.42141283436557       -3.96748915013079        0.91120264348776
C            7.59083215625160       -4.44647759422222        1.96927152129129
H           -0.02380094025811       -2.36924932713285       -0.74177087553241
H           -0.90498345241167        1.99925566235816        1.06570021878675
H           -3.15078350583256       -3.03120906619181       -1.93197420783393
H            2.23289604961800       -2.52589592409640       -0.98114505284347
H            4.35776725368469       -3.49946787927904       -0.33818130369316
H            2.21613722431227       -0.14339202624285        2.56580718998411
H            5.66558068291345       -4.72999237995669        0.89708672877560
H            7.22565801698434       -3.75077854061283       -0.80169422516293
H            7.37628660654970       -2.28586328728760        0.22155003634367
H            7.79087703682104       -3.94337097025539        2.91867887424614
H            7.66687244014683       -5.52970739998706        2.09078165272957
32
 energy: -62.226183845135 gnorm: 0.004091878129 xtb: 6.7.1 (edcfbbe)
N            0.46942422956022        0.48729570774763        0.94341668059231
C            0.74846337568257       -0.71322771574503        0.43329496177666
C           -0.18845371092293       -1.37447583088692       -0.36819898826751
C           -1.38190027177682       -0.70715720328741       -0.61296795563836
N           -1.63345604162087        0.50162997961282       -0.11770230259231
C           -0.69362566010693        1.02776794650690        0.64198003380707
C           -2.44962304859536       -1.31967153991213       -1.46648319609719
O           -3.22006803666984       -0.71582444225092       -2.15819799214766
O           -2.43646851930247       -2.65871933167882       -1.38206533387653
C            2.04335896315137       -1.30192288381734        0.77742654164225
C            2.67144285491914       -2.23759946931699       -0.03791122692978
C            3.88375904841787       -2.79460728369268        0.32635424731297
C            4.48762030188723       -2.45442496543119        1.53362793570506
C            3.86477902423192       -1.48469017036272        2.33556053522748
C            2.67171558295567       -0.90959775189636        1.96106825232565
Cl           4.62751922900893       -1.02711148821648        3.81087050563356
O            5.63642915709852       -2.98372557009167        2.01907715367980
C            6.33155654085842       -3.93884124451680        1.26519637118798
C            7.31069289869369       -3.39434826551850        0.20879016353236
O            8.41789962649870       -3.97825857522491        0.89291042890510
C            7.59914412718644       -4.42858225575136        1.97363274717280
H           -0.01317508908439       -2.36227920653136       -0.76628947401693
H           -0.89971823968505        2.00627886954342        1.06109842568121
H           -3.14334952789270       -3.03296990016843       -1.93331040701011
H            2.23213689395031       -2.51966693245022       -0.98248477262768
H            4.35938256567339       -3.49713889350581       -0.33902424250610
H            2.20641006029448       -0.16008001903345        2.58007316243568
H            5.66554432737774       -4.73533159303054        0.91837379534808
H            7.20343467427000       -3.78228577117304       -0.80606072491216
H            7.37002113803355       -2.30100383950778        0.19296766608658
H            7.81196938273399       -3.89365944674937        2.90163588124915
H            7.67386414316976       -5.50662091366289        2.12844112732410
32
 energy: -62.226307990406 gnorm: 0.005634078648 xtb: 6.7.1 (edcfbbe)
N            0.46827338058625        0.48300450327262        0.94855297480880
C            0.74814454064926       -0.71526778822354        0.43361726556075
C           -0.18456766615125       -1.36994741806483       -0.37767863735973
C           -1.37963167179676       -0.70374274897570       -0.61690762528777
N           -1.63142675362627        0.50368324272684       -0.11805686626113
C           -0.69114228757846        1.02857389063263        0.64154860656821
C           -2.45044112045277       -1.31661993582032       -1.46738059185442
O           -3.23434034264118       -0.71143529527166       -2.14308274180942
O           -2.42549627669000       -2.65559832468405       -1.39363577984910
C            2.04045369345626       -1.30696369669215        0.78247231158693
C            2.67173399913431       -2.23837951537505       -0.03558266718173
C            3.88482093399421       -2.79421475533634        0.32767608618786
C            4.48719261027986       -2.45377173584503        1.53565225156745
C            3.85936927074804       -1.49132130253504        2.34204616933241
C            2.66416174027199       -0.91921471930413        1.96993466078159
Cl           4.62098112963072       -1.03847587085037        3.81974988349396
O            5.64131946997040       -2.97442851866353        2.01812878836194
C            6.33261512164168       -3.93771198847660        1.27168803519843
C            7.30073846830001       -3.41195093722744        0.19448288963030
O            8.41374440617873       -3.99114901047881        0.87203867182499
C            7.60865475170489       -4.41025799680679        1.97734865488606
H           -0.00684548343816       -2.35387994126058       -0.78568176297744
H           -0.89455093028923        2.00913268042965        1.05845819420366
H           -3.13672123795130       -3.03314254223505       -1.93737904489393
H            2.23352437258209       -2.51660238967186       -0.98183234330142
H            4.36339197833426       -3.49412855515247       -0.33839103185850
H            2.19517630094450       -0.17570187007661        2.59333035674997
H            5.66620329298064       -4.74224113541610        0.94370796446956
H            7.17832850658104       -3.81423102227603       -0.81316034905767
H            7.36410018309395       -2.31871705552706        0.16236400199648
H            7.83350214596845       -3.84323389543773        2.88443405220269
H            7.68546347358044       -5.48291435137727        2.16663762228373
32
 energy: -62.226437886542 gnorm: 0.005205712467 xtb: 6.7.1 (edcfbbe)
N            0.46852438351980        0.47908701532576        0.95229236147174
C            0.74820256875708       -0.71710410819298        0.43264712436037
C           -0.18185206936679       -1.36487645370936       -0.38775466943092
C           -1.37810299067468       -0.69942145602761       -0.62174546817554
N           -1.62866570937585        0.50658964583346       -0.11952420546152
C           -0.68758904482092        1.02897974549925        0.64097277040239
C           -2.45377268060566       -1.31249166112513       -1.46612443978170
O           -3.25099410363653       -0.70683429635928       -2.12509807281779
O           -2.41410603699434       -2.65197904544706       -1.40849948756551
C            2.03790975413466       -1.31235224871827        0.78674087453373
C            2.67349839925192       -2.24010693434954       -0.03253442180661
C            3.88775484705352       -2.79322446651460        0.33053118069797
C            4.48744371518684       -2.45206195727019        1.53916948860902
C            3.85269441375473       -1.49765679113596        2.35010902211192
C            2.65577014973769       -0.92886692529872        1.97856453887318
Cl           4.60991257901206       -1.04926393869041        3.83160085040484
O            5.64763900986232       -2.96279513861060        2.01741642101408
C            6.33412695606848       -3.93618311633958        1.28025917190591
C            7.28727673837326       -3.43308875612878        0.17800818164612
O            8.40823522799885       -4.00718846087857        0.84703645962525
C            7.62063854488688       -4.38923753775011        1.98018583368363
H           -0.00410884598439       -2.34476603675158       -0.80166720441526
H           -0.88833284736364        2.00933225320789        1.05732077067751
H           -3.12739511417214       -3.03175403377131       -1.94743451584072
H            2.23735882730156       -2.51661770523872       -0.98000257857008
H            4.37050328858275       -3.49011777476350       -0.33594000506640
H            2.18165623394311       -0.19159921411416        2.60557576940950
H            5.66762178208705       -4.75100416581365        0.97635121297425
H            7.14662478201662       -3.85032216655055       -0.82190537663258
H            7.35634293655301       -2.34098627528665        0.12751376443123
H            7.85896871432709       -3.78835332898220        2.86349046100771
H            7.70294559058230       -5.45458466604771        2.20754418772773
32
 energy: -62.226549993585 gnorm: 0.004518215513 xtb: 6.7.1 (edcfbbe)
N            0.47040567800523        0.47614744612102        0.95367091877886
C            0.74924141003931       -0.71844464009346        0.43009731739594
C           -0.18017043407939       -1.36092990965078       -0.39602022027290
C           -1.37715049572698       -0.69581721072320       -0.62589843801520
N           -1.62585556929242        0.50890056949361       -0.12077978976482
C           -0.68372995496506        1.02852257734753        0.64086658337686
C           -2.45638741224755       -1.30813469329681       -1.46535022466942
O           -3.26828285169362       -0.70228674536134       -2.10527713106889
O           -2.40351436184898       -2.64842111706233       -1.42594730777854
C            2.03686577670948       -1.31682466049155        0.78860433346738
C            2.67744896615537       -2.24191585564451       -0.03001308014301
C            3.89292469614325       -2.79117187187226        0.33467612583507
C            4.48866073034435       -2.44919369668534        1.54434335584688
C            3.84576333586501       -1.50252237556797        2.35879135029878
C            2.64809510662736       -0.93689211153428        1.98504479539499
Cl           4.59449168164959       -1.05821389896107        3.84577094413248
O            5.65442280273951       -2.95042076242177        2.01827115948306
C            6.33553198632764       -3.93467329698197        1.29112658333862
C            7.26972229418998       -3.45552491170624        0.16182851951220
O            8.40077126486012       -4.02282715586895        0.82125903144133
C            7.63418543555693       -4.36779249609101        1.98116775885248
H           -0.00363646698319       -2.33729618327839       -0.81249747623496
H           -0.88248027850866        2.00692460460020        1.05842598423436
H           -3.11872776120685       -3.02797110869193       -1.96146965408003
H            2.24467904011589       -2.51904271087859       -0.97853136092179
H            4.38082936377229       -3.48500902213227       -0.33156047212186
H            2.16791997456653       -0.20501323209397        2.61388773229403
H            5.66933542427946       -4.76049514486258        1.01459383149483
H            7.10997806000849       -3.88764260298957       -0.82978581135207
H            7.34397748405142       -2.36539987565284        0.09202722414859
H            7.88650783019048       -3.73718421890466        2.84035593413227
H            7.72490724435169       -5.42428368806322        2.24342148296792
32
 energy: -62.226634108930 gnorm: 0.003847383906 xtb: 6.7.1 (edcfbbe)
N            0.47327111879696        0.47457911202534        0.95266661140753
C            0.75091127337778       -0.71961139251038        0.42749431350779
C           -0.17961970271596       -1.36009871496002       -0.39938952822125
C           -1.37651769384440       -0.69421332101645       -0.62786020232975
N           -1.62369056791305        0.50974080924588       -0.12095544795286
C           -0.68079749275015        1.02728261109199        0.64163060773787
C           -2.45822937454869       -1.30489020340983       -1.46391134675214
O           -3.28123469278399       -0.69917292155298       -2.08863062682093
O           -2.39513973614456       -2.64598551390526       -1.44242089425540
C            2.03784671611446       -1.31915311360813        0.78764623568062
C            2.68253673966624       -2.24300202741462       -0.02901281484338
C            3.89872551086975       -2.78875337678536        0.33898482478138
C            4.49067105888494       -2.44593685395638        1.54985801313878
C            3.84127077980891       -1.50412448732400        2.36527091973747
C            2.64388372837293       -0.94079862010861        1.98736834063739
Cl           4.58019910778420       -1.06244514849362        3.85769256052331
O            5.65958927475313       -2.94112031784187        2.02132431157553
C            6.33583179742790       -3.93389918379395        1.30169931652218
C            7.25171260295415       -3.47309047546870        0.15073378635770
O            8.39262600900794       -4.03295912088146        0.80135516692322
C            7.64562054881638       -4.35138765370866        1.97968073988853
H           -0.00428459238938       -2.33498668605886       -0.81596568546648
H           -0.87887099653250        2.00357603037560        1.06151720955784
H           -3.11146620476513       -3.02285333510666       -1.97752078254538
H            2.25351587938855       -2.52225766694426       -0.97848266570474
H            4.39101841062600       -3.48073667458136       -0.32611625661629
H            2.15871476430962       -0.21169873750269        2.61563782938120
H            5.66986598688732       -4.76760424444967        1.04853106164434
H            7.07701589780181       -3.91722698159297       -0.83325628877765
H            7.32802749239419       -2.38489222194732        0.06506445510096
H            7.90970331024172       -3.70280525181302        2.82061194346223
H            7.74402304609965       -5.40032431600230        2.26385429272378
32
 energy: -62.226709447865 gnorm: 0.003631084028 xtb: 6.7.1 (edcfbbe)
N            0.47672465528712        0.47260799591559        0.95122705144440
C            0.75325867500032       -0.72168431453411        0.42531868854251
C           -0.17862191920768       -1.36166457067569       -0.40041569140515
C           -1.37511307518551       -0.69420630209493       -0.62853761620108
N           -1.62159070512946        0.50898632221764       -0.11951835974448
C           -0.67820340677370        1.02502953744803        0.64361252873528
C           -2.45834035443975       -1.30165847193919       -1.46361038417298
O           -3.29496688081049       -0.69492067352177       -2.06943197148618
O           -2.38443108676619       -2.64340003959449       -1.46446978907553
C            2.04011950022317       -1.32114717072986        0.78589452786461
C            2.68890336726620       -2.24393642760355       -0.02835742760372
C            3.90548533195388       -2.78620687691179        0.34440837499812
C            4.49371397222410       -2.44181788922364        1.55667161510147
C            3.83811716453614       -1.50395127133588        2.37155316447289
C            2.64114920230551       -0.94335476428565        1.98848747828624
Cl           4.56616025905225       -1.06428089607981        3.86957610640809
O            5.66509380460477       -2.93158984317576        2.02701087293379
C            6.33511113220583       -3.93368125731847        1.31466557203169
C            7.22850262587076       -3.49221732024975        0.13917375401252
O            8.38146318031737       -4.04288370153286        0.77777855742316
C            7.65862789355216       -4.33308689399213        1.97678447211536
H           -0.00378680677424       -2.33651805236510       -0.81726967915507
H           -0.87638400457601        1.99989024112497        1.06645789856731
H           -3.10350221898770       -3.01530918003696       -1.99923566556082
H            2.26430118900258       -2.52553672568182       -0.97922755930687
H            4.40208596923820       -3.47710040778821       -0.31861418146882
H            2.15104710692903       -0.21604527915618        2.61499332280253
H            5.66863139532734       -4.77486080884140        1.08852556128541
H            7.03660595103311       -3.95089767266706       -0.83488747586349
H            7.30496515977618       -2.40572362700379        0.03535555344988
H            7.93773465834204       -3.66500446238523        2.79733892970862
H            7.76386826459941       -5.37467919598182        2.28384177086364
32
 energy: -62.226772162577 gnorm: 0.003119245863 xtb: 6.7.1 (edcfbbe)
N            0.47998765222542        0.47122891803094        0.94929301877273
C            0.75575528987475       -0.72397120094503        0.42466861884688
C           -0.17785602322746       -1.36617889913232       -0.39697539391941
C           -1.37336905275206       -0.69678812105218       -0.62695503610199
N           -1.61999812212544        0.50627229736566       -0.11721433402772
C           -0.67685553002812        1.02212579745362        0.64608865312136
C           -2.45666987882332       -1.30017487198228       -1.46385359489989
O           -3.30239643209911       -0.69199504575168       -2.05456077901634
O           -2.37436762884804       -2.64168332592084       -1.48713061827091
C            2.04362907254762       -1.32139476922912        0.78410807273074
C            2.69512515599597       -2.24418110737839       -0.02756365315102
C            3.91145814912400       -2.78406418108176        0.35019539689062
C            4.49712013890472       -2.43740173386831        1.56343007318959
C            3.83821130915747       -1.50014362147941        2.37555994180867
C            2.64182105924247       -0.94180895215146        1.98760117926126
Cl           4.55834808589363       -1.05960137516153        3.87664572618091
O            5.66880423352495       -2.92502130429741        2.03503788542204
C            6.33311896889498       -3.93389297514973        1.32692315983081
C            7.20482216811635       -3.50738699462056        0.13130643779647
O            8.36928735811642       -4.04762444760377        0.75801779424779
C            7.66910338960731       -4.31922481025042        1.97140817030343
H           -0.00344085251135       -2.34317128587904       -0.81169724270661
H           -0.87650110628098        1.99612337264437        1.07205939978209
H           -3.09527325908779       -3.00692448990520       -2.02435624441608
H            2.27424290822177       -2.52818031465823       -0.97957091914703
H            4.41063171663524       -3.47564083430563       -0.30998730858144
H            2.14862611317690       -0.21404851132620        2.61105328789874
H            5.66618542774124       -4.77964186768776        1.12426645945989
H            6.99840521148951       -3.97949301447276       -0.83245282834307
H            7.27685844741237       -2.42221127611866        0.01185492051860
H            7.96098002928892       -3.63963935267122        2.77577627433491
H            7.78093600058849       -5.35511170141445        2.29212348218730
32
 energy: -62.226793010154 gnorm: 0.005050044637 xtb: 6.7.1 (edcfbbe)
N            0.48287509695603        0.46753102029547        0.94999496581570
C            0.75842569144386       -0.72793031536645        0.42552545625414
C           -0.17507228644976       -1.37058036143771       -0.39551209508842
C           -1.36979439270595       -0.69939729554327       -0.62654378079322
N           -1.61723158449989        0.50295468312533       -0.11464416364530
C           -0.67487700950152        1.01830448302611        0.64938395692918
C           -2.45399356703800       -1.29745025346103       -1.46592225022044
O           -3.31679132640260       -0.68575082540389       -2.03059602303254
O           -2.35531840711916       -2.63823824880307       -1.52360222924015
C            2.04667770934255       -1.32358706997404        0.78581180388701
C            2.70199141490881       -2.24543323366981       -0.02366170246091
C            3.91830169151917       -2.78230804887127        0.35907871615220
C            4.50137081966906       -2.43145960218821        1.57287265292094
C            3.83770169534941       -1.49637309426471        2.38284395482554
C            2.64063096455457       -0.94234389289312        1.99092939462921
Cl           4.55046967345410       -1.05453040580597        3.88666887670048
O            5.67549775485888       -2.91331144794192        2.04528649516760
C            6.33058464960594       -3.93429879995363        1.34510587793089
C            7.16950852351551       -3.53386666281435        0.11478997174953
O            8.35127080100497       -4.05928084836204        0.72172686347439
C            7.68622851875960       -4.29402846640019        1.96576102898047
H           -0.00032611895510       -2.34903589259757       -0.81045652961614
H           -0.87536994922250        1.99234125834455        1.07746442710220
H           -3.07977298791350       -2.99632433847913       -2.06157341884719
H            2.28499212757225       -2.53102281572406       -0.97710100438194
H            4.42079517216613       -3.47462229908847       -0.29767820506754
H            2.14304246850763       -0.21583733345957        2.61239210431624
H            5.66269204731869       -4.78951404722668        1.18064725051593
H            6.93715743282887       -4.02903593608776       -0.83254484336391
H            7.23738640694833       -2.45029230077089       -0.03095029979418
H            8.00034304704335       -3.58510334375365        2.74056276576523
H            7.80733392247716       -5.32102426444985        2.31903998243827
32
 energy: -62.226842603627 gnorm: 0.002362428437 xtb: 6.7.1 (edcfbbe)
N            0.48163599289077        0.46831677066697        0.95091773011736
C            0.75826674956057       -0.72764911290099        0.42844197030534
C           -0.17490404912079       -1.37310757481437       -0.39075576631676
C           -1.36915434182635       -0.70242795541049       -0.62459708925945
N           -1.61797432093661        0.50044806807658       -0.11437028970574
C           -0.67696357047152        1.01740302927305        0.64997712748679
C           -2.45062402392235       -1.29999110824652       -1.46837478853051
O           -3.30952756751768       -0.68768451247451       -2.03614109306546
O           -2.35391035764632       -2.63924150915167       -1.52608754394534
C            2.04763524628369       -1.32120436008343        0.78788456701414
C            2.70083117830114       -2.24486172701169       -0.02130075998373
C            3.91654990804985       -2.78316381148970        0.36055016025277
C            4.50170571015259       -2.43086368894566        1.57300054634370
C            3.84201932820078       -1.49132655529468        2.38079751401694
C            2.64464345861706       -0.93687986770383        1.99032826297123
Cl           4.56036222558407       -1.04485666635322        3.88041526077419
O            5.67375512829784       -2.91639861016287        2.04730681508330
C            6.32902452843122       -3.93514584090499        1.34419247502454
C            7.16756757461725       -3.53095450137057        0.11774142197958
O            8.34935020460450       -4.05366229643775        0.72430852806728
C            7.68347595873313       -4.29828787399690        1.96248408844956
H            0.00005642174005       -2.35316887451576       -0.80268796532384
H           -0.87896470379931        1.99172537647995        1.07737189952794
H           -3.07653589511976       -2.99640545029646       -2.06723401354361
H            2.28189055341232       -2.53091152946021       -0.97366460354787
H            4.41636818254175       -3.47793881887955       -0.29547559615547
H            2.14964242663069       -0.20785884886162        2.61079136344685
H            5.66179295113298       -4.78798362711775        1.17707930553231
H            6.93759380008658       -4.02586771672359       -0.82842827509903
H            7.23018600850973       -2.44743756805228       -0.02670451389250
H            7.99468883134082       -3.59695685929089        2.74099815726042
H            7.80624646263821       -5.32650637854551        2.30633510471834
32
 energy: -62.226877022650 gnorm: 0.002405753518 xtb: 6.7.1 (edcfbbe)
N            0.48039338898054        0.46778069468374        0.95376781825007
C            0.75846468241218       -0.72840761988602        0.43292337884394
C           -0.17340509683353       -1.37576558518563       -0.38642897430834
C           -1.36708095258985       -0.70554266099117       -0.62350116589682
N           -1.61763810865644        0.49748962605127       -0.11424658134886
C           -0.67856838403149        1.01563850133739        0.65137986904457
C           -2.44638341227128       -1.30163879001384       -1.47177317275272
O           -3.30831742623540       -0.68766944729394       -2.03269002610764
O           -2.34217839101182       -2.63904006539496       -1.54402425219687
C            2.04867123445081       -1.31982101971665        0.79292505661578
C            2.70042567578511       -2.24573636015010       -0.01498572253268
C            3.91582115983628       -2.78453045221281        0.36662824241591
C            4.50304423878387       -2.42842046452225        1.57700631056833
C            3.84633929050078       -1.48462786224888        2.38215057625485
C            2.64794771435625       -0.93140024055722        1.99280498183642
Cl           4.56990096402196       -1.03189791696958        3.87734509657091
O            5.67478926892390       -2.91463678981970        2.05225131068105
C            6.32652426757956       -3.93647051503538        1.35002033637986
C            7.15155553218982       -3.53967543383128        0.11257996507859
O            8.34073451773837       -4.05269704738897        0.71133690749125
C            7.68783022013321       -4.29168343214951        1.95720062523431
H            0.00229605612830       -2.35668270066298       -0.79645502860692
H           -0.88216674738299        1.98998531697324        1.07822742052331
H           -3.06303200347451       -2.99443616690354       -2.08873910669086
H            2.27973771300415       -2.53318498905749       -0.96608976076102
H            4.41354081897474       -3.48241281001052       -0.28760634992040
H            2.15451745858193       -0.20040018684116        2.61211781528774
H            5.65992630537955       -4.79199950958535        1.19609346160050
H            6.91320548016119       -4.04417907444568       -0.82599750908573
H            7.20780343740519       -2.45713501401834       -0.04218353413929
H            8.00457092263658       -3.58470769850529        2.72705753123399
H            7.81746017451997       -5.31694428564839        2.30600448044002
32
 energy: -62.226954514422 gnorm: 0.002220759746 xtb: 6.7.1 (edcfbbe)
N            0.47485983130119        0.46668445084109        0.96469977978136
C            0.75794873577805       -0.72933555190688        0.44711339129287
C           -0.16885057501097       -1.38018450064625       -0.37604692555935
C           -1.36126964783191       -0.71209053267520       -0.62233812257388
N           -1.61707081064233        0.49097051682944       -0.11542961319228
C           -0.68402370428543        1.01168592449897        0.65540684194775
C           -2.43317352183427       -1.30607976175074       -1.48313380698862
O           -3.30579524512853       -0.68885885867613       -2.02450363554531
O           -2.30533153355112       -2.63824199188745       -1.59413725958665
C            2.04960911340291       -1.31632112424881        0.80984942845587
C            2.69542640975002       -2.25067475705301        0.00632906938662
C            3.91041782317856       -2.79105152773832        0.38555995614267
C            4.50566888559653       -2.42288275906362        1.58826661955908
C            3.85858584627980       -1.46613548137242        2.38639597231553
C            2.65708808395878       -0.91580364253818        2.00156431668066
Cl           4.59967587755797       -0.99442364981184        3.86776670295551
O            5.67795657062820       -2.90982453003966        2.06321567828338
C            6.31989981381102       -3.94079629249853        1.36449974334462
C            7.10812370509665       -3.56485748383378        0.09622588609953
O            8.31819914139408       -4.05021109927238        0.67441317059889
C            7.70004109691968       -4.27223654537692        1.94298882602065
H            0.00981761738276       -2.36132715129936       -0.78304477732524
H           -0.89166986293255        1.98586249423307        1.07971167420884
H           -3.02012917795948       -2.99196743907440       -2.14779175147645
H            2.26777904713963       -2.54363038006061       -0.93984170732706
H            4.40071418057660       -3.49865693888247       -0.26381425512233
H            2.16962271296273       -0.17837917096236        2.61791797510680
H            5.65558602904040       -4.80483068781127        1.24666543483670
H            6.84807790614027       -4.09593873785279       -0.82217502916872
H            7.14789058443948       -2.48564522921884       -0.08788716327663
H            8.03115163184068       -3.54658404526083        2.68887327823419
H            7.84990343499771       -5.28908351559071        2.30778030189419
32
 energy: -62.226998569767 gnorm: 0.002832554994 xtb: 6.7.1 (edcfbbe)
N            0.46813506247845        0.46684275799332        0.97610036924248
C            0.75624268260818       -0.72857577156299        0.46034800003273
C           -0.16557186083991       -1.38126148892264       -0.36769484440186
C           -1.35688480840164       -0.71510311657032       -0.62272541958722
N           -1.61734681500322        0.48780400963399       -0.11783615117839
C           -0.69001007583817        1.00965627658836        0.65916278531235
C           -2.42086857622973       -1.30971918320516       -1.49366149309449
O           -3.30023331011133       -0.69334846431470       -2.02498481770769
O           -2.27402965710259       -2.63723671352446       -1.62887589708241
C            2.04851029574805       -1.31322685085975        0.82500723305107
C            2.68638555475000       -2.25770269113750        0.02648372373090
C            3.90138828083403       -2.79982322991079        0.40227515300583
C            4.50648813792814       -2.42027622740031        1.59633912397979
C            3.86960495396460       -1.45077025138216        2.38815402556715
C            2.66596366772909       -0.90139567136563        2.00798010398889
Cl           4.62782764855862       -0.96198967333463        3.85647959835635
O            5.67989845232157       -2.90794219226939        2.06815327817079
C            6.31509537376210       -3.94458417255531        1.37137264651886
C            7.07921533815587       -3.58093399567125        0.08478349399920
O            8.30353606187387       -4.04577577282288        0.64982696110910
C            7.70663775604753       -4.25995914758514        1.93141133744908
H            0.01611475996061       -2.36146388396081       -0.77354439538535
H           -0.90135692217417        1.98324280568510        1.08154259858850
H           -2.98166441085714       -2.99292842282516       -2.19026957191388
H            2.25081989072390       -2.55778042829963       -0.91384159864171
H            4.38318009922747       -3.51711953996057       -0.24295452268801
H            2.18598079888025       -0.15627513982502        2.62113023150994
H            5.65330326333912       -4.81378064184886        1.27584258083387
H            6.80879062572270       -4.12945644861196       -0.82037966466678
H            7.10612097364133       -2.50500122499734       -0.11834574519668
H            8.04424298999315       -3.52301724203731        2.66394347940293
H            7.87121376830645       -5.27194826314047        2.30387739769780
32
 energy: -62.227034945138 gnorm: 0.002756688308 xtb: 6.7.1 (edcfbbe)
N            0.46251971696863        0.46748522097015        0.98516487194821
C            0.75452642212479       -0.72698597162713        0.46925661140121
C           -0.16367664763709       -1.37975305676886       -0.36300308972819
C           -1.35414723412486       -0.71466120401431       -0.62414594221857
N           -1.61801130559109        0.48758258703375       -0.11960433523412
C           -0.69489151359270        1.00888571273302        0.66300048295616
C           -2.41135220274558       -1.31117300146381       -1.50164904815935
O           -3.29646109421109       -0.69875731825905       -2.02867441222705
O           -2.25103589276502       -2.63555449232234       -1.64815145599125
C            2.04653781106962       -1.31144779205560        0.83465513818359
C            2.67674321023822       -2.26583554784049        0.04160110921422
C            3.89200358799113       -2.80880572589231        0.41490581046158
C            4.50618266484211       -2.41983885582121        1.60111861766709
C            3.87711820946060       -1.44062618101179        2.38759722685802
C            2.67284384340106       -0.89078961200186        2.01013033256732
Cl           4.64686163195822       -0.93979087522916        3.84655454725629
O            5.68124180749117       -2.90704203233949        2.06834825891009
C            6.31279831887745       -3.94654020793235        1.37264329641983
C            7.06515134914495       -3.58826273384576        0.07848883846856
O            8.29677838165236       -4.04040102595433        0.63824190301208
C            7.70896453541299       -4.25376838674837        1.92368567396980
H            0.01992330519229       -2.35899648460361       -0.76879354359056
H           -0.90919421705549        1.98148572788392        1.08535169976753
H           -2.95348991508306       -2.99434035954717       -2.21392943693453
H            2.23483418947645       -2.57401419376554       -0.89316316633449
H            4.36655344389079       -3.53423353760372       -0.22662624113123
H            2.19950842792784       -0.13816412095786        2.61953031992779
H            5.65299730311985       -4.81792330647253        1.28752781534473
H            6.79318790381318       -4.14629440689693       -0.82013527207959
H            7.08369162977851       -2.51482090638151       -0.13423083364909
H            8.04657999890755       -3.51351001824918        2.65254754179655
H            7.88144233006351       -5.26395789301601        2.29685668115045
32
 energy: -62.227074896296 gnorm: 0.002231006974 xtb: 6.7.1 (edcfbbe)
N            0.45613387761187        0.46706892871964        0.99765088467964
C            0.75251883735885       -0.72622136040759        0.48074784539093
C           -0.16201403712294       -1.37835302073060       -0.35576057911292
C           -1.35052789391302       -0.71279037640635       -0.62522257199434
N           -1.61815432573506        0.48837863076129       -0.12008309565070
C           -0.70052125518887        1.00713643212286        0.67085040030894
C           -2.39785526216910       -1.31036023437878       -1.51248009912958
O           -3.29290661397696       -0.70546827368169       -2.03082947503512
O           -2.21563795584777       -2.63058428624890       -1.68151114856052
C            2.04403520063938       -1.31087855609378        0.84596296201315
C            2.66350567579309       -2.28113246832427        0.06345285479135
C            3.87938365674878       -2.82323883429794        0.43566054827671
C            4.50672646342236       -2.41812223891833        1.60979766077790
C            3.88682873703294       -1.42584911222519        2.38685293996472
C            2.68229275617280       -0.87628232770269        2.01032881301259
Cl           4.66805171570479       -0.90783469565464        3.83389925257071
O            5.68565018964819       -2.90117795230569        2.06973141558683
C            6.31002567488335       -3.94816717786820        1.37839335746359
C            7.03965048023204       -3.60333233198135        0.06631127940283
O            8.28482593252662       -4.03444897087130        0.61584904774241
C            7.71688309591488       -4.23884252042067        1.91190131864989
H            0.02332768229415       -2.35715076528194       -0.76191934053677
H           -0.91920957950311        1.97780140320889        1.09601351302487
H           -2.91091502726532       -2.99099325162816       -2.25513559968130
H            2.21407758640500       -2.60440690948466       -0.86273249144754
H            4.34449787998677       -3.56139828512517       -0.19829854490021
H            2.21721875554842       -0.11186944216794        2.61176131260599
H            5.65209420150970       -4.82407300843762        1.31645754617913
H            6.76088203474738       -4.18000339400806       -0.82008721443545
H            7.04576933985756       -2.53347433164606       -0.16565549058606
H            8.05933048627237       -3.48986883406134        2.63101719468310
H            7.90076169040826       -5.24491243445538        2.29217550394827
32
 energy: -62.227090842182 gnorm: 0.002746533855 xtb: 6.7.1 (edcfbbe)
N            0.45224045701740        0.46624588577109        1.00510327868512
C            0.75011919281566       -0.72555093033581        0.48455274335897
C           -0.16333324832371       -1.37396567657471       -0.35528353820807
C           -1.35051286121310       -0.70674303920811       -0.62699617959335
N           -1.61900905681665        0.49291492058747       -0.11894413864875
C           -0.70339620670284        1.00716684526448        0.67757724858702
C           -2.39164413195057       -1.30639380256394       -1.51811408704775
O           -3.29039956462326       -0.71095584434214       -2.03977987053309
O           -2.20151737446886       -2.62484799688500       -1.68571600276148
C            2.04022102414507       -1.31306250451216        0.84823281469280
C            2.65063388610363       -2.29630066411118        0.07490301555728
C            3.86749000831574       -2.83671332106081        0.44612726004663
C            4.50523229685465       -2.42023349086734        1.61061790492222
C            3.89101065276104       -1.42020120069972        2.38134193529357
C            2.68733688553055       -0.86952150183710        2.00426913472022
Cl           4.67747237245800       -0.89265453875267        3.82117601530214
O            5.68797565080932       -2.89833290006011        2.06337851727961
C            6.31151145502536       -3.94684909305137        1.37403812055814
C            7.04281786525482       -3.60143174697332        0.06554297600974
O            8.28744968844412       -4.02821616927561        0.61772716806499
C            7.71616370067906       -4.23741289335796        1.90867537546870
H            0.02146599276146       -2.35196055751458       -0.76390736280891
H           -0.92394555267727        1.97584899373918        1.10713721523213
H           -2.89315911116184       -2.98784436618606       -2.26170154860906
H            2.19577140324779       -2.63296944035919       -0.84371080324858
H            4.32596248442607       -3.58369609841654       -0.18205204271831
H            2.22821223331303       -0.09607609991841        2.59873887981051
H            5.65421806116174       -4.82060611679407        1.31092823893774
H            6.77200776385500       -4.17899402749461       -0.82091510023367
H            7.04509893167154       -2.53333029961083       -0.16629092680519
H            8.05391272454068       -3.49293026147795        2.63453581236435
H            7.89932237674382       -5.24523206312258        2.28390794632729
32
 energy: -62.227107182504 gnorm: 0.003245373445 xtb: 6.7.1 (edcfbbe)
N            0.45213007799904        0.46404351658532        1.00752084219265
C            0.75022400473259       -0.72746417429003        0.48638520794475
C           -0.16291981505419       -1.37528498769588       -0.35426090339958
C           -1.34960988220636       -0.70742506213434       -0.62639607399158
N           -1.61895744677291        0.49130968166115       -0.11631481172534
C           -0.70392690090429        1.00480930373710        0.68125258500434
C           -2.38924789820911       -1.30471362231386       -1.52120958773630
O           -3.29526962247134       -0.70821483732688       -2.03259422893045
O           -2.19126065920163       -2.62224194467823       -1.70351341861227
C            2.04048730137652       -1.31435387329405        0.85034004303056
C            2.64891942979631       -2.30171204682009        0.08069007322883
C            3.86593720118822       -2.84103159556036        0.45249895848634
C            4.50635211320669       -2.41854730390416        1.61356806897552
C            3.89415172954771       -1.41450840086421        2.38081388708557
C            2.68963099231460       -0.86571777760149        2.00325354455615
Cl           4.68383557838373       -0.87951737328904        3.81616844505618
O            5.69035393840715       -2.89413344127298        2.06602203168937
C            6.31105051167215       -3.94642073790446        1.37933216644182
C            7.03191824161466       -3.60864737116966        0.06151206069372
O            8.28214563266405       -4.02743603633950        0.60840710573164
C            7.72124475128067       -4.23063055148324        1.90541686305358
H            0.02129315939885       -2.35373713257148       -0.76253181395446
H           -0.92505732675086        1.97295074285829        1.11212643045426
H           -2.88352402749733       -2.98215632380262       -2.28075981749549
H            2.19233758668383       -2.64287154893245       -0.83526519207825
H            4.32265295917173       -3.59198279215221       -0.17231866709362
H            2.23150330989364       -0.08946911066937        2.59466367860214
H            5.65390413074749       -4.82227413889929        1.32823033163864
H            6.75422655838635       -4.19435271403939       -0.81867183787141
H            7.02942223554103       -2.54132482844552       -0.17942093464314
H            8.06379625856457       -3.48180825538159        2.62444433728602
H            7.90898587649392       -5.23598526200719        2.28571062638272
32
 energy: -62.227119025739 gnorm: 0.001695728817 xtb: 6.7.1 (edcfbbe)
N            0.45313853976034        0.46083367538491        1.00784243715249
C            0.74970935955927       -0.73098123676092        0.48675579630994
C           -0.16441613784856       -1.37788107910162       -0.35357269378968
C           -1.35032378961946       -0.70837942138533       -0.62508175840316
N           -1.61843231935283        0.49047178820469       -0.11451687224761
C           -0.70271732756991        1.00302416360332        0.68274802456302
C           -2.39068186764520       -1.30240180047614       -1.52186298891423
O           -3.29384605461437       -0.70370443168263       -2.03238957113681
O           -2.19485966497116       -2.61908096144125       -1.70917281334821
C            2.04042360353562       -1.31718853572030        0.85063496053591
C            2.64895635934243       -2.30530215666819        0.08236767603958
C            3.86650391682671       -2.84329307291132        0.45424250754959
C            4.50731888847486       -2.41758103043718        1.61382191212993
C            3.89557036397128       -1.41199282959191        2.37953820637502
C            2.68973502681000       -0.86562557848298        2.00207733706188
Cl           4.68730376490808       -0.87232858426887        3.81192410269627
O            5.69209783582092       -2.89097788841981        2.06749483730318
C            6.31185345052828       -3.94531078383619        1.38270074635520
C            7.02871054938635       -3.61129380322497        0.06050341527390
O            8.28080660873087       -4.02805439881793        0.60438232704773
C            7.72469189478446       -4.22741234809694        1.90552617262729
H            0.01889439191756       -2.35624332061125       -0.76297820571582
H           -0.92286381817283        1.97113867351592        1.11425232721098
H           -2.88655779204742       -2.97547380039027       -2.28943594385175
H            2.19155511086355       -2.64770935155124       -0.83236672313963
H            4.32338376114038       -3.59540011749403       -0.16887630776699
H            2.23102077408088       -0.08912718110429        2.59223174664166
H            5.65422537435259       -4.82213436636613        1.33740100638131
H            6.74577324142702       -4.19996095613579       -0.81674565339543
H            7.02518752468615       -2.54386545785869       -0.18399178370983
H            8.07133124945841       -3.47585185607244        2.62046724048464
H            7.91323718147321       -5.23176195180195        2.28917853568253
32
 energy: -62.227139838787 gnorm: 0.001446126019 xtb: 6.7.1 (edcfbbe)
N            0.45374206449404        0.45511626055162        1.00976448365122
C            0.74825622583518       -0.73634845020805        0.48668745287864
C           -0.16691424009173       -1.37972100765521       -0.35533026715598
C           -1.35181690361285       -0.70755330569625       -0.62462490750953
N           -1.61852319433610        0.49010555052405       -0.11053538654688
C           -0.70158624890603        0.99982222186403        0.68710158405193
C           -2.39354258129145       -1.29697994027307       -1.52315724258103
O           -3.29754503896269       -0.69594428020912       -2.02951306312252
O           -2.19746308516564       -2.61263942472450       -1.71817337263178
C            2.03897547126412       -1.32285310681960        0.85053428424224
C            2.64504355363031       -2.31604934614945        0.08707617210561
C            3.86396566208597       -2.85120777789541        0.45855244482585
C            4.50827404390833       -2.41717067767698        1.61292482547013
C            3.89875667696639       -1.40698558583425        2.37448055147100
C            2.69121958038107       -0.86401005467877        1.99732234270255
Cl           4.69554690931944       -0.85708078710601        3.79973438036875
O            5.69491385010693       -2.88638686147612        2.06663313827451
C            6.31440978361296       -3.94255900330011        1.38448597288774
C            7.03060444484223       -3.61113026262334        0.06202381195034
O            8.28242114843264       -4.02675963432992        0.60483425552795
C            7.72730411112655       -4.22559703045056        1.90633069309609
H            0.01440926953950       -2.35733001818391       -0.76757794527361
H           -0.92007125713205        1.96727293173655        1.12084122120937
H           -2.88993544587115       -2.96442739418503       -2.30028873125017
H            2.18423185584525       -2.66482707915522       -0.82333513022889
H            4.31919460239547       -3.60758232473195       -0.16039623783471
H            2.23353391070611       -0.08420319292692        2.58360471865762
H            5.65663501528254       -4.81849009255677        1.34174244758752
H            6.74593386099698       -4.20052631933424       -0.81316869303987
H            7.02590402125453       -2.54413757559655       -0.18334447844299
H            8.07589519045276       -3.47464775714164        2.62042940608027
H            7.91495674288792       -5.23001867375909        2.28944126858147
32
 energy: -62.227163422147 gnorm: 0.002023557450 xtb: 6.7.1 (edcfbbe)
N            0.44998254786194        0.44316333452867        1.02173850977792
C            0.74376433873427       -0.74673208303761        0.49409213453161
C           -0.17065681639167       -1.38307209081590       -0.35431692049741
C           -1.35234982534321       -0.70574583077992       -0.62524391898145
N           -1.61878969700203        0.48905693448121       -0.10454606247885
C           -0.70329266872134        0.99196308362529        0.69937989851245
C           -2.39038510258537       -1.28584309712135       -1.53404457409574
O           -3.30178333197458       -0.68253475060662       -2.02564547978784
O           -2.18534289723987       -2.59602272632253       -1.75474972733973
C            2.03423179716894       -1.33382060118996        0.85811610586300
C            2.62937362272465       -2.34617749021356        0.10989133130911
C            3.85167471364859       -2.87511237580922        0.47939758745586
C            4.51083301529403       -2.41543603755968        1.61633276853779
C            3.91103228896510       -1.38842967090466        2.36403097856311
C            2.70005274298844       -0.85220540797618        1.98899147964639
Cl           4.72531649471454       -0.80809780785239        3.76781821397977
O            5.70300922411214       -2.87507593230129        2.06557822329672
C            6.31828520099710       -3.93851512087194        1.39082814814563
C            7.01984366902019       -3.61946328230565        0.05786208862622
O            8.27927386937688       -4.02023553647215        0.59386620172824
C            7.73689085901081       -4.21315140921260        1.90145082162542
H            0.00839118110259       -2.35825587178708       -0.77270230587461
H           -0.92090862083895        1.95712938280780        1.13842070740765
H           -2.87584457583026       -2.93971430400882       -2.34408670238920
H            2.15711661620258       -2.71646046864720       -0.78712714047324
H            4.29793264510422       -3.64674219033089       -0.12795233483137
H            2.24987080997959       -0.05865857630445        2.56359407419771
H            5.66234783757831       -4.81637728497605        1.36587704525290
H            6.72993126745843       -4.22147117611296       -0.80666148993113
H            7.00596200239711       -2.55557765362067       -0.20076094884800
H            8.09021892401717       -3.45785455141126        2.60806374086756
H            7.93074786746728       -5.21537940689224        2.28760754620624
32
 energy: -62.227176968161 gnorm: 0.001344233298 xtb: 6.7.1 (edcfbbe)
N            0.44981310065414        0.43745509517207        1.02336460343294
C            0.74204036980564       -0.75201789430944        0.49365402278375
C           -0.17319563394669       -1.38520190214967       -0.35632182055783
C           -1.35414550998990       -0.70556125020076       -0.62526879910665
N           -1.61892290847577        0.48842135218752       -0.10209854541929
C           -0.70240404395515        0.98876128733800        0.70214705285056
C           -2.39484820095381       -1.28037024920175       -1.53414525376367
O           -3.30567787000194       -0.67268272887907       -2.02139320487990
O           -2.19253787543615       -2.58939011810397       -1.76128115545881
C            2.03249453228266       -1.33941456594589        0.85773427240984
C            2.62705642631474       -2.35435816595139        0.11343541863390
C            3.85094604141129       -2.88029775396720        0.48245860655063
C            4.51199389330106       -2.41541353624984        1.61520196718949
C            3.91264343066773       -1.38595327702200        2.35906100166571
C            2.70046808402079       -0.85269835000053        1.98469119616440
Cl           4.73011004213606       -0.79821882588328        3.75722538107815
O            5.70536591928558       -2.87218835262402        2.06420496488873
C            6.32147093522027       -3.93646763742187        1.39205011536414
C            7.02335732943986       -3.61966394138433        0.05943706551218
O            8.28224810221576       -4.02075229248910        0.59603256149114
C            7.73937757030907       -4.21079927698894        1.90377953580760
H            0.00458211711428       -2.35910181821655       -0.77792594718632
H           -0.91788201812908        1.95366033345161        1.14253123234950
H           -2.88461615620228       -2.92885718308011       -2.35109156067758
H            2.15287142390280       -2.72919596099685       -0.78018476001316
H            4.29673655232925       -3.65356086671071       -0.12241044551241
H            2.25097677508765       -0.05698660042425        2.55641097843099
H            5.66638292793597       -4.81447935924594        1.36790958031977
H            6.73408341865119       -4.22215565525261       -0.80440054255570
H            7.01048382634238       -2.55638141453183       -0.19973887745040
H            8.09293239238210       -3.45424645318266        2.60875478236055
H            7.93252500627815       -5.21273263773652        2.29127657330042
32
 energy: -62.227188745507 gnorm: 0.001823067110 xtb: 6.7.1 (edcfbbe)
N            0.44676688442935        0.42721583179462        1.03146080407641
C            0.73812359601504       -0.76098859968767        0.49784269693874
C           -0.17700139152182       -1.38876971639066       -0.35631496525252
C           -1.35608670896920       -0.70525146696914       -0.62470035077712
N           -1.61949041902775        0.48705015968424       -0.09717431485143
C           -0.70348912937957        0.98221566732070        0.71065305661464
C           -2.39791509130379       -1.27058821029003       -1.53813832517704
O           -3.31066621916719       -0.65705892726549       -2.01363767746198
O           -2.19054258882569       -2.57569838429973       -1.78954585364452
C            2.02873277381267       -1.34834738716811        0.86165945367431
C            2.61791209412559       -2.37403595823603        0.12829147412281
C            3.84427598122761       -2.89541440052308        0.49597347637187
C            4.51424726064076       -2.41486627829727        1.61655114091819
C            3.92010012544204       -1.37492862363200        2.34976787714353
C            2.70522551153457       -0.84718198062701        1.97718979554287
Cl           4.74843526169530       -0.76660965136903        3.73280355392871
O            5.71094042089123       -2.86532954858070        2.06280242511486
C            6.32586239835868       -3.93427015516171        1.39732689117202
C            7.01830581297190       -3.62791728518839        0.05721196117425
O            8.28244778434782       -4.01999000688578        0.58997683512351
C            7.74787148978504       -4.19934004897617        1.90309892892826
H           -0.00063682608536       -2.36063244554412       -0.78306431915256
H           -0.91726359479726        1.94586931162082        1.15455514999281
H           -2.88265708213124       -2.90801209546088       -2.38345420991222
H            2.13756015403769       -2.76218539672465       -0.75583963453818
H            4.28506777806681       -3.67712382007135       -0.10157118603085
H            2.26013428781319       -0.04362882295042        2.54097826607281
H            5.67336821842540       -4.81460470668879        1.38502905507680
H            6.72635453016171       -4.23979553307406       -0.79953164725434
H            7.00090546912127       -2.56726856902449       -0.21237243150919
H            8.10407045853138       -3.43549566625202        2.59939886507579
H            7.94577075977149       -5.19786728508360        2.29787320850137
32
 energy: -62.227194677757 gnorm: 0.001290903106 xtb: 6.7.1 (edcfbbe)
N            0.44386005896643        0.42098886720879        1.03732917077747
C            0.73545355173052       -0.76578718221437        0.50025273708912
C           -0.17909077270665       -1.39009049319363       -0.35708484869602
C           -1.35695338191668       -0.70449193996846       -0.62562472952080
N           -1.62013540615019        0.48646950757331       -0.09484716676728
C           -0.70519373343626        0.97804586431084        0.71641142278629
C           -2.39783383565249       -1.26409048753527       -1.54364521777711
O           -3.31230779303811       -0.64739226341278       -2.01191711847842
O           -2.19314425815345       -2.56562368259604       -1.80220811042305
C            2.02616251738170       -1.35335511505752        0.86332540890267
C            2.61176161477038       -2.38541705522384        0.13623967602316
C            3.83941699996413       -2.90468512850265        0.50283183768973
C            4.51512405302784       -2.41561133919152        1.61609794060823
C            3.92405360520565       -1.36993227422551        2.34340136488643
C            2.70782026620536       -0.84468037925200        1.97212023697332
Cl           4.75812431001780       -0.75093337031614        3.71789171363770
O            5.71380080637769       -2.86228618747737        2.06020799909766
C            6.32950264629936       -3.93334627693607        1.39906402104602
C            7.01916548522919       -3.63231177460741        0.05617184218845
O            8.28509724892043       -4.01906920396013        0.58979841109133
C            7.75277054541321       -4.19228083788542        1.90411678520308
H           -0.00311096858442       -2.36049905735320       -0.78716335236562
H           -0.91875733611345        1.94036248699271        1.16339639380035
H           -2.88684510134870       -2.89435107311545       -2.39594864196498
H            2.12771326020970       -2.78162632634410       -0.74194291654047
H            4.27689949887426       -3.69141506215779       -0.09064037401000
H            2.26566548414869       -0.03662484294164        2.53145701718773
H            5.67907990957297       -4.81589466042243        1.39248668740849
H            6.72804000693497       -4.24942844743353       -0.79760321207333
H            6.99938016465473       -2.57312979454779       -0.21930376447041
H            8.10717340022465       -3.42420957631427        2.59622994520831
H            7.95403715296841       -5.18815289390134        2.30419884148446
32
 energy: -62.227199858229 gnorm: 0.001092722913 xtb: 6.7.1 (edcfbbe)
N            0.44193675823237        0.41942557998493        1.04118635990839
C            0.73449511303600       -0.76633949692189        0.50234532314437
C           -0.17939375939359       -1.38958967983627       -0.35645197162485
C           -1.35694778817336       -0.70371534312849       -0.62542274993436
N           -1.62104077196764        0.48627396481280       -0.09276934699536
C           -0.70725330902549        0.97642178319617        0.72061049248713
C           -2.39667318946898       -1.26205228873992       -1.54548570927446
O           -3.31389126971731       -0.64592503025718       -2.00944217495987
O           -2.18627020235989       -2.56193141731773       -1.81284655736529
C            2.02526156067081       -1.35405876097676        0.86484761260439
C            2.60769799775552       -2.39051501170959        0.14081811143883
C            3.83565983078289       -2.90951781186359        0.50675519017167
C            4.51508050755734       -2.41597061004436        1.61621541318667
C            3.92676741352589       -1.36667439417964        2.34079321758628
C            2.71030553339907       -0.84148218919625        1.97010379351997
Cl           4.76442521943602       -0.74269899729956        3.71099033332578
O            5.71458821226974       -2.86126844773212        2.05897166254919
C            6.33004450022863       -3.93401870594500        1.40015729252184
C            7.01636041281322       -3.63703808027130        0.05443803097060
O            8.28405150726474       -4.01932602917786        0.58693406238376
C            7.75501536809801       -4.18741834048948        1.90321902048094
H           -0.00294426416383       -2.35949424206650       -0.78772106154077
H           -0.92191534614079        1.93774078747513        1.16941503073112
H           -2.87947206549480       -2.89045837433047       -2.40734747216770
H            2.12105378713597       -2.79111443681407       -0.73431034067392
H            4.27051165601492       -3.69997034312205       -0.08411253693694
H            2.27056753698693       -0.03026165714879        2.52718506425212
H            5.68099890968024       -4.81749773594771        1.39826203068319
H            6.72503192456636       -4.25791957959778       -0.79637317065069
H            6.99398182403746       -2.57921791908679       -0.22528917094638
H            8.10891392837921       -3.41465264276133        2.59110900922846
H            7.95978246403204       -5.18058454950861        2.30831521189840
32
 energy: -62.227204194464 gnorm: 0.000383450321 xtb: 6.7.1 (edcfbbe)
N            0.44208788197758        0.41959584843941        1.04119591357944
C            0.73474364434174       -0.76577876225028        0.50175173568271
C           -0.17927676320708       -1.38884699225003       -0.35708490928798
C           -1.35725899475584       -0.70331803173013       -0.62494254780421
N           -1.62182588422863        0.48602813071165       -0.09117348202994
C           -0.70777133150926        0.97616797652915        0.72182388871502
C           -2.39743548812509       -1.26221868581196       -1.54424006023677
O           -3.31575632699921       -0.64751359938068       -2.00713892577979
O           -2.18438621444186       -2.56095817353255       -1.81411410555257
C            2.02555210389932       -1.35364957234688        0.86394119419498
C            2.60790922019202       -2.38969950810214        0.13944749036887
C            3.83567545125677       -2.90916363766330        0.50537024055810
C            4.51467679505512       -2.41635753549611        1.61528952981629
C            3.92656628557810       -1.36737009107855        2.34038711973349
C            2.71027557435599       -0.84171789428707        1.96958018425481
Cl           4.76437668876344       -0.74430314826318        3.71084680484159
O            5.71401244342535       -2.86169928938301        2.05861522507205
C            6.32995761809302       -3.93458887810872        1.40049597758645
C            7.01672476007115       -3.63853648394043        0.05494065144524
O            8.28416599491307       -4.02073013634831        0.58735986696920
C            7.75506741959872       -4.18661587177633        1.90362617909630
H           -0.00273268183872       -2.35862957353536       -0.78864210468386
H           -0.92294271787657        1.93694292646884        1.17148286685567
H           -2.87765099398715       -2.88999108950263       -2.40843256335097
H            2.12133940618744       -2.78913607214388       -0.73613820601368
H            4.27070215904220       -3.69936329186757       -0.08537831564226
H            2.27044629882520       -0.03084637019042        2.52695761028453
H            5.68134871443187       -4.81796466229168        1.39935227848358
H            6.72461648135526       -4.25987278097076       -0.79496011565162
H            6.99417487678042       -2.58080503116261       -0.22507969513195
H            8.10842139291595       -3.41226651884683        2.58887425334974
H            7.96092618590738       -5.17764319988974        2.31108602028003
